stat_date,weekday,branch_code,branch_name,branch_kind,region,is_free_trade_zone,open_windows,staff_on_duty,counter_txn_cnt,smart_device_txn_cnt,mobile_txn_cnt,avg_wait_minutes,max_wait_minutes,txn_error_cnt,complaint_cnt,post_review_cnt,customer_satisfaction,op_cost_ratio,total_txn_cnt,e_channel_rate,error_rate,complaint_per_10k,post_review_rate,txn_per_staff,txn_per_window,capacity_utilization,vol_wd_base,wait_wd_base,err_wd_base,comp_wd_base,ech_wd_base,cost_wd_base,counter_txn_ma21,wait_ma21,error_rate_ma21,complaint_ma21,err_cnt_7d,txn_cnt_7d,error_rate_7d,vol_dev,wait_dev,err_dev,comp_dev,ech_dev,cost_dev,vol_step,wait_step,error_rate_7d_dev,comp_per_10k_abs_delta,vol_shift_dir,vol_shift_up_days,vol_shift_dn_days,wait_shift_dir,wait_shift_up_days,wait_shift_dn_days,counter_txn_dev,counter_txn_step,complaint_dev,e_channel_ma7,wait_ma7,op_cost_ratio_ma7
2026-06-22,1,SH001,浦东新区第1支行,综合支行,浦东新区,0,7,17,170,243,149,8.73,19.55,0,0,1,4.632,0.27809,562,0.697508896797153,0.0,0.0,0.0058823529411764705,10.0,24.285714285714285,0.6476190476190475,,,,,,,,,,,,,,,,,,,,,,,,0,0,0,0,0,0,,,,,,
2026-06-23,2,SH001,浦东新区第1支行,综合支行,浦东新区,0,7,17,158,227,139,8.45,19.46,2,0,9,4.679,0.30024,524,0.6984732824427481,0.012658227848101266,0.0,0.056962025316455694,9.294117647058824,22.571428571428573,0.6019047619047619,,,,,,,,,,,,,,,,,,,,,,,,0,0,0,0,0,0,,,,,,
2026-06-24,3,SH001,浦东新区第1支行,综合支行,浦东新区,0,7,16,153,219,134,7.62,20.18,0,0,0,4.638,0.28504,506,0.6976284584980237,0.0,0.0,0.0,9.5625,21.857142857142858,0.5828571428571429,,,,,,,,,,,,,,,,,,,,,,,,0,0,0,0,0,0,,,,,,
2026-06-25,4,SH001,浦东新区第1支行,综合支行,浦东新区,0,7,16,150,216,132,8.21,24.74,2,0,4,4.531,0.27368000000000003,498,0.6987951807228916,0.013333333333333334,0.0,0.02666666666666667,9.375,21.428571428571427,0.5714285714285714,,,,,,,,,,,,,,,,,,,,,,,,0,0,0,0,0,0,,,,,,
2026-06-26,5,SH001,浦东新区第1支行,综合支行,浦东新区,0,7,16,157,225,138,8.32,22.71,1,0,5,4.61,0.26901,520,0.698076923076923,0.006369426751592357,0.0,0.03184713375796178,9.8125,22.428571428571427,0.598095238095238,,,,,,,,,,,5.0,788.0,0.006345177664974619,,,,,,,,,,,0,0,0,0,0,0,,,,,,
2026-06-27,6,SH001,浦东新区第1支行,综合支行,浦东新区,0,7,16,170,244,149,8.67,24.2,0,0,3,4.721,0.27385000000000004,563,0.6980461811722913,0.0,0.0,0.01764705882352941,10.625,24.285714285714285,0.6476190476190475,,,,,,,157.6,8.266,0.006472197586605391,0.0,5.0,958.0,0.005219206680584551,,,,,,,0.07868020304568532,0.04887490926687635,-0.1935958983412344,,0,0,0,0,0,0,,0.07868020304568532,,,,
2026-06-28,7,SH001,浦东新区第1支行,综合支行,浦东新区,0,7,17,50,72,44,2.21,5.18,0,0,1,4.532,0.27115,166,0.6987951807228916,0.0,0.0,0.02,2.9411764705882355,7.142857142857143,0.1904761904761905,,,,,,,159.66666666666666,8.333333333333334,0.0053934979888378256,0.0,5.0,1008.0,0.00496031746031746,,,,,,,-0.6868475991649269,-0.7348,-0.08031532215583637,,0,0,0,0,0,0,,-0.6868475991649269,,,,
2026-06-29,1,SH001,浦东新区第1支行,综合支行,浦东新区,0,7,17,177,253,155,10.3,31.98,1,0,3,4.628,0.27908000000000005,585,0.6974358974358974,0.005649717514124294,0.0,0.01694915254237288,10.411764705882353,25.285714285714285,0.6742857142857143,,,,,,,144.0,7.458571428571429,0.004622998276146708,0.0,6.0,1015.0,0.005911330049261084,,,,,,,0.22916666666666666,0.3809615016280406,0.2786788348509201,,0,0,0,0,0,0,,0.22916666666666666,,,,
2026-06-30,2,SH001,浦东新区第1支行,综合支行,浦东新区,0,7,16,167,239,146,8.57,26.79,2,0,10,4.691,0.27088,552,0.697463768115942,0.011976047904191617,0.0,0.059880239520958084,10.4375,23.857142857142858,0.6361904761904762,,,,,,,148.125,7.813750000000001,0.0047513381808939065,0.0,6.0,1024.0,0.005859375,,,,,,,0.12742616033755275,0.09678451447768352,0.23320521017883636,,0,0,0,0,0,0,,0.12742616033755275,,,,
2026-07-01,3,SH001,浦东新区第1支行,综合支行,浦东新区,0,7,16,163,233,143,8.67,27.22,3,0,4,4.594,0.26356,539,0.6975881261595547,0.018404907975460124,0.0,0.024539877300613498,10.1875,23.285714285714285,0.6209523809523809,,,,,,,150.22222222222223,7.897777777777778,0.005554083705704763,0.0,9.0,1034.0,0.008704061895551257,,,,,,,0.08505917159763308,0.09777715250422059,0.5671463299357657,,0,0,0,0,0,0,,0.08505917159763308,,,,
2026-07-02,4,SH001,浦东新区第1支行,综合支行,浦东新区,0,7,16,161,232,142,8.89,24.48,1,0,4,4.583,0.27955,535,0.6990654205607477,0.006211180124223602,0.0,0.024844720496894408,10.0625,23.0,0.6133333333333333,,,,,,,151.5,7.975,0.0068391661326803,0.0,8.0,1045.0,0.007655502392344498,,,,,,,0.0627062706270627,0.11473354231974933,0.11936195785088675,,0,0,0,0,0,0,,0.0627062706270627,,,,
2026-07-03,5,SH001,浦东新区第1支行,综合支行,浦东新区,0,7,15,170,243,149,9.6,30.51,1,0,7,4.625,0.27883,562,0.697508896797153,0.0058823529411764705,0.0,0.041176470588235294,11.333333333333334,24.285714285714285,0.6476190476190475,,,,,,,152.36363636363637,8.058181818181819,0.006782076495547872,0.0,8.0,1058.0,0.007561436672967864,,,,,,,0.11575178997613357,0.19133574007220205,0.11491468401036269,,0,0,0,0,0,0,,0.11575178997613357,,,,
2026-07-04,6,SH001,浦东新区第1支行,综合支行,浦东新区,0,7,16,184,264,162,10.16,22.29,0,0,3,4.65,0.26374000000000003,610,0.6983606557377049,0.0,0.0,0.016304347826086956,11.5,26.285714285714285,0.7009523809523809,,,,,,,153.83333333333334,8.186666666666667,0.006707099532683589,0.0,8.0,1072.0,0.007462686567164179,,,,,,,0.19609967497291433,0.24104234527687288,0.11265481163633044,,0,0,0,0,0,0,,0.19609967497291433,,,,
2026-07-05,7,SH001,浦东新区第1支行,综合支行,浦东新区,0,7,16,54,78,48,1.48,4.1,0,0,2,4.549,0.26191000000000003,180,0.7,0.0,0.0,0.037037037037037035,3.375,7.714285714285714,0.2057142857142857,,,,,,,156.15384615384616,8.338461538461539,0.0061911687994002365,0.0,8.0,1076.0,0.007434944237918215,,,,,,,-0.6541871921182266,-0.8225092250922509,0.20089509409571718,,0,0,0,0,0,0,,-0.6541871921182266,,,,
2026-07-06,1,SH001,浦东新区第1支行,综合支行,浦东新区,0,7,16,191,273,167,12.16,24.9,0,0,2,4.5760000000000005,0.27549,631,0.6973058637083994,0.0,0.0,0.010471204188481676,11.9375,27.285714285714285,0.7276190476190476,173.5,9.515,0.002824858757062147,0.0,0.6974723971165252,0.278585,148.85714285714286,7.848571428571428,0.005748942456585934,0.0,7.0,1090.0,0.006422018348623854,0.10086455331412104,0.2779821334734629,-1.0,,-0.00023876702334638383,-0.01110971516772265,0.28310940499040305,0.5493265380415,0.11707820997005289,0.0,0,0,0,0,1,0,0.10086455331412104,0.28310940499040305,,0.6974723971165252,9.515,0.278585
2026-07-07,2,SH001,浦东新区第1支行,综合支行,浦东新区,0,7,16,179,256,157,10.05,25.84,0,0,3,4.599,0.27258000000000004,592,0.6976351351351351,0.0,0.0,0.01675977653631285,11.1875,25.571428571428573,0.6819047619047619,162.5,8.51,0.012317137876146442,0.0,0.697968525279345,0.28556000000000004,151.66666666666666,8.136000000000001,0.005365679626146871,0.0,5.0,1102.0,0.004537205081669692,0.10153846153846154,0.1809635722679202,-1.0,,-0.0004776578486494572,-0.04545454545454542,0.1802197802197803,0.23525073746312677,-0.15440253652865077,0.0,0,0,0,0,2,0,0.10153846153846154,0.1802197802197803,,0.697968525279345,8.51,0.28556000000000004
2026-07-08,3,SH001,浦东新区第1支行,综合支行,浦东新区,0,7,15,173,248,152,9.43,26.79,0,0,2,4.617,0.28008,573,0.6980802792321117,0.0,0.0,0.011560693641618497,11.533333333333333,24.714285714285715,0.6590476190476191,158.0,8.145,0.009202453987730062,0.0,0.6976082923287892,0.2743,153.375,8.255625,0.005030324649512692,0.0,2.0,1112.0,0.0017985611510791368,0.0949367088607595,0.15776550030693678,-1.0,,0.000676578688230466,0.021071819176084607,0.12795436022819887,0.1422514951926716,-0.6424562475796923,0.0,0,0,0,0,3,0,0.0949367088607595,0.12795436022819887,,0.6976082923287892,8.145,0.2743
2026-07-09,4,SH001,浦东新区第1支行,综合支行,浦东新区,0,7,17,170,243,149,8.34,20.74,0,0,4,4.652,0.27916,562,0.697508896797153,0.0,0.0,0.023529411764705882,10.0,24.285714285714285,0.6476190476190475,155.5,8.55,0.009772256728778468,0.0,0.6989303006418197,0.27661500000000006,154.52941176470588,8.324705882352943,0.004734423199541357,0.0,1.0,1121.0,0.0008920606601248885,0.0932475884244373,-0.024561403508772027,-1.0,,-0.002033684679804917,0.009200513348878272,0.10011419870574799,0.001837196156020173,-0.8115798646366666,0.0,0,0,0,0,3,0,0.0932475884244373,0.10011419870574799,,0.6989303006418197,8.55,0.27661500000000006
2026-07-10,5,SH001,浦东新区第1支行,综合支行,浦东新区,0,7,17,176,253,155,9.89,31.42,1,0,2,4.518,0.27795000000000003,584,0.6986301369863014,0.005681818181818182,0.0,0.011363636363636364,10.352941176470589,25.142857142857142,0.6704761904761904,163.5,8.96,0.006125889846384414,0.0,0.697792909937038,0.27392000000000005,155.38888888888889,8.325555555555557,0.0044713996884557265,0.0,1.0,1127.0,0.0008873114463176575,0.0764525993883792,0.10379464285714282,-0.07249096469279954,,0.0011998216624742007,0.014712324766355056,0.13264211655345015,0.18790871480048035,-0.8015584586167681,0.0,0,0,0,0,3,0,0.0764525993883792,0.13264211655345015,,0.697792909937038,8.96,0.27392000000000005
2026-07-11,6,SH001,浦东新区第1支行,综合支行,浦东新区,0,7,17,189,271,166,11.34,34.86,0,0,0,4.557,0.2916,626,0.6980830670926518,0.0,0.0,0.0,11.117647058823529,27.0,0.72,177.0,9.415,0.0,0.0,0.6982034184549981,0.268795,156.47368421052633,8.407894736842104,0.004535105924948487,0.0,1.0,1132.0,0.0008833922261484099,0.06779661016949153,0.20446096654275103,,,-0.0001723729205059675,0.084841607916814,0.20787083753784047,0.3487323943661973,-0.8052102330645244,0.0,0,0,0,0,3,0,0.06779661016949153,0.20787083753784047,,0.6982034184549981,9.415,0.268795
2026-07-12,7,SH001,浦东新区第1支行,综合支行,浦东新区,0,7,16,55,79,48,2.39,7.55,0,0,1,4.626,0.26751,182,0.6978021978021978,0.0,0.0,0.01818181818181818,3.4375,7.857142857142857,0.2095238095238095,52.0,1.845,0.0,0.0,0.6993975903614458,0.26653000000000004,158.1,8.5545,0.004308350628701062,0.0,1.0,1133.0,0.00088261253309797,0.057692307692307696,0.2953929539295394,,,-0.00228109530435116,0.0036768844032565966,-0.6521189120809614,-0.7206148810567538,-0.7951391125833063,0.0,0,0,0,0,3,0,0.057692307692307696,-0.6521189120809614,,0.6993975903614458,1.845,0.26653000000000004
2026-07-13,1,SH001,浦东新区第1支行,综合支行,浦东新区,0,7,16,190,273,167,11.91,25.69,2,0,9,4.588,0.26238,630,0.6984126984126984,0.010526315789473684,0.0,0.04736842105263158,11.875,27.142857142857142,0.7238095238095238,177.0,10.3,0.0,0.0,0.6974358974358974,0.27809,153.1904761904762,8.26095238095238,0.004103191074953392,0.0,3.0,1132.0,0.00265017667844523,0.07344632768361582,0.15631067961165043,,,0.0014005602240896309,-0.05649250242727175,0.24028598072738566,0.4417223887479826,-0.35411814121394947,0.0,0,0,0,0,3,0,0.07344632768361582,0.24028598072738566,,0.6974358974358974,10.3,0.27809
2026-07-14,2,SH001,浦东新区第1支行,综合支行,浦东新区,0,7,16,176,253,155,9.7,28.93,1,0,2,4.68,0.29003,584,0.6986301369863014,0.005681818181818182,0.0,0.011363636363636364,11.0,25.142857142857142,0.6704761904761904,167.0,8.57,0.011976047904191617,0.0,0.6976351351351351,0.27258000000000004,154.14285714285714,8.412380952380953,0.004604444207785473,0.0,4.0,1129.0,0.00354295837023915,0.05389221556886228,0.1318553092182029,-0.5255681818181819,,0.0014262496268533883,0.06401790300095371,0.14179796107506953,0.15306237971244174,-0.23053506343968694,0.0,0,0,0,1,4,0,0.05389221556886228,0.14179796107506953,,0.6976351351351351,8.57,0.27258000000000004
2026-07-15,3,SH001,浦东新区第1支行,综合支行,浦东新区,0,7,16,168,241,148,9.49,27.33,0,0,1,4.672,0.27774000000000004,557,0.6983842010771992,0.0,0.0,0.005952380952380952,10.5,24.0,0.64,163.0,8.67,0.0,0.0,0.6976284584980237,0.28008,155.0,8.471904761904762,0.004272234223676755,0.0,4.0,1124.0,0.0035587188612099642,0.03067484662576687,0.09457900807381779,,,0.0010833023939456814,-0.00835475578406153,0.08387096774193549,0.12017312124107699,-0.16701222945888194,0.0,0,0,0,1,4,0,0.03067484662576687,0.08387096774193549,,0.6976284584980237,8.67,0.28008
2026-07-16,4,SH001,浦东新区第1支行,综合支行,浦东新区,0,7,16,164,235,144,8.7,22.62,1,0,5,4.645,0.27868000000000004,543,0.6979742173112339,0.006097560975609756,0.0,0.03048780487804878,10.25,23.428571428571427,0.6247619047619047,161.0,8.34,0.006211180124223602,0.0,0.6987951807228916,0.27916,155.71428571428572,8.560952380952381,0.004272234223676755,0.0,5.0,1118.0,0.004472271914132379,0.018633540372670808,0.04316546762589921,-0.018292682926829167,,-0.001174826951165352,-0.0017194440464249191,0.053211009174311874,0.016242073645566703,0.046822734892907746,0.0,0,0,0,0,3,0,0.018633540372670808,0.053211009174311874,,0.6987951807228916,8.34,0.27916
2026-07-17,5,SH001,浦东新区第1支行,综合支行,浦东新区,0,7,16,169,242,148,8.95,27.51,0,0,5,4.577,0.2733,559,0.6976744186046512,0.0,0.0,0.029585798816568046,10.5625,24.142857142857142,0.6438095238095238,170.0,9.6,0.0058823529411764705,0.0,0.698076923076923,0.27795000000000003,156.38095238095238,8.584285714285715,0.0039276736352137276,0.0,4.0,1111.0,0.0036003600360036,-0.0058823529411764705,-0.06770833333333337,-1.0,,-0.0005765904285988056,-0.016729627630869014,0.08069427527405604,0.04260276252288223,-0.08333523342560419,0.0,0,0,0,0,2,0,-0.0058823529411764705,0.08069427527405604,,0.698076923076923,9.6,0.27795000000000003
2026-07-18,6,SH001,浦东新区第1支行,综合支行,浦东新区,0,7,15,180,257,158,10.15,25.16,1,0,5,4.574,0.27497000000000005,595,0.6974789915966386,0.005555555555555556,0.0,0.027777777777777776,12.0,25.714285714285715,0.6857142857142857,184.0,10.16,0.0,0.0,0.6980830670926518,0.27385000000000004,156.95238095238096,8.614285714285714,0.003624367599423615,0.0,5.0,1102.0,0.004537205081669692,-0.021739130434782608,-0.000984251968503916,,,-0.0008653346922293732,0.004089830199014094,0.14684466019417466,0.17827529021558883,0.25186117500643296,0.0,0,0,0,0,1,0,-0.021739130434782608,0.14684466019417466,,0.6980830670926518,10.16,0.27385000000000004
2026-07-19,7,SH001,浦东新区第1支行,综合支行,浦东新区,0,7,16,52,75,46,1.97,4.66,0,0,0,4.658,0.26979000000000003,173,0.6994219653179191,0.0,0.0,0.0,3.25,7.428571428571429,0.1980952380952381,54.0,2.21,0.0,0.0,0.6987951807228916,0.26751,157.42857142857142,8.684761904761904,0.0038889178639738794,0.0,5.0,1099.0,0.004549590536851683,-0.037037037037037035,-0.1085972850678733,,,0.0008969503687462766,0.008523045867444222,-0.6696914700544464,-0.7731659173154951,0.1698859929642991,0.0,0,0,0,0,0,0,-0.037037037037037035,-0.6696914700544464,,0.6987951807228916,2.21,0.26751
2026-07-20,1,SH001,浦东新区第1支行,综合支行,浦东新区,0,7,16,180,258,158,11.24,26.74,1,0,5,4.557,0.27853,596,0.697986577181208,0.005555555555555556,0.0,0.027777777777777776,11.25,25.714285714285715,0.6857142857142857,183.5,11.105,0.002824858757062147,0.0,0.6974723971165252,0.27679,157.52380952380952,8.673333333333332,0.0038889178639738794,0.0,4.0,1089.0,0.0036730945821854912,-0.01907356948228883,0.01215668617739755,0.9666666666666668,,0.0007372048941414128,0.006286354275804832,0.14268440145102784,0.29592621060722546,-0.05549700182349693,0.0,0,0,0,0,0,0,-0.01907356948228883,0.14268440145102784,,0.6974723971165252,11.105,0.27679
2026-07-21,2,SH001,浦东新区第1支行,综合支行,浦东新区,0,7,15,167,240,147,8.64,19.7,0,0,5,4.607,0.27663000000000004,554,0.6985559566787004,0.0,0.0,0.029940119760479042,11.133333333333333,23.857142857142858,0.6361904761904762,171.5,9.135,0.008828933043004899,0.0,0.6980542087889416,0.281305,157.66666666666666,8.71809523809524,0.0038844339611848917,0.0,3.0,1080.0,0.002777777777777778,-0.026239067055393587,-0.054187192118226514,-1.0,,0.000718780695598482,-0.01661897228986326,0.05919661733615229,-0.0089578326414683,-0.2848950952610722,0.0,0,0,0,0,0,0,-0.026239067055393587,0.05919661733615229,,0.6980542087889416,9.135,0.281305
2026-07-22,3,SH001,浦东新区第1支行,综合支行,浦东新区,0,7,16,161,230,141,8.69,22.21,1,0,4,4.679,0.28234000000000004,532,0.6973684210526315,0.006211180124223602,0.0,0.024844720496894408,10.0625,23.0,0.6133333333333333,165.5,9.05,0.0,0.0,0.6978543688650677,0.27891,157.66666666666666,8.72142857142857,0.0033141459657471963,0.0,4.0,1073.0,0.003727865796831314,-0.027190332326283987,-0.03977900552486201,,,-0.0006963455903077107,0.012297873866121847,0.021141649048625855,-0.0036036036036034692,0.12483452308982466,0.0,0,0,0,0,0,0,-0.027190332326283987,0.021141649048625855,,0.6978543688650677,9.05,0.27891
2026-07-23,4,SH001,浦东新区第1支行,综合支行,浦东新区,0,7,15,158,226,138,7.93,16.49,0,0,3,4.547,0.27048,522,0.6973180076628352,0.0,0.0,0.0189873417721519,10.533333333333333,22.571428571428573,0.6019047619047619,162.5,8.52,0.006154370549916679,0.0,0.6983846990170628,0.27892000000000006,157.57142857142858,8.722380952380954,0.0027334922585454564,0.0,3.0,1067.0,0.0028116213683223993,-0.027692307692307693,-0.0692488262910798,-1.0,,-0.0015273693076736257,-0.030259572637315563,0.002719854941069732,-0.09084457061745939,0.02858215878705904,0.0,0,0,0,0,0,0,-0.027692307692307693,0.002719854941069732,,0.6983846990170628,8.52,0.27892000000000006
2026-07-24,5,SH001,浦东新区第1支行,综合支行,浦东新区,0,7,17,164,235,144,8.0,23.93,0,0,5,4.6530000000000005,0.27204,543,0.6979742173112339,0.0,0.0,0.03048780487804878,9.647058823529411,23.428571428571427,0.6247619047619047,169.5,9.274999999999999,0.005782085561497326,0.0,0.6978756708407872,0.275625,157.42857142857142,8.676666666666666,0.002437721776439571,0.0,3.0,1062.0,0.002824858757062147,-0.032448377581120944,-0.1374663072776279,-1.0,,0.00014120920754836944,-0.013006802721088452,0.04174228675136124,-0.07798693814829034,0.15881097849813328,0.0,0,0,0,0,0,1,-0.032448377581120944,0.04174228675136124,,0.6978756708407872,9.274999999999999,0.275625
2026-07-25,6,SH001,浦东新区第1支行,综合支行,浦东新区,0,7,16,177,253,155,10.07,27.61,1,0,2,4.622,0.30185,585,0.6974358974358974,0.005649717514124294,0.0,0.011299435028248588,11.0625,25.285714285714285,0.6742857142857143,182.0,10.155000000000001,0.0,0.0,0.6980646241324715,0.27441000000000004,157.14285714285714,8.60047619047619,0.002157609731621644,0.0,3.0,1059.0,0.0028328611898017,-0.027472527472527472,-0.008370260955194568,,,-0.0009006711912316972,0.09999635581793652,0.1263636363636364,0.17086540058690006,0.3129627421881073,0.0,0,0,0,0,0,1,-0.027472527472527472,0.1263636363636364,,0.6980646241324715,10.155000000000001,0.27441000000000004
2026-07-26,7,SH001,浦东新区第1支行,综合支行,浦东新区,0,7,15,52,75,46,2.38,5.1,0,0,1,4.651,0.267,173,0.6994219653179191,0.0,0.0,0.019230769230769232,3.466666666666667,7.428571428571429,0.1980952380952381,53.0,2.09,0.0,0.0,0.6991085730204054,0.26865000000000006,156.8095238095238,8.596190476190477,0.0024266438989608958,0.0,3.0,1059.0,0.0028328611898017,-0.018867924528301886,0.13875598086124405,,,0.00044827414454343497,-0.006141820212172119,-0.6683874886122076,-0.7231331708397962,0.16739880582179728,0.0,0,0,0,0,1,1,-0.018867924528301886,-0.6683874886122076,,0.6991085730204054,2.09,0.26865000000000006
2026-07-27,1,SH001,浦东新区第1支行,综合支行,浦东新区,0,7,15,182,261,160,12.19,37.05,2,0,6,4.459,0.2836,603,0.6981757877280266,0.01098901098901099,0.0,0.03296703296703297,12.133333333333333,26.0,0.6933333333333334,185.0,11.575,0.005602636534839925,0.0,0.6977112373085528,0.27701,156.71428571428572,8.63904761904762,0.0024266438989608958,0.0,4.0,1061.0,0.003770028275212064,-0.016216216216216217,0.05313174946004322,0.9613999445932219,,0.0006658204635857918,0.023789754882495365,0.1613491340018231,0.4110351670157643,0.5535976567581317,0.0,0,0,0,0,1,1,-0.016216216216216217,0.1613491340018231,,0.6977112373085528,11.575,0.27701
2026-07-28,2,SH001,浦东新区第1支行,综合支行,浦东新区,0,7,15,172,246,151,9.32,21.71,0,0,6,4.671,0.26687,569,0.6977152899824253,0.0,0.0,0.03488372093023256,11.466666666666667,24.571428571428573,0.6552380952380953,171.5,9.17,0.002840909090909091,0.0,0.6980955459069178,0.27460500000000004,156.28571428571428,8.64047619047619,0.002949930136532848,0.0,4.0,1066.0,0.00375234521575985,0.0029154518950437317,0.016357688113413343,-1.0,,-0.0005447046994097802,-0.028167731832996656,0.10054844606946989,0.07864425461559657,0.272011553524487,0.0,0,0,0,0,1,1,0.0029154518950437317,0.10054844606946989,,0.6980955459069178,9.17,0.27460500000000004
2026-07-29,3,SH001,浦东新区第1支行,综合支行,浦东新区,0,7,17,167,240,147,9.45,28.75,2,0,5,4.484,0.27538,554,0.6985559566787004,0.011976047904191617,0.0,0.029940119760479042,9.823529411764707,23.857142857142858,0.6361904761904762,165.5,9.059999999999999,0.003105590062111801,0.0,0.6978342026958332,0.27891,155.95238095238096,8.605714285714285,0.002949930136532848,0.0,5.0,1072.0,0.0046641791044776115,0.00906344410876133,0.04304635761589411,2.8562874251497012,,0.0010342771679562066,-0.01265641246280154,0.07083969465648847,0.09810756972111555,0.5811151073427041,0.0,0,0,0,0,1,0,0.00906344410876133,0.07083969465648847,,0.6978342026958332,9.059999999999999,0.27891
2026-07-30,4,SH001,浦东新区第1支行,综合支行,浦东新区,0,7,16,166,238,146,9.44,21.97,1,0,7,4.635,0.28117000000000003,550,0.6981818181818182,0.006024096385542169,0.0,0.04216867469879518,10.375,23.714285714285715,0.6323809523809524,162.5,8.52,0.003048780487804878,0.0,0.6977415570541934,0.27892000000000006,155.66666666666666,8.606666666666666,0.0035202181319705437,0.0,6.0,1080.0,0.005555555555555556,0.021538461538461538,0.10798122065727699,0.9759036144578314,,0.0006309802292464823,0.008066829198336347,0.06638115631691656,0.0968241673121612,0.5781850292458078,0.0,0,0,0,0,1,0,0.021538461538461538,0.06638115631691656,,0.6977415570541934,8.52,0.27892000000000006
2026-07-31,5,SH001,浦东新区第1支行,综合支行,浦东新区,0,7,16,174,250,153,9.26,18.84,0,0,3,4.5809999999999995,0.29051000000000005,577,0.6984402079722704,0.0,0.0,0.017241379310344827,10.875,24.857142857142858,0.6628571428571429,169.5,9.274999999999999,0.002840909090909091,0.0,0.6978243179579425,0.275625,155.47619047619048,8.659047619047618,0.0038070798646154093,0.0,6.0,1090.0,0.005504587155963303,0.02654867256637168,-0.0016172506738543174,-1.0,,0.0008825860585227467,0.054004535147392424,0.11914241960183763,0.06940167179938421,0.44588171294362267,0.0,0,0,0,0,0,0,0.02654867256637168,0.11914241960183763,,0.6978243179579425,9.274999999999999,0.275625
2026-08-01,6,SH001,浦东新区第1支行,综合支行,浦东新区,0,7,15,188,269,165,10.51,28.03,0,0,4,4.596,0.27013000000000004,622,0.6977491961414791,0.0,0.0,0.02127659574468085,12.533333333333333,26.857142857142858,0.7161904761904762,182.0,10.155000000000001,0.002777777777777778,0.0,0.6977810293446451,0.283285,155.38095238095238,8.62904761904762,0.0035365170940526384,0.0,5.0,1101.0,0.004541326067211626,0.03296703296703297,0.034958148695223894,-1.0,,-4.5620619975751374e-05,-0.04643733342746694,0.20992951271835736,0.21797914022404927,0.2841238841595804,0.0,0,0,0,0,0,0,0.03296703296703297,0.20992951271835736,,0.6977810293446451,10.155000000000001,0.283285
2026-08-02,7,SH001,浦东新区第1支行,综合支行,浦东新区,0,7,15,56,80,49,2.2,7.03,0,0,1,4.486,0.26215,185,0.6972972972972973,0.0,0.0,0.017857142857142856,3.7333333333333334,8.0,0.21333333333333335,53.0,2.175,0.0,0.0,0.6994219653179191,0.267255,155.33333333333334,8.58952380952381,0.0035365170940526384,0.0,5.0,1105.0,0.004524886877828055,0.05660377358490566,0.011494252873563383,,,-0.0030377484922940266,-0.019101607079381213,-0.6394849785407726,-0.7438740436855527,0.279475471909229,0.0,0,0,0,0,0,0,0.05660377358490566,-0.6394849785407726,,0.6994219653179191,2.175,0.267255
2026-08-03,1,SH001,浦东新区第1支行,综合支行,浦东新区,0,7,16,195,280,172,13.39,34.24,1,0,5,4.585,0.2877,647,0.6986089644513137,0.005128205128205128,0.0,0.02564102564102564,12.1875,27.857142857142858,0.7428571428571429,186.0,12.035,0.00804093567251462,0.0,0.6980811824546174,0.27701,155.38095238095238,8.58047619047619,0.0035365170940526384,0.0,4.0,1118.0,0.0035778175313059034,0.04838709677419355,0.11258828417116747,-0.3622377622377622,,0.0007560467320441673,0.03859066459694608,0.2549800796812749,0.560519451689883,0.01167828011427401,0.0,0,0,0,0,0,0,0.04838709677419355,0.2549800796812749,,0.6980811824546174,12.035,0.27701
2026-08-04,2,SH001,浦东新区第1支行,综合支行,浦东新区,0,7,17,184,264,162,10.99,32.56,0,0,5,4.677,0.27419000000000004,610,0.6983606557377049,0.0,0.0,0.02717391304347826,10.823529411764707,26.285714285714285,0.7009523809523809,174.0,9.51,0.0,0.0,0.6981356233305629,0.27460500000000004,155.61904761904762,8.650952380952381,0.0032794642054208025,0.0,4.0,1130.0,0.0035398230088495575,0.05747126436781609,0.15562565720294433,,,0.0003223333685057484,-0.0015112616303417587,0.18237454100367195,0.27038035999339466,0.07939065259452868,0.0,0,0,0,0,1,0,0.05747126436781609,0.18237454100367195,,0.6981356233305629,9.51,0.27460500000000004
2026-08-05,3,SH001,浦东新区第1支行,综合支行,浦东新区,0,7,16,179,257,157,11.35,27.23,0,0,4,4.458,0.27356,593,0.6981450252951096,0.0,0.0,0.0223463687150838,11.1875,25.571428571428573,0.6819047619047619,167.5,9.44,0.003105590062111801,0.0,0.6982322401546555,0.27891,156.0,8.712380952380952,0.003008901434858032,0.0,2.0,1142.0,0.0017513134851138354,0.06865671641791045,0.2023305084745763,-1.0,,-0.00012490809580285682,-0.01918181492237627,0.14743589743589744,0.3027437691298644,-0.41795584766422667,0.0,0,0,0,0,2,0,0.06865671641791045,0.14743589743589744,,0.6982322401546555,9.44,0.27891
2026-08-06,4,SH001,浦东新区第1支行,综合支行,浦东新区,0,7,16,177,254,156,10.22,20.81,1,0,3,4.628,0.28798,587,0.6984667802385008,0.005649717514124294,0.0,0.01694915254237288,11.0625,25.285714285714285,0.6742857142857143,165.0,8.52,0.0030120481927710845,0.0,0.6977415570541934,0.27892000000000006,156.52380952380952,8.800952380952381,0.003008901434858032,0.0,2.0,1153.0,0.0017346053772766695,0.07272727272727272,0.19953051643192501,0.8757062146892655,,0.0010393865421593734,0.032482432238634576,0.13081837541831462,0.16123796125960396,-0.42350874070472405,0.0,0,0,0,0,3,0,0.07272727272727272,0.13081837541831462,,0.6977415570541934,8.52,0.27892000000000006
2026-08-07,5,SH001,浦东新区第1支行,综合支行,浦东新区,0,7,15,185,265,162,10.48,31.1,0,0,4,4.62,0.27249,612,0.6977124183006536,0.0,0.0,0.021621621621621623,12.333333333333334,26.428571428571427,0.7047619047619047,171.5,9.105,0.0,0.0,0.6982072126417521,0.275625,157.14285714285714,8.873333333333333,0.0029875755557396766,0.0,2.0,1164.0,0.001718213058419244,0.07871720116618076,0.15101592531576055,,,-0.0007086640357472736,-0.011374149659863941,0.1772727272727273,0.18106686701728034,-0.42488046699999144,0.0,0,0,0,1,4,0,0.07871720116618076,0.1772727272727273,,0.6982072126417521,9.105,0.275625
2026-08-08,6,SH001,浦东新区第1支行,综合支行,浦东新区,0,7,16,199,286,175,13.2,27.86,1,0,4,4.428,0.27298,660,0.6984848484848485,0.005025125628140704,0.0,0.020100502512562814,12.4375,28.428571428571427,0.758095238095238,184.0,10.33,0.002777777777777778,0.0,0.6976140938690589,0.283285,157.9047619047619,8.946190476190477,0.0029875755557396766,0.0,3.0,1175.0,0.002553191489361702,0.08152173913043478,0.2778315585672797,0.8090452261306532,,0.0012481895412408323,-0.036376793688335095,0.26025331724969847,0.47548836961728835,-0.1453968471336043,0.0,0,0,0,1,5,0,0.08152173913043478,0.26025331724969847,,0.6976140938690589,10.33,0.283285
2026-08-09,7,SH001,浦东新区第1支行,综合支行,浦东新区,0,7,17,59,84,51,2.2,5.68,0,0,2,4.595,0.26829000000000003,194,0.6958762886597938,0.0,0.0,0.03389830508474576,3.4705882352941178,8.428571428571429,0.22476190476190477,53.5,2.29,0.0,0.0,0.6986120815600585,0.267255,158.8095238095238,9.091428571428573,0.0029623169877675405,0.0,3.0,1178.0,0.0025466893039049238,0.102803738317757,-0.03930131004366806,,,-0.003916040063543504,0.0038727058427344974,-0.6284857571214393,-0.7580138277812697,-0.1403049321118878,0.0,0,0,0,1,4,0,0.102803738317757,-0.6284857571214393,,0.6986120815600585,2.29,0.267255
2026-08-10,1,SH001,浦东新区第1支行,综合支行,浦东新区,0,7,15,203,291,178,14.84,34.26,1,0,7,4.434,0.28268000000000004,672,0.6979166666666666,0.0049261083743842365,0.0,0.034482758620689655,13.533333333333333,29.0,0.7733333333333333,186.0,12.05,0.00804093567251462,0.0,0.6982942430703625,0.281065,159.14285714285714,9.102380952380953,0.0029623169877675405,0.0,3.0,1186.0,0.002529510961214165,0.0913978494623656,0.2315352697095435,-0.3873712494402149,,-0.0005407124681934393,0.005746001814527006,0.27558348294434476,0.6303426628302379,-0.14610388703862054,0.0,0,0,0,1,4,0,0.0913978494623656,0.27558348294434476,,0.6982942430703625,12.05,0.281065
2026-08-11,2,SH001,浦东新区第1支行,综合支行,浦东新区,0,7,16,189,271,166,10.49,27.73,2,0,6,4.615,0.27161,626,0.6980830670926518,0.010582010582010581,0.0,0.031746031746031744,11.8125,27.0,0.72,174.0,9.51,0.0,0.0,0.6984583062082026,0.27541000000000004,160.23809523809524,9.273809523809524,0.002932343312473668,0.0,5.0,1191.0,0.0041981528127623844,0.08620689655172414,0.1030494216614091,,,-0.0005372391053489222,-0.013797610834755546,0.17949479940564633,0.13114249037227219,0.43167165826190523,0.0,0,0,0,0,3,0,0.08620689655172414,0.17949479940564633,,0.6984583062082026,9.51,0.27541000000000004
2026-08-12,3,SH001,浦东新区第1支行,综合支行,浦东新区,0,7,15,181,260,159,10.62,21.29,1,0,4,4.65,0.27816,600,0.6983333333333334,0.0055248618784530384,0.0,0.022099447513812154,12.066666666666666,25.857142857142858,0.6895238095238095,167.5,9.469999999999999,0.003105590062111801,0.0,0.6982646131861544,0.27656000000000003,161.28571428571428,9.361904761904762,0.0034362485782836964,0.0,6.0,1193.0,0.005029337803855826,0.08059701492537313,0.12143611404435063,0.7790055248618785,,9.841562336288307e-05,0.005785363031530193,0.12223206377325072,0.13438453713123077,0.4636129166091441,0.0,0,0,0,0,3,0,0.08059701492537313,0.12223206377325072,,0.6982646131861544,9.469999999999999,0.27656000000000003
2026-08-13,4,SH001,浦东新区第1支行,综合支行,浦东新区,0,7,15,177,253,155,9.85,21.31,0,0,3,4.586,0.27771,585,0.6974358974358974,0.0,0.0,0.01694915254237288,11.8,25.285714285714285,0.6742857142857143,165.0,9.07,0.005836906949833231,0.0,0.698078017746526,0.27992500000000003,162.23809523809524,9.453809523809522,0.0034035667570565266,0.0,5.0,1193.0,0.004191114836546521,0.07272727272727272,0.08599779492833509,-1.0,,-0.000919840324870046,-0.007912833794766535,0.09098914000587024,0.04190802397622546,0.2313890502829691,0.0,0,0,0,0,2,0,0.07272727272727272,0.09098914000587024,,0.698078017746526,9.07,0.27992500000000003
2026-08-14,5,SH001,浦东新区第1支行,综合支行,浦东新区,0,7,16,182,261,160,10.68,22.64,0,0,5,4.562,0.27582,603,0.6981757877280266,0.0,0.0,0.027472527472527472,11.375,26.0,0.6933333333333334,171.5,9.105,0.0,0.0,0.6978433178059438,0.272895,163.14285714285714,9.545238095238096,0.0034035667570565266,0.0,5.0,1190.0,0.004201680672268907,0.061224489795918366,0.172981878088962,,,0.00047642488449714456,0.010718408178969973,0.11558669001751316,0.11888251434272874,0.23449339242653955,0.0,0,0,0,0,3,0,0.061224489795918366,0.11558669001751316,,0.6978433178059438,9.105,0.272895
2026-08-15,6,SH001,浦东新区第1支行,综合支行,浦东新区,0,7,16,194,278,171,11.79,32.54,0,0,4,4.566,0.28978000000000004,643,0.6982892690513219,0.0,0.0,0.020618556701030927,12.125,27.714285714285715,0.7390476190476191,184.0,10.33,0.00529034059184813,0.0,0.6976140938690589,0.273975,164.0,9.672857142857143,0.0034035667570565266,0.0,4.0,1185.0,0.0033755274261603376,0.05434782608695652,0.14133591481122934,-1.0,,0.0009678347788508694,0.05768774523222926,0.18292682926829268,0.2188746123172351,-0.008238219755218788,0.0,0,0,0,0,3,0,0.05434782608695652,0.18292682926829268,,0.6976140938690589,10.33,0.273975
2026-08-16,7,SH001,浦东新区第1支行,综合支行,浦东新区,0,7,17,56,81,50,2.14,4.39,0,0,2,4.631,0.29511000000000004,187,0.7005347593582888,0.0,0.0,0.03571428571428571,3.2941176470588234,8.0,0.21333333333333335,54.0,2.2,0.0,0.0,0.6983596313076081,0.267645,164.8095238095238,9.754761904761905,0.0031345325897172743,0.0,4.0,1182.0,0.00338409475465313,0.037037037037037035,-0.027272727272727296,,,0.003114624547538557,0.10261727288012111,-0.6602138110372724,-0.780619965828655,0.07961702671541392,0.0,0,0,0,0,3,0,0.037037037037037035,-0.6602138110372724,,0.6983596313076081,2.2,0.267645
2026-08-17,1,SH001,浦东新区第1支行,综合支行,浦东新区,0,7,16,194,278,170,12.95,40.85,1,0,7,4.511,0.27069000000000004,642,0.6978193146417445,0.005154639175257732,0.0,0.03608247422680412,12.125,27.714285714285715,0.7390476190476191,188.5,12.79,0.005341880341880342,0.0,0.6980811824546174,0.28314000000000006,165.0,9.743333333333332,0.0031345325897172743,0.0,4.0,1173.0,0.0034100596760443308,0.029177718832891247,0.012509773260359668,-0.03505154639175261,,-0.0003751251565785839,-0.04397118033481675,0.17575757575757575,0.329113924050633,0.08790053331425345,0.0,0,0,0,0,2,0,0.029177718832891247,0.17575757575757575,,0.6980811824546174,12.79,0.28314000000000006
2026-08-18,2,SH001,浦东新区第1支行,综合支行,浦东新区,0,7,17,179,257,158,9.58,26.78,0,0,2,4.655,0.28329000000000004,594,0.6986531986531986,0.0,0.0,0.0111731843575419,10.529411764705882,25.571428571428573,0.6819047619047619,178.0,9.905000000000001,0.0,0.0,0.6982218614151783,0.27290000000000003,165.57142857142858,9.779523809523809,0.0028567053604909285,0.0,2.0,1163.0,0.0017196904557179708,0.0056179775280898875,-0.032811711256941045,,,0.0006177653004821552,0.038072554049102265,0.08110440034512503,-0.020402200905682375,-0.39801616242900184,0.0,0,0,0,0,2,0,0.0056179775280898875,0.08110440034512503,,0.6982218614151783,9.905000000000001,0.27290000000000003
2026-08-19,3,SH001,浦东新区第1支行,综合支行,浦东新区,0,7,15,172,246,151,9.32,26.16,2,0,7,4.553,0.28701000000000004,569,0.6977152899824253,0.011627906976744186,0.0,0.040697674418604654,11.466666666666667,24.571428571428573,0.6552380952380953,173.0,10.035,0.00586802100133832,0.0,0.6982391793142215,0.27677,165.9047619047619,9.791904761904762,0.0028567053604909285,0.0,3.0,1154.0,0.0025996533795493936,-0.005780346820809248,-0.07125062282012953,0.9815721474228207,,-0.0007503006810800803,0.03699822957690511,0.036739380022962155,-0.04819335700043767,-0.08998197171351273,0.0,0,0,0,0,1,0,-0.005780346820809248,0.036739380022962155,,0.6982391793142215,10.035,0.27677
2026-08-20,4,SH001,浦东新区第1支行,综合支行,浦东新区,0,7,15,167,240,147,10.04,29.07,3,0,10,4.5,0.29047,554,0.6985559566787004,0.017964071856287425,0.0,0.059880239520958084,11.133333333333333,23.857142857142858,0.6361904761904762,171.5,9.645,0.002824858757062147,0.0,0.6978088578088578,0.27944,166.14285714285714,9.785714285714286,0.0028401272210886695,0.0,6.0,1144.0,0.005244755244755245,-0.026239067055393587,0.04095386210471743,5.359281437125748,,0.0010706354060745272,0.039471800744345774,0.005159071367153937,0.025985401459853848,0.8466620811249576,0.0,0,0,0,0,0,0,-0.026239067055393587,0.005159071367153937,,0.6978088578088578,9.645,0.27944
2026-08-21,5,SH001,浦东新区第1支行,综合支行,浦东新区,0,7,16,173,248,152,10.72,28.36,0,0,1,4.607,0.29477000000000003,573,0.6980802792321117,0.0,0.0,0.005780346820809248,10.8125,24.714285714285715,0.6590476190476191,178.0,9.870000000000001,0.0,0.0,0.6980750025196303,0.27415500000000004,166.1904761904762,9.814285714285715,0.0034086974816003486,0.0,6.0,1135.0,0.0052863436123348016,-0.028089887640449437,0.08611955420466054,,,7.558947766873124e-06,0.07519468913570787,0.04097421203438387,0.09228529839883551,0.5508397682310362,0.0,0,0,0,0,0,0,-0.028089887640449437,0.04097421203438387,,0.6980750025196303,9.870000000000001,0.27415500000000004
2026-08-22,6,SH001,浦东新区第1支行,综合支行,浦东新区,0,7,16,185,265,163,11.65,31.12,0,0,4,4.526,0.274,613,0.6982055464926591,0.0,0.0,0.021621621621621623,11.5625,26.428571428571427,0.7047619047619047,191.0,11.149999999999999,0.002512562814070352,0.0,0.6980192325964005,0.28138,166.14285714285714,9.883809523809523,0.0034086974816003486,0.0,6.0,1126.0,0.0053285968028419185,-0.031413612565445025,0.044843049327354424,-1.0,,0.0002669179981839968,-0.026227876892458587,0.11349957007738609,0.17869531701676636,0.5632354679771103,0.0,0,0,0,0,0,0,-0.031413612565445025,0.11349957007738609,,0.6980192325964005,11.149999999999999,0.28138
2026-08-23,7,SH001,浦东新区第1支行,综合支行,浦东新区,0,7,16,54,78,48,3.21,10.12,0,0,0,4.517,0.27626,180,0.7,0.0,0.0,0.0,3.375,7.714285714285714,0.2057142857142857,56.0,2.2,0.0,0.0,0.6983596313076081,0.267645,166.0,9.938095238095238,0.0034086974816003486,0.0,6.0,1124.0,0.005338078291814947,-0.03571428571428571,0.45909090909090894,,,0.002348888192922017,0.032188159689140405,-0.6746987951807228,-0.6770004791566843,0.5660170257493116,0.0,0,0,0,0,1,0,-0.03571428571428571,-0.6746987951807228,,0.6983596313076081,2.2,0.267645
2026-08-24,1,SH001,浦东新区第1支行,综合支行,浦东新区,0,7,16,188,270,166,12.59,29.83,0,0,1,4.54,0.28745000000000004,624,0.6987179487179487,0.0,0.0,0.005319148936170213,11.75,26.857142857142858,0.7161904761904762,194.5,13.17,0.00514142215173143,0.0,0.6980462271973467,0.28314000000000006,165.9047619047619,9.986190476190476,0.0034086974816003486,0.0,5.0,1118.0,0.004472271914132379,-0.033419023136246784,-0.04403948367501899,-1.0,,0.0009622880182290787,0.015222151585787878,0.1331802525832377,0.2607410233179152,0.312017842085738,0.0,0,0,0,0,1,0,-0.033419023136246784,0.1331802525832377,,0.6980462271973467,13.17,0.28314000000000006
2026-08-25,2,SH001,浦东新区第1支行,综合支行,浦东新区,0,7,17,176,253,155,9.99,27.63,1,0,4,4.654,0.26442000000000004,584,0.6986301369863014,0.005681818181818182,0.0,0.022727272727272728,10.352941176470589,25.142857142857142,0.6704761904761904,181.5,10.035,0.0,0.0,0.6982218614151783,0.27290000000000003,165.57142857142858,9.948095238095238,0.0031644972374001053,0.0,6.0,1115.0,0.0053811659192825115,-0.030303030303030304,-0.004484304932735419,,,0.0005847361615054573,-0.031073653352876464,0.06298533218291623,0.004212340242209585,0.7004805236308507,0.0,0,0,0,0,1,0,-0.030303030303030304,0.06298533218291623,,0.6982218614151783,10.035,0.27290000000000003
2026-08-26,3,SH001,浦东新区第1支行,综合支行,浦东新区,0,7,16,171,245,150,9.83,22.1,1,0,0,4.577,0.27935000000000004,566,0.6978798586572438,0.005847953216374269,0.0,0.0,10.6875,24.428571428571427,0.6514285714285714,175.5,10.035,0.008576384427598612,0.0,0.6982391793142215,0.27677,165.1904761904762,9.90047619047619,0.0034350600079628753,0.0,5.0,1114.0,0.004488330341113106,-0.02564102564102564,-0.020428500249128057,-0.3181330354600609,,-0.00051460970341231,0.009321819561368742,0.03516863649466696,-0.007118464720311684,0.3066235613667958,0.0,0,0,0,0,1,0,-0.02564102564102564,0.03516863649466696,,0.6982391793142215,10.035,0.27677
2026-08-27,4,SH001,浦东新区第1支行,综合支行,浦东新区,0,7,16,169,242,149,9.54,25.56,1,0,5,4.609,0.29641,560,0.6982142857142857,0.005917159763313609,0.0,0.029585798816568046,10.5625,24.142857142857142,0.6438095238095238,172.0,9.945,0.005836906949833231,0.0,0.6983242992101595,0.284575,164.8095238095238,9.828095238095237,0.0037135339706473643,0.0,3.0,1116.0,0.002688172043010753,-0.01744186046511628,-0.0407239819004526,0.013749202132247609,,-0.00015753926363186455,0.041588333479750446,0.025426177405374253,-0.029313435728475206,-0.27611486410015645,0.0,0,0,0,0,1,0,-0.01744186046511628,0.025426177405374253,,0.6983242992101595,9.945,0.284575
2026-08-28,5,SH001,浦东新区第1支行,综合支行,浦东新区,0,7,16,177,254,156,10.63,27.7,1,0,6,4.551,0.25855,587,0.6984667802385008,0.005649717514124294,0.0,0.03389830508474576,11.0625,25.285714285714285,0.6742857142857143,178.0,10.58,0.0,0.0,0.6981280334800691,0.283165,164.42857142857142,9.795714285714286,0.0037262693158468555,0.0,4.0,1120.0,0.0035714285714285713,-0.0056179775280898875,0.004725897920604982,,,0.0004852215384377314,-0.08692811611604541,0.07645525629887062,0.0851684410091877,-0.04155382536624145,0.0,0,0,0,0,0,0,-0.0056179775280898875,0.07645525629887062,,0.6981280334800691,10.58,0.283165
2026-08-29,6,SH001,浦东新区第1支行,综合支行,浦东新区,0,7,16,193,276,169,12.06,31.45,0,0,0,4.532,0.27308000000000004,638,0.6974921630094044,0.0,0.0,0.0,12.0625,27.571428571428573,0.7352380952380952,191.0,11.719999999999999,0.0,0.0,0.6982474077719905,0.27349,164.04761904761904,9.802857142857144,0.003995303483186107,0.0,4.0,1128.0,0.0035460992907801418,0.010471204188481676,0.029010238907849973,,,-0.0010816291677987295,-0.0014991407364070566,0.1764876632801162,0.23025357038764196,-0.11243305903954547,0.0,0,0,0,0,0,0,0.010471204188481676,0.1764876632801162,,0.6982474077719905,11.719999999999999,0.27349
2026-08-30,7,SH001,浦东新区第1支行,综合支行,浦东新区,0,7,17,57,82,50,2.7199999999999998,7.31,0,0,0,4.615,0.28145000000000003,189,0.6984126984126984,0.0,0.0,0.0,3.3529411764705883,8.142857142857142,0.21714285714285714,56.0,2.2,0.0,0.0,0.6986486486486486,0.27227500000000004,163.76190476190476,9.748571428571429,0.003756011786607978,0.0,4.0,1131.0,0.0035366931918656055,0.017857142857142856,0.23636363636363614,,,-0.0003377237419790728,0.03369754843448714,-0.6519337016574586,-0.7209847596717468,-0.05839134891012611,0.0,0,0,0,0,1,0,0.017857142857142856,-0.6519337016574586,,0.6986486486486486,2.2,0.27227500000000004
2026-08-31,1,SH001,浦东新区第1支行,综合支行,浦东新区,0,7,16,201,288,176,13.74,37.38,0,0,1,4.437,0.27106,665,0.6977443609022557,0.0,0.0,0.004975124378109453,12.5625,28.714285714285715,0.7657142857142858,194.5,13.17,0.005027156751294682,0.0,0.6982628155589902,0.285065,163.66666666666666,9.773333333333333,0.003756011786607978,0.0,4.0,1144.0,0.0034965034965034965,0.033419023136246784,0.04328018223234626,-1.0,,-0.0007424921464842085,-0.04912914598424917,0.2281059063136457,0.40586630286493863,-0.06909144721796553,0.0,0,0,0,0,1,0,0.033419023136246784,0.2281059063136457,,0.6982628155589902,13.17,0.285065
2026-09-01,2,SH001,浦东新区第1支行,综合支行,浦东新区,0,7,17,187,268,165,10.99,27.86,0,0,2,4.593,0.27288,620,0.6983870967741935,0.0,0.0,0.0106951871657754,11.0,26.714285714285715,0.7123809523809524,181.5,10.24,0.002840909090909091,0.0,0.6984953963620031,0.27290000000000003,163.57142857142858,9.72095238095238,0.0035214351973515863,0.0,3.0,1155.0,0.0025974025974025974,0.030303030303030304,0.0732421875,-1.0,,-0.0001550469600424248,-7.32869182851594e-05,0.14323144104803484,0.13054766336827686,-0.26240227298345253,0.0,0,0,0,0,1,0,0.030303030303030304,0.14323144104803484,,0.6984953963620031,10.24,0.27290000000000003
2026-09-02,3,SH001,浦东新区第1支行,综合支行,浦东新区,0,7,16,183,262,160,10.47,30.26,2,0,8,4.398,0.27276,605,0.6975206611570248,0.01092896174863388,0.0,0.04371584699453552,11.4375,26.142857142857142,0.6971428571428572,175.5,10.225,0.0056864075474136536,0.0,0.6980124419761766,0.27875500000000003,163.47619047619048,9.744761904761905,0.0030175299315415584,0.0,4.0,1167.0,0.003427592116538132,0.042735042735042736,0.02396088019559912,0.9219448584202683,,-0.0007045444888625406,-0.021506340693440575,0.11942907078357118,0.07442337763878035,0.13589332808609,0.0,0,0,0,0,1,0,0.042735042735042736,0.11942907078357118,,0.6980124419761766,10.225,0.27875500000000003
2026-09-03,4,SH001,浦东新区第1支行,综合支行,浦东新区,0,7,16,181,260,159,11.45,29.17,2,0,9,4.58,0.28554,600,0.6983333333333334,0.011049723756906077,0.0,0.049723756906077346,11.3125,25.857142857142858,0.6895238095238095,173.0,9.945,0.005783438638718951,0.0,0.6983405329763932,0.289225,163.57142857142858,9.737619047619047,0.003274868020597789,0.0,5.0,1179.0,0.004240882103477523,0.046242774566473986,0.15133232780291594,0.9105802701753266,,-1.03096451084621e-05,-0.012740945630564418,0.10655021834061128,0.17585211990806396,0.2949780195121877,0.0,0,0,0,0,2,0,0.046242774566473986,0.10655021834061128,,0.6983405329763932,9.945,0.289225
2026-09-04,5,SH001,浦东新区第1支行,综合支行,浦东新区,0,7,17,190,273,167,10.2,24.62,1,0,4,4.62,0.27936,630,0.6984126984126984,0.005263157894736842,0.0,0.021052631578947368,11.176470588235293,27.142857142857142,0.7238095238095238,179.5,10.655000000000001,0.0,0.0,0.6981280334800691,0.27415500000000004,163.76190476190476,9.813809523809525,0.0038010453423552213,0.0,5.0,1192.0,0.0041946308724832215,0.0584958217270195,-0.0427029563585173,,,0.00040775462232941334,0.018985610329922704,0.16022099447513813,0.039351739531272585,0.10354665484840676,0.0,0,0,0,0,1,0,0.0584958217270195,0.16022099447513813,,0.6981280334800691,10.655000000000001,0.27415500000000004
2026-09-05,6,SH001,浦东新区第1支行,综合支行,浦东新区,0,7,16,206,296,181,12.57,34.81,1,0,6,4.63,0.2696,683,0.698389458272328,0.0048543689320388345,0.0,0.02912621359223301,12.875,29.428571428571427,0.7847619047619048,193.5,11.925,0.0,0.0,0.6982474077719905,0.27354,164.14285714285714,9.790952380952382,0.004051671908771261,0.0,6.0,1205.0,0.004979253112033195,0.06459948320413436,0.05408805031446537,,,0.00020343863615737159,-0.014403743511003871,0.25500435161009577,0.2838383347113467,0.22893788642013674,0.0,0,0,0,0,1,0,0.06459948320413436,0.25500435161009577,,0.6982474077719905,11.925,0.27354
2026-09-06,7,SH001,浦东新区第1支行,综合支行,浦东新区,0,7,17,61,87,53,1.8399999999999999,4.69,1,0,4,4.527,0.27342,201,0.6965174129353234,0.01639344262295082,0.0,0.06557377049180328,3.588235294117647,8.714285714285714,0.23238095238095235,56.5,2.46,0.0,0.0,0.6992063492063492,0.278855,164.71428571428572,9.828095238095237,0.004282832334106444,0.0,7.0,1209.0,0.005789909015715467,0.07964601769911504,-0.2520325203252033,,,-0.003845697731546451,-0.019490416166107916,-0.629661751951431,-0.8127816270168128,0.3518878545880444,0.0,0,0,0,0,1,1,0.07964601769911504,-0.629661751951431,,0.6992063492063492,2.46,0.278855
2026-09-07,1,SH001,浦东新区第1支行,综合支行,浦东新区,0,7,17,212,305,187,14.85,42.12,0,0,6,4.416,0.26379,704,0.6988636363636364,0.0,0.0,0.02830188679245283,12.470588235294118,30.285714285714285,0.8076190476190476,197.5,13.344999999999999,0.0024630541871921183,0.0,0.6978679906542056,0.27687000000000006,164.95238095238096,9.813809523809525,0.005063472459008864,0.0,7.0,1220.0,0.005737704918032787,0.07341772151898734,0.11277632071937062,-1.0,,0.0014266963419506155,-0.047242388124390626,0.28521939953810616,0.5131738560822939,0.13315614224865327,0.0,0,0,0,0,1,1,0.07341772151898734,0.28521939953810616,,0.6978679906542056,13.344999999999999,0.27687000000000006
2026-09-08,2,SH001,浦东新区第1支行,综合支行,浦东新区,0,7,16,199,285,175,12.6,29.87,0,0,4,4.539,0.25482000000000005,659,0.6980273141122914,0.0,0.0,0.020100502512562814,12.4375,28.428571428571427,0.758095238095238,183.0,10.24,0.002840909090909091,0.0,0.6985086168802475,0.272245,165.8095238095238,9.904285714285713,0.004818013450663258,0.0,7.0,1232.0,0.005681818181818182,0.08743169398907104,0.23046874999999994,-1.0,,-0.0006890434224072272,-0.06400484857389471,0.20017231476163133,0.2721765469493727,0.17928649224422794,0.0,0,0,0,0,1,1,0.08743169398907104,0.20017231476163133,,0.6985086168802475,10.24,0.272245
2026-09-09,3,SH001,浦东新区第1支行,综合支行,浦东新区,0,7,16,192,275,169,11.23,30.42,1,0,6,4.595,0.26476,636,0.6981132075471698,0.005208333333333333,0.0,0.03125,12.0,27.428571428571427,0.7314285714285714,176.5,10.15,0.008388457482504073,0.0,0.6977975743198346,0.27875500000000003,166.76190476190476,10.048095238095238,0.004818013450663258,0.0,6.0,1241.0,0.004834810636583401,0.08781869688385269,0.10640394088669951,-0.3791071428571428,,0.00045232777950374186,-0.05020537748201838,0.15134209023415193,0.11762475712051569,0.0034863302255477265,0.0,0,0,0,0,1,1,0.08781869688385269,0.15134209023415193,,0.6977975743198346,10.15,0.27875500000000003
2026-09-10,4,SH001,浦东新区第1支行,综合支行,浦东新区,0,7,15,188,270,165,10.93,28.49,1,0,8,4.634,0.28533000000000003,623,0.6982343499197432,0.005319148936170213,0.0,0.0425531914893617,12.533333333333333,26.857142857142858,0.7161904761904762,173.0,9.945,0.008483441760109843,0.0,0.6982738095238095,0.288005,167.71428571428572,10.13904761904762,0.004512319467643694,0.0,5.0,1248.0,0.004006410256410256,0.08670520231213873,0.09904474610356957,-0.3729963514122904,,-5.6510216376539386e-05,-0.009288033193868103,0.12095400340715497,0.07801052038324241,-0.11211733009179431,0.0,0,0,0,0,1,1,0.08670520231213873,0.12095400340715497,,0.6982738095238095,9.945,0.288005
2026-09-11,5,SH001,浦东新区第1支行,综合支行,浦东新区,0,7,16,195,279,171,12.34,29.52,1,0,6,4.518,0.27952000000000005,645,0.6976744186046512,0.005128205128205128,0.0,0.03076923076923077,12.1875,27.857142857142858,0.7428571428571429,179.5,10.655000000000001,0.002631578947368421,0.0,0.6982942430703625,0.27759,168.71428571428572,10.181428571428572,0.003910180280971445,0.0,5.0,1253.0,0.0039904229848363925,0.08635097493036212,0.15814171750351932,0.9487179487179488,,-0.0008876264867743415,0.006952700025217201,0.1558001693480101,0.21201066367335472,0.02052148445825932,0.0,0,0,0,0,2,0,0.08635097493036212,0.1558001693480101,,0.6982942430703625,10.655000000000001,0.27759
2026-09-12,6,SH001,浦东新区第1支行,综合支行,浦东新区,0,7,16,208,299,183,14.0,38.29,0,0,4,4.468,0.27714,690,0.6985507246376812,0.0,0.0,0.019230769230769232,13.0,29.714285714285715,0.7923809523809524,193.5,11.925,0.0,0.0,0.6982474077719905,0.27354,169.76190476190476,10.258571428571429,0.00415438052517169,0.0,4.0,1255.0,0.0031872509960159364,0.07493540051679587,0.17400419287211732,,,0.0004343974103084476,0.013160780872998436,0.22524544179523143,0.36471243559392835,-0.23279753101475573,0.0,0,0,0,0,3,0,0.07493540051679587,0.22524544179523143,,0.6982474077719905,11.925,0.27354
2026-09-13,7,SH001,浦东新区第1支行,综合支行,浦东新区,0,7,15,61,87,53,2.39,6.08,0,0,2,4.574,0.26892000000000005,201,0.6965174129353234,0.0,0.0,0.03278688524590164,4.066666666666666,8.714285714285714,0.23238095238095235,56.5,2.4299999999999997,0.0,0.0,0.6992063492063492,0.278855,170.85714285714286,10.370476190476191,0.004154380525171689,0.0,3.0,1255.0,0.002390438247011952,0.07964601769911504,-0.016460905349794074,,,-0.003845697731546451,-0.03562783525488147,-0.6429765886287625,-0.7695380659381026,-0.42459814826106673,0.0,0,0,0,0,2,0,0.07964601769911504,-0.6429765886287625,,0.6992063492063492,2.4299999999999997,0.278855
2026-09-14,1,SH001,浦东新区第1支行,综合支行,浦东新区,0,7,17,209,300,184,14.76,30.19,2,0,8,4.514,0.29562000000000005,693,0.6984126984126984,0.009569377990430622,0.0,0.03827751196172249,12.294117647058824,29.857142857142858,0.7961904761904762,197.5,13.344999999999999,0.0,0.0,0.6982686316798465,0.27087500000000003,171.1904761904762,10.331428571428571,0.004154380525171689,0.0,5.0,1252.0,0.003993610223642172,0.05822784810126582,0.1060322218059199,,,0.00020631992662372247,0.09135209967697283,0.22086230876216958,0.42865044247787615,-0.038698983050637285,0.0,0,0,0,0,2,0,0.05822784810126582,0.22086230876216958,,0.6982686316798465,13.344999999999999,0.27087500000000003
2026-09-15,2,SH001,浦东新区第1支行,综合支行,浦东新区,0,7,17,193,277,170,11.62,35.68,2,0,6,4.514,0.27282,640,0.6984375,0.010362694300518135,0.0,0.031088082901554404,11.352941176470589,27.571428571428573,0.7352380952380952,183.0,10.49,0.0,0.0,0.6985086168802475,0.26865000000000006,172.1904761904762,10.434761904761904,0.004610065191382672,0.0,7.0,1246.0,0.0056179775280898875,0.0546448087431694,0.10772163965681592,,,-0.00010181245947264383,0.015522054718034434,0.12085176991150434,0.11358554282845795,0.21863298996102004,0.0,0,0,0,0,2,0,0.0546448087431694,0.12085176991150434,,0.6985086168802475,10.49,0.26865000000000006
2026-09-16,3,SH001,浦东新区第1支行,综合支行,浦东新区,0,7,16,185,265,162,11.1,29.89,0,0,2,4.608,0.27713000000000004,612,0.6977124183006536,0.0,0.0,0.010810810810810811,11.5625,26.428571428571427,0.7047619047619047,177.5,10.15,0.008388457482504073,0.0,0.6977975743198346,0.27605500000000005,173.0,10.512380952380951,0.004832964054177907,0.0,6.0,1239.0,0.004842615012106538,0.04225352112676056,0.09359605911330042,-1.0,,-0.00012203541874450488,0.0038941515277752347,0.06936416184971098,0.05589780757383592,0.0019969024847779652,0.0,0,0,0,0,1,0,0.04225352112676056,0.06936416184971098,,0.6977975743198346,10.15,0.27605500000000005
2026-09-17,4,SH001,浦东新区第1支行,综合支行,浦东新区,0,7,17,180,258,158,9.32,24.27,0,0,2,4.742,0.2717,596,0.697986577181208,0.0,0.0,0.011111111111111112,10.588235294117647,25.714285714285715,0.6857142857142857,175.0,10.485,0.008483441760109843,0.0,0.6982838416265382,0.288005,173.66666666666666,10.572857142857142,0.004554490091493418,0.0,5.0,1231.0,0.004061738424045491,0.02857142857142857,-0.11111111111111104,-1.0,,-0.0004257071803892124,-0.05661360045832542,0.03646833013435706,-0.11849750033779209,-0.10819030397458915,0.0,0,0,0,0,0,0,0.02857142857142857,0.03646833013435706,,0.6982838416265382,10.485,0.288005
2026-09-18,5,SH001,浦东新区第1支行,综合支行,浦东新区,0,7,17,185,265,163,11.91,34.09,2,0,10,4.46,0.26530000000000004,613,0.6982055464926591,0.010810810810810811,0.0,0.05405405405405406,10.882352941176471,26.428571428571427,0.7047619047619047,183.5,10.675,0.005195681511470985,0.0,0.698246488822405,0.27944,174.1904761904762,10.562380952380952,0.004272720578954675,0.0,6.0,1221.0,0.004914004914004914,0.008174386920980926,0.11569086651053859,1.0807300807300808,,-5.8635926426197146e-05,-0.050601202404809566,0.062055768179332886,0.12758667327893247,0.15008805822896332,0.0,0,0,0,0,0,0,0.008174386920980926,0.062055768179332886,,0.698246488822405,10.675,0.27944
2026-09-19,6,SH001,浦东新区第1支行,综合支行,浦东新区,0,7,17,197,283,173,12.78,40.53,2,0,7,4.525,0.27185000000000004,653,0.6983154670750383,0.01015228426395939,0.0,0.03553299492385787,11.588235294117647,28.142857142857142,0.7504761904761904,199.5,12.315000000000001,0.0,0.0,0.6982975023824936,0.27354,174.57142857142858,10.623333333333333,0.004518486926415938,0.0,8.0,1210.0,0.006611570247933884,-0.012531328320802004,0.03775883069427512,,,2.5726416725661632e-05,-0.006178255465379722,0.12847790507364967,0.20301223721368056,0.4632265967798602,0.0,0,0,0,0,0,0,-0.012531328320802004,0.12847790507364967,,0.6982975023824936,12.315000000000001,0.27354
2026-06-22,1,SH002,浦东新区第2支行,综合支行,浦东新区,0,6,17,131,269,165,7.87,23.91,1,0,3,4.603,0.26926,565,0.768141592920354,0.007633587786259542,0.0,0.022900763358778626,7.705882352941177,21.833333333333332,0.5822222222222222,,,,,,,,,,,,,,,,,,,,,,,,0,0,0,0,0,0,,,,,,
2026-06-23,2,SH002,浦东新区第2支行,综合支行,浦东新区,0,6,16,122,251,154,5.26,10.61,1,0,3,4.585,0.25552,527,0.7685009487666035,0.00819672131147541,0.0,0.02459016393442623,7.625,20.333333333333332,0.5422222222222222,,,,,,,,,,,,,,,,,,,,,,,,0,0,0,0,0,0,,,,,,
2026-06-24,3,SH002,浦东新区第2支行,综合支行,浦东新区,0,6,16,118,242,148,6.12,17.34,1,0,3,4.5600000000000005,0.25648000000000004,508,0.7677165354330708,0.00847457627118644,0.0,0.025423728813559324,7.375,19.666666666666668,0.5244444444444445,,,,,,,,,,,,,,,,,,,,,,,,0,0,0,0,0,0,,,,,,
2026-06-25,4,SH002,浦东新区第2支行,综合支行,浦东新区,0,6,18,116,239,146,4.8100000000000005,12.3,0,0,2,4.427,0.25757,501,0.7684630738522954,0.0,0.0,0.017241379310344827,6.444444444444445,19.333333333333332,0.5155555555555555,,,,,,,,,,,,,,,,,,,,,,,,0,0,0,0,0,0,,,,,,
2026-06-26,5,SH002,浦东新区第2支行,综合支行,浦东新区,0,6,17,121,249,153,6.25,15.17,0,0,1,4.485,0.2528,523,0.768642447418738,0.0,0.0,0.008264462809917356,7.117647058823529,20.166666666666668,0.5377777777777778,,,,,,,,,,,3.0,608.0,0.004934210526315789,,,,,,,,,,,0,0,0,0,0,0,,,,,,
2026-06-27,6,SH002,浦东新区第2支行,综合支行,浦东新区,0,6,18,131,270,166,7.05,20.75,0,0,2,4.537,0.25599,567,0.7689594356261023,0.0,0.0,0.015267175572519083,7.277777777777778,21.833333333333332,0.5822222222222222,,,,,,,121.6,6.062,0.004860977073784278,0.0,3.0,739.0,0.0040595399188092015,,,,,,,0.07730263157894741,0.1629825140217749,-0.164871617950495,,0,0,0,0,0,0,,0.07730263157894741,,,,
2026-06-28,7,SH002,浦东新区第2支行,综合支行,浦东新区,0,6,17,39,80,49,1.0,2.93,0,0,0,4.531,0.26561,168,0.7678571428571429,0.0,0.0,0.0,2.2941176470588234,6.5,0.17333333333333334,,,,,,,123.16666666666667,6.226666666666667,0.004050814228153565,0.0,3.0,778.0,0.0038560411311053984,,,,,,,-0.6833558863328822,-0.8394004282655246,-0.04808245603920178,,0,0,0,0,0,0,,-0.6833558863328822,,,,
2026-06-29,1,SH002,浦东新区第2支行,综合支行,浦东新区,0,6,18,137,280,172,7.96,17.77,1,0,4,4.548,0.26928,589,0.767402376910017,0.0072992700729927005,0.0,0.029197080291970802,7.611111111111111,22.833333333333332,0.6088888888888888,,,,,,,111.14285714285714,5.4799999999999995,0.0034721264812744845,0.0,3.0,784.0,0.003826530612244898,,,,,,,0.23264781491002576,0.45255474452554756,0.10207120416890031,,0,0,0,0,0,0,,0.23264781491002576,,,,
2026-06-30,2,SH002,浦东新区第2支行,综合支行,浦东新区,0,6,17,129,265,162,5.88,17.0,0,0,1,4.693,0.25746,556,0.7679856115107914,0.0,0.0,0.007751937984496124,7.588235294117647,21.5,0.5733333333333334,,,,,,,114.375,5.79,0.003950519430239261,0.0,2.0,791.0,0.0025284450063211127,,,,,,,0.12786885245901639,0.015544041450777177,-0.359971504767924,,0,0,0,0,0,0,,0.12786885245901639,,,,
2026-07-01,3,SH002,浦东新区第2支行,综合支行,浦东新区,0,6,16,126,258,158,6.42,17.29,1,0,8,4.628,0.26911,542,0.7675276752767528,0.007936507936507936,0.0,0.06349206349206349,7.875,21.0,0.56,,,,,,,116.0,5.800000000000001,0.0035115728268793433,0.0,2.0,799.0,0.0025031289111389237,,,,,,,0.08620689655172414,0.10689655172413778,-0.28717727510057117,,0,0,0,0,0,0,,0.08620689655172414,,,,
2026-07-02,4,SH002,浦东新区第2支行,综合支行,浦东新区,0,6,17,125,256,157,5.59,11.7,1,0,5,4.561,0.25166,538,0.7676579925650557,0.008,0.0,0.04,7.352941176470588,20.833333333333332,0.5555555555555555,,,,,,,117.0,5.862,0.003954066337842203,0.0,3.0,808.0,0.0037128712871287127,,,,,,,0.06837606837606838,-0.0464005458887752,-0.06099924232558887,,0,0,0,0,0,0,,0.06837606837606838,,,,
2026-07-03,5,SH002,浦东新区第2支行,综合支行,浦东新区,0,6,17,131,269,165,7.57,22.64,0,0,4,4.5120000000000005,0.25306,565,0.768141592920354,0.0,0.0,0.030534351145038167,7.705882352941177,21.833333333333332,0.5822222222222222,,,,,,,117.72727272727273,5.837272727272727,0.004321878488947457,0.0,3.0,818.0,0.003667481662591687,,,,,,,0.11274131274131267,0.29683849867621875,-0.15141490627959334,,0,0,0,0,0,0,,0.11274131274131267,,,,
2026-07-04,6,SH002,浦东新区第2支行,综合支行,浦东新区,0,6,16,142,292,179,7.18,16.69,1,0,3,4.572,0.25493000000000005,613,0.768352365415987,0.007042253521126761,0.0,0.02112676056338028,8.875,23.666666666666668,0.6311111111111112,,,,,,,118.83333333333333,5.9816666666666665,0.003961721948201835,0.0,4.0,829.0,0.0048250904704463205,,,,,,,0.19495091164095377,0.20033435497353022,0.21792759146975343,,0,0,0,0,0,0,,0.19495091164095377,,,,
2026-07-05,7,SH002,浦东新区第2支行,综合支行,浦东新区,0,6,18,42,86,53,1.0,3.0,1,0,2,4.601,0.26275000000000004,181,0.7679558011049724,0.023809523809523808,0.0,0.047619047619047616,2.3333333333333335,7.0,0.18666666666666668,,,,,,,120.61538461538461,6.073846153846153,0.004198685915349907,0.0,5.0,832.0,0.006009615384615385,,,,,,,-0.6517857142857143,-0.8353596757852076,0.43130862983699997,,0,0,0,0,0,0,,-0.6517857142857143,,,,
2026-07-06,1,SH002,浦东新区第2支行,综合支行,浦东新区,0,6,17,147,302,185,9.0,21.48,2,0,7,4.431,0.24276000000000003,634,0.7681388012618297,0.013605442176870748,0.0,0.047619047619047616,8.647058823529411,24.5,0.6533333333333333,134.0,7.915,0.0074664289296261215,0.0,0.7677719849151855,0.26927,115.0,5.711428571428571,0.005599460050648043,0.0,6.0,842.0,0.007125890736342043,0.09701492537313433,0.13708149084017687,0.8222154533455172,,0.0004777672979102923,-0.09845136851487346,0.2782608695652174,0.5757878939469736,0.27260319243055264,0.0,0,0,0,0,1,0,0.09701492537313433,0.2782608695652174,,0.7677719849151855,7.915,0.26927
2026-07-07,2,SH002,浦东新区第2支行,综合支行,浦东新区,0,6,17,138,284,174,7.49,16.99,0,0,2,4.513,0.26336000000000004,596,0.7684563758389261,0.0,0.0,0.014492753623188406,8.117647058823529,23.0,0.6133333333333333,125.5,5.57,0.004098360655737705,0.0,0.7682432801386974,0.25649,117.13333333333334,5.930666666666667,0.006133192192396223,0.0,6.0,851.0,0.007050528789659225,0.099601593625498,0.3447037701974865,-1.0,,0.0002773804935726719,0.026784669967640232,0.1781445645987478,0.2629271582733812,0.14956919145633368,0.0,0,0,0,0,2,0,0.099601593625498,0.1781445645987478,,0.7682432801386974,5.57,0.25649
2026-07-08,3,SH002,浦东新区第2支行,综合支行,浦东新区,0,6,17,133,274,168,6.78,19.18,2,0,4,4.563,0.27268000000000003,575,0.768695652173913,0.015037593984962405,0.0,0.03007518796992481,7.823529411764706,22.166666666666668,0.5911111111111111,122.0,6.27,0.008205542103847187,0.0,0.7676221053549118,0.262795,118.4375,6.028125,0.005749867680371459,0.0,7.0,858.0,0.008158508158508158,0.09016393442622951,0.0813397129186604,0.832614322691976,,0.0013985355704482015,0.03761487090698085,0.12295514511873351,0.12472783825816486,0.41890363605395053,0.0,0,0,0,0,2,0,0.09016393442622951,0.12295514511873351,,0.7676221053549118,6.27,0.262795
2026-07-09,4,SH002,浦东新区第2支行,综合支行,浦东新区,0,6,18,131,270,165,6.05,13.59,0,0,0,4.55,0.24644000000000002,566,0.7685512367491166,0.0,0.0,0.0,7.277777777777778,21.833333333333332,0.5822222222222222,120.5,5.2,0.004,0.0,0.7680605332086756,0.25461500000000004,119.29411764705883,6.0723529411764705,0.006296204521817985,0.0,6.0,864.0,0.006944444444444444,0.08713692946058091,0.16346153846153838,-1.0,,0.0006388865450370517,-0.032107299255739116,0.09812623274161733,-0.00368110045529402,0.10295725311656237,0.0,0,0,0,0,3,0,0.08713692946058091,0.09812623274161733,,0.7680605332086756,5.2,0.25461500000000004
2026-07-10,5,SH002,浦东新区第2支行,综合支行,浦东新区,0,6,17,136,280,172,8.35,23.51,1,0,5,4.408,0.276,588,0.7687074829931972,0.007352941176470588,0.0,0.03676470588235294,8.0,22.666666666666668,0.6044444444444445,126.0,6.91,0.0,0.0,0.768392020169546,0.25293,119.94444444444444,6.071111111111112,0.005946415381716986,0.0,7.0,869.0,0.00805523590333717,0.07936507936507936,0.20839363241678718,,,0.000410549322963609,0.09121100699798378,0.13385826771653545,0.37536603221083437,0.3546372707335619,0.0,0,0,0,1,4,0,0.07936507936507936,0.13385826771653545,,0.768392020169546,6.91,0.25293
2026-07-11,6,SH002,浦东新区第2支行,综合支行,浦东新区,0,6,18,146,300,184,7.6,22.03,0,0,2,4.6129999999999995,0.26115000000000005,630,0.7682539682539683,0.0,0.0,0.0136986301369863,8.11111111111111,24.333333333333332,0.6488888888888888,136.5,7.115,0.0035211267605633804,0.0,0.7686559005210446,0.25546,120.78947368421052,6.191052631578947,0.006020443055125071,0.0,6.0,873.0,0.006872852233676976,0.0695970695970696,0.06816584680252978,-1.0,,-0.000522902727740519,0.02227354576058885,0.20871459694989114,0.22757799880982738,0.14158578874461208,0.0,0,0,0,0,3,0,0.0695970695970696,0.20871459694989114,,0.7686559005210446,7.115,0.25546
2026-07-12,7,SH002,浦东新区第2支行,综合支行,浦东新区,0,6,17,43,88,54,1.0,3.17,1,0,2,4.551,0.27269000000000004,185,0.7675675675675676,0.023255813953488372,0.0,0.046511627906976744,2.5294117647058822,7.166666666666667,0.19111111111111112,40.5,1.0,0.011904761904761904,0.0,0.7679064719810577,0.26418,122.05,6.2615,0.005719420902368817,0.0,6.0,874.0,0.006864988558352402,0.06172839506172839,0.0,0.9534883720930233,,-0.00044133553480248393,0.03221288515406169,-0.6476853748463745,-0.84029385929889,0.2002943436999233,0.0,0,0,0,0,2,0,0.06172839506172839,-0.6476853748463745,,0.7679064719810577,1.0,0.26418
2026-07-13,1,SH002,浦东新区第2支行,综合支行,浦东新区,0,6,17,147,302,185,9.14,26.15,0,0,3,4.655,0.27304,634,0.7681388012618297,0.0,0.0,0.02040816326530612,8.647058823529411,24.5,0.6533333333333333,137.0,7.96,0.007633587786259542,0.0,0.7681388012618297,0.26926,118.28571428571429,6.010952380952381,0.006554487238136415,0.0,4.0,874.0,0.004576659038901602,0.072992700729927,0.14824120603015084,-1.0,,0.0,0.014038475822624992,0.24275362318840574,0.52055771211281,-0.3017517812418768,0.0,0,0,0,0,3,0,0.072992700729927,0.24275362318840574,,0.7681388012618297,7.96,0.26926
2026-07-14,2,SH002,浦东新区第2支行,综合支行,浦东新区,0,6,16,140,288,177,7.16,19.49,0,0,3,4.463,0.26753000000000005,605,0.768595041322314,0.0,0.0,0.02142857142857143,8.75,23.333333333333332,0.6222222222222222,129.0,5.88,0.0,0.0,0.7684563758389261,0.25746,119.04761904761905,6.071428571428571,0.006190983057838341,0.0,4.0,876.0,0.0045662100456621,0.08527131782945736,0.21768707482993202,,,0.00018044678624279945,0.03911287190243153,0.17599999999999996,0.1792941176470589,-0.26244184437221674,0.0,0,0,0,0,3,0,0.08527131782945736,0.17599999999999996,,0.7684563758389261,5.88,0.25746
2026-07-15,3,SH002,浦东新区第2支行,综合支行,浦东新区,0,6,17,138,283,174,7.22,19.53,0,0,1,4.494,0.26615,595,0.7680672268907563,0.0,0.0,0.007246376811594203,8.117647058823529,23.0,0.6133333333333333,126.0,6.42,0.00847457627118644,0.0,0.7677165354330708,0.26911,119.9047619047619,6.161904761904762,0.005800662995387131,0.0,2.0,881.0,0.0022701475595913734,0.09523809523809523,0.1246105919003115,-1.0,,0.0004567981038570294,-0.010999219649957334,0.15091342335186664,0.17171561051004627,-0.6086399845333773,0.0,0,0,0,0,3,0,0.09523809523809523,0.15091342335186664,,0.7677165354330708,6.42,0.26911
2026-07-16,4,SH002,浦东新区第2支行,综合支行,浦东新区,0,6,17,138,283,174,6.65,20.65,3,0,8,4.61,0.25191,595,0.7680672268907563,0.021739130434782608,0.0,0.057971014492753624,8.117647058823529,23.0,0.6133333333333333,125.0,5.59,0.0,0.0,0.7684630738522954,0.25166,120.85714285714286,6.214285714285714,0.005397111744378253,0.0,5.0,888.0,0.00563063063063063,0.104,0.18962432915921298,,,-0.0005151151369638002,0.0009934037987762378,0.14184397163120563,0.07011494252873567,0.04326738027901971,0.0,0,0,0,1,4,0,0.104,0.14184397163120563,,0.7684630738522954,5.59,0.25166
2026-07-17,5,SH002,浦东新区第2支行,综合支行,浦东新区,0,6,17,146,300,184,8.09,23.91,1,0,4,4.505,0.26718000000000003,630,0.7682539682539683,0.00684931506849315,0.0,0.0273972602739726,8.588235294117647,24.333333333333332,0.6488888888888888,131.0,7.57,0.0,0.0,0.768642447418738,0.25306,121.9047619047619,6.301904761904762,0.006432308431748854,0.0,5.0,898.0,0.005567928730512249,0.11450381679389313,0.06869220607661818,,,-0.0005054094606332102,0.055797044179246115,0.19765625000000006,0.28373885446576996,-0.13438094743252105,0.0,0,0,0,1,4,0,0.11450381679389313,0.19765625000000006,,0.768642447418738,7.57,0.25306
2026-07-18,6,SH002,浦东新区第2支行,综合支行,浦东新区,0,6,17,160,328,201,10.6,30.87,1,0,3,4.533,0.2518,689,0.7677793904208998,0.00625,0.0,0.01875,9.411764705882353,26.666666666666668,0.7111111111111111,142.0,7.18,0.0,0.0,0.768352365415987,0.25599,123.0952380952381,6.38952380952381,0.00675846629215329,0.0,6.0,912.0,0.006578947368421052,0.1267605633802817,0.4763231197771588,,,-0.000745719048807663,-0.01636782686823693,0.299806576402321,0.6589655686391412,-0.026562080207555728,0.0,0,1,0,1,4,0,0.1267605633802817,0.299806576402321,,0.768352365415987,7.18,0.25599
2026-07-19,7,SH002,浦东新区第2支行,综合支行,浦东新区,0,6,17,48,98,60,1.0,2.11,0,0,1,4.47,0.27528,206,0.7669902912621359,0.0,0.0,0.020833333333333332,2.823529411764706,8.0,0.21333333333333335,42.0,1.0,0.023255813953488372,0.0,0.7678571428571429,0.26561,124.47619047619048,6.558571428571428,0.007056085339772337,0.0,5.0,917.0,0.0054525627044711015,0.14285714285714285,0.0,-1.0,,-0.0011289230074509637,0.03640676179360721,-0.6143840856924254,-0.8475277717272925,-0.22725386075800677,0.0,0,2,0,0,3,0,0.14285714285714285,-0.6143840856924254,,0.7678571428571429,1.0,0.26561
2026-07-20,1,SH002,浦东新区第2支行,综合支行,浦东新区,0,6,17,168,346,212,11.28,26.54,1,0,7,4.408,0.26641000000000004,726,0.768595041322314,0.005952380952380952,0.0,0.041666666666666664,9.882352941176471,28.0,0.7466666666666667,142.0,8.48,0.0074664289296261215,0.0,0.7681388012618297,0.26927,124.9047619047619,6.558571428571428,0.007056085339772337,0.0,6.0,938.0,0.006396588486140725,0.18309859154929578,0.3301886792452829,-0.20278073916133624,,0.0005939552327455945,-0.010621309466334806,0.34502478078536036,0.7198867349161404,-0.09346497694894529,0.0,0,3,0,0,3,0,0.18309859154929578,0.34502478078536036,,0.7681388012618297,8.48,0.26927
2026-07-21,2,SH002,浦东新区第2支行,综合支行,浦东新区,0,6,18,160,329,202,10.26,24.15,0,0,3,4.616,0.25344,691,0.768451519536903,0.0,0.0,0.01875,8.88888888888889,26.666666666666668,0.7111111111111111,133.5,6.52,0.0,0.0,0.7684786623027648,0.26041000000000003,126.38095238095238,6.716666666666666,0.006991947762600349,0.0,6.0,958.0,0.006263048016701462,0.19850187265917604,0.5736196319018405,,,-3.5320129488650306e-05,-0.02676548519642115,0.2660135644310475,0.527543424317618,-0.10424845417148901,0.0,1,4,0,0,3,0,0.19850187265917604,0.2660135644310475,,0.7684786623027648,6.52,0.26041000000000003
2026-07-22,3,SH002,浦东新区第2支行,综合支行,浦东新区,0,6,18,158,324,198,9.77,28.06,0,0,4,4.5600000000000005,0.26928,680,0.7676470588235295,0.0,0.0,0.02531645569620253,8.777777777777779,26.333333333333332,0.7022222222222222,129.5,6.6,0.008205542103847187,0.0,0.7678918811619135,0.26763000000000003,127.85714285714286,6.925238095238096,0.006991947762600349,0.0,6.0,978.0,0.006134969325153374,0.22007722007722008,0.48030303030303034,-1.0,,-0.0003188239703923299,0.00616522811344014,0.23575418994413405,0.41078181943202896,-0.12256648169354446,0.0,1,5,0,1,4,0,0.22007722007722008,0.23575418994413405,,0.7678918811619135,6.6,0.26763000000000003
2026-07-23,4,SH002,浦东新区第2支行,综合支行,浦东新区,0,6,16,158,325,199,8.05,23.09,0,0,3,4.366,0.26577,682,0.7683284457478006,0.0,0.0,0.0189873417721519,9.875,26.333333333333332,0.7022222222222222,128.0,5.82,0.004,0.0,0.7682651503715259,0.25178500000000004,129.38095238095238,7.084761904761905,0.006614018813242828,0.0,3.0,998.0,0.003006012024048096,0.234375,0.3831615120274915,-1.0,,8.238741044558351e-05,0.05554341998133315,0.22119985277880017,0.13624143029977157,-0.5455090000606968,0.0,1,5,0,1,4,0,0.234375,0.22119985277880017,,0.7682651503715259,5.82,0.25178500000000004
2026-07-24,5,SH002,浦东新区第2支行,综合支行,浦东新区,0,6,17,168,346,212,11.12,35.08,0,0,2,4.65,0.26112,726,0.768595041322314,0.0,0.0,0.011904761904761904,9.882352941176471,28.0,0.7466666666666667,133.5,7.83,0.003424657534246575,0.0,0.7684482078363531,0.26012,130.95238095238096,7.201904761904762,0.006233066432290447,0.0,2.0,1020.0,0.00196078431372549,0.25842696629213485,0.4201787994891442,-1.0,,0.00019107792101476904,0.0038443795171459356,0.2829090909090908,0.5440359693202854,-0.6854222018928545,0.0,1,5,0,1,5,0,0.25842696629213485,0.2829090909090908,,0.7684482078363531,7.83,0.26012
2026-07-25,6,SH002,浦东新区第2支行,综合支行,浦东新区,0,6,17,184,379,232,13.6,43.26,0,0,2,4.432,0.26621,795,0.7685534591194969,0.0,0.0,0.010869565217391304,10.823529411764707,30.666666666666668,0.8177777777777778,144.0,7.39,0.003125,0.0,0.7683031668349776,0.25546,132.71428571428572,7.370952380952382,0.006233066432290447,0.0,1.0,1044.0,0.0009578544061302681,0.2777777777777778,0.8403247631935048,-1.0,,0.0003257728138104859,0.0420809520081421,0.3864370290635091,0.8450804315524256,-0.8463269377062794,0.0,1,5,0,1,5,0,0.2777777777777778,0.3864370290635091,,0.7683031668349776,7.39,0.25546
2026-07-26,7,SH002,浦东新区第2支行,综合支行,浦东新区,0,6,17,54,112,68,1.0,2.26,1,0,3,4.497,0.25489,234,0.7692307692307693,0.018518518518518517,0.0,0.05555555555555555,3.176470588235294,9.0,0.24,42.5,1.0,0.011627906976744186,0.0,0.7677123552123553,0.26915,134.71428571428572,7.676666666666667,0.005897721026522506,0.0,2.0,1050.0,0.0019047619047619048,0.27058823529411763,0.0,0.5925925925925926,,0.001977842362578639,-0.05298160876834477,-0.59915164369035,-0.8697351280937907,-0.6770342482806421,0.0,1,5,0,1,4,0,0.27058823529411763,-0.59915164369035,,0.7677123552123553,1.0,0.26915
2026-07-27,1,SH002,浦东新区第2支行,综合支行,浦东新区,0,6,17,190,391,239,14.36,37.97,0,0,4,4.313,0.26425000000000004,820,0.7682926829268293,0.0,0.0,0.021052631578947368,11.176470588235293,31.666666666666668,0.8444444444444444,147.0,9.07,0.006625825512686826,0.0,0.7681388012618297,0.267845,135.28571428571428,7.676666666666667,0.0056457683936174926,0.0,1.0,1072.0,0.0009328358208955224,0.2925170068027211,0.5832414553472987,-1.0,,0.00020033054539993328,-0.01342194179469454,0.40443505807814156,0.8706035605731653,-0.8347725666624781,0.0,1,5,0,1,4,0,0.2925170068027211,0.40443505807814156,,0.7681388012618297,9.07,0.267845
2026-07-28,2,SH002,浦东新区第2支行,综合支行,浦东新区,0,6,18,179,368,225,13.85,43.72,1,0,1,4.295,0.25953000000000004,772,0.7681347150259067,0.00558659217877095,0.0,0.00558659217877095,9.944444444444445,29.833333333333332,0.7955555555555556,139.0,7.325,0.0,0.0,0.7684539476879146,0.26041000000000003,137.33333333333334,7.931904761904762,0.004997890194718885,0.0,2.0,1091.0,0.0018331805682859762,0.28776978417266186,0.8907849829351535,,,-0.00041542198197880585,-0.003379286509734618,0.3033980582524271,0.7461127453923275,-0.6332091148735038,0.0,1,5,0,1,4,0,0.28776978417266186,0.3033980582524271,,0.7684539476879146,7.325,0.26041000000000003
2026-07-29,3,SH002,浦东新区第2支行,综合支行,浦东新区,0,6,16,174,358,220,11.41,29.92,0,0,7,4.478,0.25559000000000004,752,0.7686170212765957,0.0,0.0,0.040229885057471264,10.875,29.0,0.7733333333333333,135.5,7.0,0.003968253968253968,0.0,0.7678571428571429,0.269195,139.28571428571428,8.234761904761905,0.005263918393707978,0.0,2.0,1107.0,0.0018066847335140017,0.28413284132841327,0.63,-1.0,,0.000989609104403643,-0.05053957168595248,0.2492307692307693,0.3855895449025617,-0.6567794942122294,0.0,1,5,0,1,4,0,0.28413284132841327,0.2492307692307693,,0.7678571428571429,7.0,0.269195
2026-07-30,4,SH002,浦东新区第2支行,综合支行,浦东新区,0,6,16,173,356,218,12.0,37.41,1,0,4,4.392,0.27251000000000003,747,0.7684069611780455,0.005780346820809248,0.0,0.023121387283236993,10.8125,28.833333333333332,0.7688888888888888,134.5,6.35,0.004,0.0,0.7681978363192785,0.25178500000000004,141.23809523809524,8.455238095238096,0.004547842489662149,0.0,3.0,1122.0,0.00267379679144385,0.2862453531598513,0.8897637795275591,0.445086705202312,,0.0002722278674579479,0.08231229024763187,0.22488199595414698,0.41923856724487485,-0.4120735716943263,0.0,1,5,0,1,4,0,0.2862453531598513,0.22488199595414698,,0.7681978363192785,6.35,0.25178500000000004
2026-07-31,5,SH002,浦东新区第2支行,综合支行,浦东新区,0,6,18,182,374,229,12.64,27.64,0,0,1,4.377,0.25064000000000003,785,0.7681528662420383,0.0,0.0,0.005494505494505495,10.11111111111111,30.333333333333332,0.8088888888888889,141.0,8.219999999999999,0.003424657534246575,0.0,0.7684245047881412,0.26415,143.23809523809524,8.738571428571428,0.004823097100176875,0.0,3.0,1136.0,0.002640845070422535,0.2907801418439716,0.5377128953771292,-1.0,,-0.00035350062941810507,-0.05114518266136652,0.27061170212765956,0.4464606833415075,-0.4524586555958641,0.0,1,5,0,1,5,0,0.2907801418439716,0.27061170212765956,,0.7684245047881412,8.219999999999999,0.26415
2026-08-01,6,SH002,浦东新区第2支行,综合支行,浦东新区,0,6,17,196,402,247,15.59,46.8,2,0,9,4.406,0.27227,845,0.7680473372781065,0.01020408163265306,0.0,0.04591836734693878,11.529411764705882,32.666666666666664,0.8711111111111111,153.0,9.1,0.003125,0.0,0.7683031668349776,0.25804000000000005,145.42857142857142,8.942857142857141,0.004472957044154466,0.0,5.0,1148.0,0.004355400696864111,0.28104575163398693,0.7131868131868132,2.265306122448979,,-0.00033297995884226146,0.05514648891644692,0.3477406679764245,0.7432907348242814,-0.026281573046623534,0.0,1,5,0,1,5,0,0.28104575163398693,0.3477406679764245,,0.7683031668349776,9.1,0.25804000000000005
2026-08-02,7,SH002,浦东新区第2支行,综合支行,浦东新区,0,6,17,58,119,73,1.87,5.7,0,0,1,4.529,0.26788,250,0.768,0.0,0.0,0.017241379310344827,3.411764705882353,9.666666666666666,0.2577777777777778,45.5,1.0,0.020887166236003445,0.0,0.76776168433627,0.26772000000000007,147.8095238095238,9.323333333333332,0.004958865693328421,0.0,4.0,1152.0,0.003472222222222222,0.27472527472527475,0.8700000000000001,-1.0,,0.0003104031740474627,0.0005976393246673313,-0.6076030927835051,-0.7994279585269932,-0.2997950666633915,0.0,1,5,0,1,5,0,0.27472527472527475,-0.6076030927835051,,0.76776168433627,1.0,0.26772000000000007
2026-08-03,1,SH002,浦东新区第2支行,综合支行,浦东新区,0,6,16,204,419,257,19.62,41.6,0,0,4,4.368,0.26407,880,0.7681818181818182,0.0,0.0,0.0196078431372549,12.75,34.0,0.9066666666666666,157.5,10.21,0.002976190476190476,0.0,0.7682157420943294,0.26533000000000007,148.52380952380952,9.364761904761904,0.0038514459812575464,0.0,4.0,1166.0,0.003430531732418525,0.29523809523809524,0.9216454456415278,-1.0,,-4.415935609278231e-05,-0.004748803376926991,0.37351715293363263,1.095087969083698,-0.10928733023579566,0.0,1,5,0,1,5,0,0.29523809523809524,0.37351715293363263,,0.7682157420943294,10.21,0.26533000000000007
2026-08-04,2,SH002,浦东新区第2支行,综合支行,浦东新区,0,6,18,192,395,242,14.91,37.98,1,0,6,4.4030000000000005,0.26019000000000003,829,0.7683956574185766,0.005208333333333333,0.0,0.03125,10.666666666666666,32.0,0.8533333333333334,150.0,8.875,0.0,0.0,0.7684539476879146,0.26144500000000004,151.23809523809524,9.863809523809525,0.0038514459812575464,0.0,4.0,1179.0,0.0033927056827820186,0.28,0.68,,,-7.585395261927347e-05,-0.004800244793360003,0.2695214105793451,0.5115863667085061,-0.11910858952920927,0.0,1,5,0,1,5,0,0.28,0.2695214105793451,,0.7684539476879146,8.875,0.26144500000000004
2026-08-05,3,SH002,浦东新区第2支行,综合支行,浦东新区,0,6,16,187,384,235,14.39,34.61,1,0,6,4.5120000000000005,0.27369000000000004,806,0.7679900744416873,0.0053475935828877,0.0,0.03208556149732621,11.6875,31.166666666666668,0.8311111111111111,148.0,8.495,0.0,0.0,0.7683421240836761,0.26771500000000004,153.71428571428572,10.232857142857144,0.00409946185427342,0.0,5.0,1192.0,0.0041946308724832215,0.2635135135135135,0.6939376103590349,,,-0.0004581938578580666,0.022318510356162363,0.21654275092936798,0.40625436269719384,0.023215002747395797,0.0,1,5,0,1,5,0,0.2635135135135135,0.21654275092936798,,0.7683421240836761,8.495,0.26771500000000004
2026-08-06,4,SH002,浦东新区第2支行,综合支行,浦东新区,0,6,17,185,379,233,13.8,31.63,0,0,3,4.537,0.26381000000000004,797,0.767879548306148,0.0,0.0,0.016216216216216217,10.882352941176471,30.833333333333332,0.8222222222222222,148.0,7.3500000000000005,0.002890173410404624,0.0,0.768367703462923,0.25884,156.04761904761904,10.574285714285715,0.004354109167744262,0.0,4.0,1204.0,0.0033222591362126247,0.25,0.8775510204081632,-1.0,,-0.0006353145174829475,0.019201050842219246,0.18553555080866654,0.3050526884625777,-0.2369830410260956,0.0,1,5,0,1,5,0,0.25,0.18553555080866654,,0.768367703462923,7.3500000000000005,0.25884
2026-08-07,5,SH002,浦东新区第2支行,综合支行,浦东新区,0,6,18,193,396,243,15.3,32.26,1,0,8,4.464,0.26905,832,0.7680288461538461,0.0051813471502590676,0.0,0.04145077720207254,10.722222222222221,32.166666666666664,0.8577777777777778,157.0,9.735,0.003424657534246575,0.0,0.7684245047881412,0.26415,158.28571428571428,10.914761904761905,0.003318912480373662,0.0,5.0,1215.0,0.00411522633744856,0.22929936305732485,0.5716486902927582,0.5129533678756478,,-0.0005148959095260914,0.018550066250236665,0.21931407942238274,0.40177130142663936,0.23993216506427562,0.0,1,5,0,1,5,0,0.22929936305732485,0.21931407942238274,,0.7684245047881412,9.735,0.26415
2026-08-08,6,SH002,浦东新区第2支行,综合支行,浦东新区,0,6,17,208,427,262,19.0,39.35,1,1,6,4.351,0.2646,897,0.7681159420289855,0.004807692307692308,48.07692307692308,0.028846153846153848,12.235294117647058,34.666666666666664,0.9244444444444444,172.0,12.1,0.003125,0.0,0.7681506527660373,0.26368,160.52380952380952,11.258095238095239,0.0032394854366482296,0.0,4.0,1227.0,0.0032599837000814994,0.20930232558139536,0.5702479338842976,0.5384615384615384,,-4.518740812999024e-05,0.0034890776699028226,0.29575793533076244,0.6876744776245663,0.00632762944428564,48.07692307692308,1,5,0,1,5,0,0.20930232558139536,0.29575793533076244,,0.7681506527660373,12.1,0.26368
2026-08-09,7,SH002,浦东新区第2支行,综合支行,浦东新区,0,6,17,61,125,77,1.73,4.82,1,0,1,4.399,0.24039000000000002,263,0.7680608365019012,0.01639344262295082,0.0,0.01639344262295082,3.588235294117647,10.166666666666666,0.2711111111111111,51.0,1.0,0.009259259259259259,0.0,0.7677837837837838,0.270285,162.8095238095238,11.658095238095239,0.0031708041179669107,2.2893772893772897,5.0,1230.0,0.0040650406504065045,0.19607843137254902,0.73,0.7704918032786887,,0.00036084731661305806,-0.11060547200177583,-0.6253290435799941,-0.8516052610080875,0.2820220042520223,0.0,1,5,0,1,5,0,0.19607843137254902,-0.6253290435799941,,0.7677837837837838,1.0,0.270285
2026-08-10,1,SH002,浦东新区第2支行,综合支行,浦东新区,0,6,16,212,435,267,20.85,51.79,1,0,6,4.163,0.27985000000000004,914,0.7680525164113785,0.0047169811320754715,0.0,0.02830188679245283,13.25,35.333333333333336,0.9422222222222223,179.0,12.82,0.0,0.0,0.7682372505543238,0.26533000000000007,163.42857142857142,11.692857142857143,0.003951444242869331,2.2893772893772897,6.0,1238.0,0.004846526655896607,0.18435754189944134,0.6263650546021842,,,-0.0002404649641917142,0.05472430558172831,0.2972027972027973,0.7831398900427612,0.22652031966350483,0.0,1,5,0,1,5,0,0.18435754189944134,0.2972027972027973,,0.7682372505543238,12.82,0.26533000000000007
2026-08-11,2,SH002,浦东新区第2支行,综合支行,浦东新区,0,6,17,197,405,248,14.66,29.96,0,0,5,4.428,0.25165000000000004,850,0.768235294117647,0.0,0.0,0.025380710659898477,11.588235294117647,32.833333333333336,0.8755555555555556,169.5,12.055,0.0026041666666666665,0.0,0.7684235884777398,0.25986000000000004,165.52380952380952,12.14857142857143,0.0038926156799976414,2.2893772893772897,5.0,1243.0,0.004022526146419952,0.16224188790560473,0.21609290750725843,-1.0,,-0.00024503979695084127,-0.03159393519587468,0.19016110471806677,0.20672624647224827,0.0333735660290998,0.0,1,5,0,1,5,0,0.16224188790560473,0.19016110471806677,,0.7684235884777398,12.055,0.25986000000000004
2026-08-12,3,SH002,浦东新区第2支行,综合支行,浦东新区,0,6,18,189,388,238,14.05,30.1,0,0,4,4.457,0.27493,815,0.7680981595092025,0.0,0.0,0.021164021164021163,10.5,31.5,0.84,166.0,10.59,0.0,0.0,0.7680286506662218,0.26771500000000004,167.28571428571428,12.358095238095236,0.0038926156799976414,2.2893772893772897,4.0,1245.0,0.00321285140562249,0.13855421686746988,0.32672332389046277,,,9.050292970233679e-05,0.026950301626729806,0.129803586678053,0.1369065967940816,-0.17462917746238005,0.0,1,5,0,1,5,0,0.13855421686746988,0.129803586678053,,0.7680286506662218,10.59,0.26771500000000004
2026-08-13,4,SH002,浦东新区第2支行,综合支行,浦东新区,0,6,17,184,379,232,12.74,36.01,1,0,4,4.416,0.26316,795,0.7685534591194969,0.005434782608695652,0.0,0.021739130434782608,10.823529411764707,30.666666666666668,0.8177777777777778,165.5,10.025,0.002890173410404624,0.0,0.7681978363192785,0.26479,168.76190476190476,12.561904761904762,0.0038926156799976414,2.2893772893772897,5.0,1244.0,0.0040192926045016075,0.11178247734138973,0.2708229426433915,0.8804347826086957,,0.00046293127031223167,-0.006155821594471166,0.09029345372460498,0.014177407126611103,0.032542879882774045,0.0,1,4,0,1,5,0,0.11178247734138973,0.09029345372460498,,0.7681978363192785,10.025,0.26479
2026-08-14,5,SH002,浦东新区第2支行,综合支行,浦东新区,0,6,17,190,390,239,15.02,39.64,0,0,3,4.358,0.26662,819,0.7680097680097681,0.0,0.0,0.015789473684210527,11.176470588235293,31.666666666666668,0.8444444444444444,175.0,11.879999999999999,0.0025906735751295338,0.0,0.7682034172480032,0.26415,170.0,12.785238095238096,0.004151414851840292,2.2893772893772897,4.0,1241.0,0.0032232070910556,0.08571428571428572,0.2643097643097644,-1.0,,-0.0002520806779653454,0.009350747681241825,0.11764705882352941,0.17479235725725342,-0.22358829312691406,0.0,0,3,0,1,5,0,0.08571428571428572,0.11764705882352941,,0.7682034172480032,11.879999999999999,0.26415
2026-08-15,6,SH002,浦东新区第2支行,综合支行,浦东新区,0,6,16,202,416,255,17.24,44.72,1,0,9,4.231,0.25270000000000004,873,0.7686139747995419,0.0049504950495049506,0.0,0.04455445544554455,12.625,33.666666666666664,0.8977777777777777,190.0,14.594999999999999,0.005528846153846154,0.0,0.7680816396535459,0.265405,171.04761904761904,12.97095238095238,0.004151414851840292,2.2893772893772897,4.0,1235.0,0.0032388663967611335,0.06315789473684211,0.18122644741349775,-0.10460611278519161,,0.0006930710467653539,-0.04787023605433193,0.1809576837416482,0.3291236829545872,-0.21981625244574926,0.0,0,2,0,1,5,0,0.06315789473684211,0.1809576837416482,,0.7680816396535459,14.594999999999999,0.265405
2026-08-16,7,SH002,浦东新区第2支行,综合支行,浦东新区,0,6,17,59,121,74,1.22,3.15,0,0,0,4.638,0.26632,254,0.7677165354330708,0.0,0.0,0.0,3.4705882352941178,9.833333333333334,0.26222222222222225,56.0,1.365,0.00819672131147541,0.0,0.7680304182509505,0.261385,171.9047619047619,13.144285714285715,0.004387152711340527,2.2893772893772897,3.0,1233.0,0.0024330900243309003,0.05357142857142857,-0.10622710622710624,-1.0,,-0.00040868539893837403,0.01888019587964123,-0.656786703601108,-0.9071840017389414,-0.4454056686831283,0.0,0,1,0,1,4,0,0.05357142857142857,-0.656786703601108,,0.7680304182509505,1.365,0.261385
2026-08-17,1,SH002,浦东新区第2支行,综合支行,浦东新区,0,6,18,202,416,255,17.68,48.24,1,0,8,4.469,0.26959,873,0.7686139747995419,0.0049504950495049506,0.0,0.039603960396039604,11.222222222222221,33.666666666666664,0.8977777777777777,197.0,16.990000000000002,0.0023584905660377358,0.0,0.7682372505543238,0.26533000000000007,172.14285714285714,13.154761904761907,0.003505318496172979,2.2893772893772897,3.0,1223.0,0.0024529844644317253,0.025380710659898477,0.04061212477928179,1.099009900990099,,0.0004903748743584571,0.01605547808389526,0.17344398340248965,0.34399999999999975,-0.3002106749758021,0.0,0,0,0,0,3,0,0.025380710659898477,0.17344398340248965,,0.7682372505543238,16.990000000000002,0.26533000000000007
2026-08-18,2,SH002,浦东新区第2支行,综合支行,浦东新区,0,6,17,187,384,236,12.99,33.95,1,0,6,4.4879999999999995,0.26268,807,0.7682775712515489,0.0053475935828877,0.0,0.03208556149732621,11.0,31.166666666666668,0.8311111111111111,185.5,14.254999999999999,0.0026041666666666665,0.0,0.7683154757681119,0.256485,172.71428571428572,13.312857142857142,0.003741056355673215,2.2893772893772897,4.0,1213.0,0.0032976092333058533,0.008086253369272238,-0.0887407927043142,1.053475935828877,,-4.933457382859835e-05,0.0241534592666238,0.08271298593879234,-0.024251529134027196,-0.11853526924150326,0.0,0,0,0,0,2,0,0.008086253369272238,0.08271298593879234,,0.7683154757681119,14.254999999999999,0.256485
2026-08-19,3,SH002,浦东新区第2支行,综合支行,浦东新区,0,6,17,179,368,225,12.31,32.39,0,0,3,4.502,0.23924,772,0.7681347150259067,0.0,0.0,0.01675977653631285,10.529411764705882,29.833333333333332,0.7955555555555556,180.5,12.73,0.0,0.0,0.7680441169754448,0.27148500000000003,173.0952380952381,13.27190476190476,0.0037296754701549644,2.2893772893772897,4.0,1203.0,0.0033250207813798837,-0.008310249307479225,-0.03299293008641005,,,0.00011795943547960374,-0.11877267620678866,0.03411279229711137,-0.07247676796670363,-0.10849595146096391,0.0,0,0,0,0,1,0,-0.008310249307479225,0.03411279229711137,,0.7680441169754448,12.73,0.27148500000000003
2026-08-20,4,SH002,浦东新区第2支行,综合支行,浦东新区,0,6,17,174,358,220,12.08,31.96,0,0,1,4.585,0.26589,752,0.7686170212765957,0.0,0.0,0.005747126436781609,10.235294117647058,29.0,0.7733333333333333,178.5,12.370000000000001,0.002717391304347826,0.0,0.768367703462923,0.26479,173.33333333333334,13.314761904761905,0.0037296754701549644,2.2893772893772897,3.0,1193.0,0.002514668901927913,-0.025210084033613446,-0.023443815683104358,-1.0,,0.0003244772165058686,0.004154235431851617,0.0038461538461537913,-0.0927363112907264,-0.32576736982871307,0.0,0,0,0,0,0,0,-0.025210084033613446,0.0038461538461537913,,0.768367703462923,12.370000000000001,0.26479
2026-08-21,5,SH002,浦东新区第2支行,综合支行,浦东新区,0,6,18,180,370,227,13.61,29.0,0,0,2,4.294,0.24725000000000003,777,0.7683397683397684,0.0,0.0,0.011111111111111112,10.0,30.0,0.8,186.0,13.83,0.0,0.0,0.7680908561979423,0.26387000000000005,173.38095238095238,13.318571428571428,0.0034544208596402385,2.2893772893772897,3.0,1183.0,0.00253592561284869,-0.03225806451612903,-0.01590744757772962,,,0.0003240660135679966,-0.06298556107173996,0.03817632518538864,0.021881368658157277,-0.2658897928514725,0.0,0,0,0,0,0,0,-0.03225806451612903,0.03817632518538864,,0.7680908561979423,13.83,0.26387000000000005
2026-08-22,6,SH002,浦东新区第2支行,综合支行,浦东新区,0,6,16,193,397,243,14.55,46.3,1,0,3,4.408,0.27298,833,0.7683073229291717,0.0051813471502590676,0.0,0.015544041450777202,12.0625,32.166666666666664,0.8577777777777778,199.0,16.415,0.00487909367859863,0.0,0.7683347005742411,0.265405,173.28571428571428,13.364761904761902,0.0034544208596402385,2.2893772893772897,3.0,1174.0,0.002555366269165247,-0.03015075376884422,-0.11361559549192803,0.06194869202578027,,-3.563244644420692e-05,0.028541285959194432,0.113767518549052,0.08868381671773701,-0.2602620314678808,0.0,0,0,0,0,0,0,-0.03015075376884422,0.113767518549052,,0.7683347005742411,16.415,0.265405
2026-08-23,7,SH002,浦东新区第2支行,综合支行,浦东新区,0,6,17,57,116,71,2.32,7.21,2,0,3,4.521,0.26607000000000003,244,0.7663934426229508,0.03508771929824561,0.0,0.05263157894736842,3.3529411764705883,9.5,0.25333333333333335,58.5,1.475,0.00819672131147541,0.0,0.7680304182509505,0.260605,173.14285714285714,13.315238095238096,0.0032152430271452865,2.2893772893772897,5.0,1172.0,0.004266211604095563,-0.02564102564102564,0.5728813559322032,3.2807017543859645,,-0.002131394263950648,0.020970434181999783,-0.6707920792079208,-0.8257635362277376,0.32687064961412854,0.0,0,0,0,0,1,0,-0.02564102564102564,-0.6707920792079208,,0.7680304182509505,1.475,0.260605
2026-08-24,1,SH002,浦东新区第2支行,综合支行,浦东新区,0,6,18,197,404,248,18.28,57.03,0,0,5,4.193,0.26831000000000005,849,0.767962308598351,0.0,0.0,0.025380710659898477,10.944444444444445,32.833333333333336,0.8755555555555556,203.0,18.65,0.0023584905660377358,0.0,0.7682372505543238,0.26692000000000005,173.0952380952381,13.336666666666666,0.00488608680325222,2.2893772893772897,4.0,1167.0,0.003427592116538132,-0.029556650246305417,-0.01983914209115268,-1.0,,-0.00035788678012474504,0.005207552824816432,0.13810178817056393,0.3706573356660836,-0.2984995448184224,0.0,0,0,0,0,1,0,-0.029556650246305417,0.13810178817056393,,0.7682372505543238,18.65,0.26692000000000005
2026-08-25,2,SH002,浦东新区第2支行,综合支行,浦东新区,0,6,18,184,378,232,12.67,37.77,4,0,9,4.443,0.25688,794,0.7682619647355163,0.021739130434782608,0.0,0.04891304347826087,10.222222222222221,30.666666666666668,0.8177777777777778,189.5,14.254999999999999,0.005277963458110517,0.0,0.768256432684598,0.25986000000000004,172.76190476190476,13.272857142857143,0.00488608680325222,2.2893772893772897,7.0,1164.0,0.006013745704467354,-0.029023746701846966,-0.11118905647141349,3.1188482276012386,,7.200786980753528e-06,-0.011467713384130062,0.06504961411245867,-0.04542029921429343,0.23078978057953345,0.0,0,0,0,0,1,0,-0.029023746701846966,0.06504961411245867,,0.768256432684598,14.254999999999999,0.25986000000000004
2026-08-26,3,SH002,浦东新区第2支行,综合支行,浦东新区,0,6,17,178,366,225,12.59,39.51,1,0,3,4.469,0.26027,769,0.7685305591677504,0.0056179775280898875,0.0,0.016853932584269662,10.470588235294118,29.666666666666668,0.7911111111111111,183.0,13.18,0.0,0.0,0.7681164372675546,0.26464000000000004,172.38095238095238,13.166190476190476,0.005673267617606947,2.2893772893772897,8.0,1163.0,0.006878761822871883,-0.0273224043715847,-0.04476479514415781,,,0.0005391394847230584,-0.016512998790810307,0.03259668508287294,-0.043762884733625065,0.21248675129015468,0.0,0,0,0,0,1,0,-0.0273224043715847,0.03259668508287294,,0.7681164372675546,13.18,0.26464000000000004
2026-08-27,4,SH002,浦东新区第2支行,综合支行,浦东新区,0,6,17,176,362,222,11.95,34.36,1,0,10,4.359,0.28391,760,0.7684210526315789,0.005681818181818182,0.0,0.056818181818181816,10.352941176470589,29.333333333333332,0.7822222222222222,179.0,12.41,0.002717391304347826,0.0,0.7684802101487712,0.26485000000000003,171.95238095238096,13.08047619047619,0.005686143043568957,2.2893772893772897,9.0,1165.0,0.007725321888412017,-0.01675977653631285,-0.03706688154713947,1.090909090909091,,-7.697988368609841e-05,0.07196526335661682,0.023539185821102124,-0.086424696931086,0.3586225019698329,0.0,0,0,0,0,1,0,-0.01675977653631285,0.023539185821102124,,0.7684802101487712,12.41,0.26485000000000003
2026-08-28,5,SH002,浦东新区第2支行,综合支行,浦东新区,0,6,17,185,380,233,13.27,39.67,1,0,8,4.388,0.25955,798,0.768170426065163,0.005405405405405406,0.0,0.043243243243243246,10.882352941176471,30.833333333333332,0.8222222222222222,186.0,14.315,0.0,0.0,0.7680908561979423,0.25863,171.52380952380952,12.992380952380952,0.005956705814131728,2.2893772893772897,10.0,1170.0,0.008547008547008548,-0.005376344086021506,-0.07300034928396787,,,0.00010359434249036289,0.0035572052739433796,0.07856746252082179,0.021367834628353635,0.43485490365019686,0.0,0,0,0,0,0,0,-0.005376344086021506,0.07856746252082179,,0.7680908561979423,14.315,0.25863
2026-08-29,6,SH002,浦东新区第2支行,综合支行,浦东新区,0,6,17,201,413,253,16.99,45.77,3,0,3,4.064,0.26159000000000004,867,0.7681660899653979,0.014925373134328358,0.0,0.014925373134328358,11.823529411764707,33.5,0.8933333333333333,199.0,16.415,0.005065921099882009,0.0,0.7682116324790786,0.268435,171.14285714285714,12.895714285714286,0.005967375254852981,2.2893772893772897,12.0,1178.0,0.010186757215619695,0.010050251256281407,0.03502893694791345,1.9462308709616476,,-5.928381158945663e-05,-0.025499655410061783,0.17445742904841405,0.31749196853882783,0.7070750171669349,0.0,0,0,0,0,0,0,0.010050251256281407,0.17445742904841405,,0.7682116324790786,16.415,0.268435
2026-08-30,7,SH002,浦东新区第2支行,综合支行,浦东新区,0,6,18,60,122,75,1.5899999999999999,4.51,0,0,2,4.66,0.25009000000000003,257,0.7665369649805448,0.0,0.0,0.03333333333333333,3.3333333333333335,10.0,0.26666666666666666,58.5,1.8,0.00819672131147541,0.0,0.7678582677165354,0.266195,170.8095238095238,12.8,0.006449169579930888,0.0,10.0,1181.0,0.00846740050804403,0.02564102564102564,-0.11666666666666677,-1.0,,-0.0017207638330442533,-0.06050076072052435,-0.6487315305269027,-0.8757812500000001,0.31294431059677147,0.0,0,0,0,0,0,0,0.02564102564102564,-0.6487315305269027,,0.7678582677165354,1.8,0.266195
2026-08-31,1,SH002,浦东新区第2支行,综合支行,浦东新区,0,6,16,209,430,263,20.56,61.84,2,0,9,4.13,0.27348,902,0.7682926829268293,0.009569377990430622,0.0,0.0430622009569378,13.0625,34.833333333333336,0.928888888888889,203.0,18.950000000000003,0.0023584905660377358,0.0,0.7681171672965983,0.26895,170.76190476190476,12.793333333333331,0.005668529455028468,0.0,12.0,1193.0,0.010058675607711651,0.029556650246305417,0.08496042216358816,3.057416267942584,,0.00022850111637098776,0.016843279419966457,0.22392638036809817,0.6070870244919231,0.7744770821978794,0.0,0,0,0,0,0,0,0.029556650246305417,0.22392638036809817,,0.7681171672965983,18.950000000000003,0.26895
2026-09-01,2,SH002,浦东新区第2支行,综合支行,浦东新区,0,6,17,195,401,246,15.3,34.61,2,0,9,4.492,0.26433,842,0.7684085510688836,0.010256410256410256,0.0,0.046153846153846156,11.470588235294118,32.5,0.8666666666666667,189.5,13.825,0.005277963458110517,0.0,0.7682697679935326,0.258535,170.61904761904762,12.779523809523809,0.0058995959720929995,0.0,10.0,1204.0,0.008305647840531562,0.029023746701846966,0.10669077757685363,0.9432514714836616,,0.0001806436763917374,0.022414760090509966,0.14289701367569074,0.19722770801505393,0.40783332957374835,0.0,0,0,0,0,0,0,0.029023746701846966,0.14289701367569074,,0.7682697679935326,13.825,0.258535
2026-09-02,3,SH002,浦东新区第2支行,综合支行,浦东新区,0,6,17,190,391,240,14.97,40.93,2,0,7,4.412,0.26727,821,0.7685749086479903,0.010526315789473684,0.0,0.03684210526315789,11.176470588235293,31.666666666666668,0.8444444444444444,183.0,13.32,0.00267379679144385,0.0,0.7681164372675546,0.26698,170.52380952380952,12.809999999999999,0.006387996460493488,0.0,11.0,1216.0,0.009046052631578948,0.03825136612021858,0.1238738738738739,2.9368421052631577,,0.0005968774500732966,0.0010862236871676248,0.11421390672996373,0.16861826697892288,0.41610169753915593,0.0,0,0,0,0,1,0,0.03825136612021858,0.11421390672996373,,0.7681164372675546,13.32,0.26698
2026-09-03,4,SH002,浦东新区第2支行,综合支行,浦东新区,0,6,16,189,388,238,13.72,29.74,0,0,2,4.324,0.26821,815,0.7680981595092025,0.0,0.0,0.010582010582010581,11.8125,31.5,0.84,180.0,12.41,0.002717391304347826,0.0,0.7684872558755379,0.26485000000000003,170.57142857142858,12.853809523809524,0.0068892495933255676,0.0,10.0,1229.0,0.008136696501220505,0.05,0.10556003223207094,-1.0,,-0.0005063146634645776,0.012686426279025765,0.10804020100502505,0.06738784129218692,0.18107152179585523,0.0,0,0,0,0,1,0,0.05,0.10804020100502505,,0.7684872558755379,12.41,0.26485000000000003
2026-09-04,5,SH002,浦东新区第2支行,综合支行,浦东新区,0,6,18,198,408,250,16.58,37.58,2,0,7,4.341,0.27201000000000003,856,0.7686915887850467,0.010101010101010102,0.0,0.03535353535353535,11.0,33.0,0.88,187.5,14.315,0.0025906735751295338,0.0,0.7680996361095045,0.263085,170.8095238095238,12.900476190476189,0.006630450421482918,0.0,11.0,1242.0,0.008856682769726247,0.056,0.15822563744324128,2.8989898989898992,,0.0007706717302204892,0.03392439705798512,0.15918594926122118,0.2852238750876675,0.33575884091226277,0.0,0,0,0,0,2,0,0.056,0.15918594926122118,,0.7680996361095045,14.315,0.263085
2026-09-05,6,SH002,浦东新区第2支行,综合支行,浦东新区,0,6,17,215,442,271,19.48,55.94,0,0,2,4.2620000000000005,0.25758000000000003,928,0.7683189655172413,0.0,0.0,0.009302325581395349,12.647058823529411,35.833333333333336,0.9555555555555556,201.5,17.115,0.005065921099882009,0.0,0.7682367064472848,0.263095,171.1904761904762,12.974761904761905,0.0071114509024834,0.0,8.0,1256.0,0.006369426751592357,0.06699751861042183,0.138182880514169,-1.0,,0.0001070751622073899,-0.020962009920370936,0.25591098748261465,0.5013762983080706,-0.10434216042072644,0.0,0,0,0,0,3,0,0.06699751861042183,0.25591098748261465,,0.7682367064472848,17.115,0.263095
2026-09-06,7,SH002,浦东新区第2支行,综合支行,浦东新区,0,6,17,63,130,80,1.49,3.08,0,0,0,4.51,0.26085,273,0.7692307692307693,0.0,0.0,0.0,3.7058823529411766,10.5,0.28,59.5,1.66,0.00819672131147541,0.0,0.7671267502068078,0.25808000000000003,171.8095238095238,13.081428571428571,0.006875713042983163,0.0,8.0,1259.0,0.006354249404289118,0.058823529411764705,-0.10240963855421684,-1.0,,0.002742726705064443,0.01073310601363916,-0.6333148558758315,-0.8860980670525281,-0.07584139062147337,0.0,0,0,0,0,3,0,0.058823529411764705,-0.6333148558758315,,0.7671267502068078,1.66,0.25808000000000003
2026-09-07,1,SH002,浦东新区第2支行,综合支行,浦东新区,0,6,17,222,455,279,24.09,53.23,1,0,10,4.214,0.26734,956,0.7677824267782427,0.0045045045045045045,0.0,0.04504504504504504,13.058823529411764,37.0,0.9866666666666667,205.5,19.42,0.004833738090790211,0.0,0.7681725996691039,0.27153499999999997,172.0,13.094285714285713,0.006875713042983163,0.0,7.0,1272.0,0.00550314465408805,0.08029197080291971,0.24047373841400607,-0.06811158985072029,,-0.0005079234680191073,-0.01544920544312869,0.29069767441860467,0.8397337988217327,-0.19962560687372688,0.0,0,0,0,0,3,0,0.08029197080291971,0.29069767441860467,,0.7681725996691039,19.42,0.27153499999999997
2026-09-08,2,SH002,浦东新区第2支行,综合支行,浦东新区,0,6,17,207,426,261,17.85,47.69,3,0,8,4.288,0.26483,894,0.7684563758389261,0.014492753623188406,0.0,0.03864734299516908,12.176470588235293,34.5,0.92,191.0,13.825,0.007802001919648978,0.0,0.7682697679935326,0.25978,172.95238095238096,13.399523809523812,0.006854475397983141,0.0,8.0,1284.0,0.006230529595015576,0.08376963350785341,0.2911392405063293,0.8575685795063805,,0.0002428936464346904,0.019439525752559854,0.19686123348017615,0.3321368918582749,-0.09102750637213672,0.0,0,0,0,1,4,0,0.08376963350785341,0.19686123348017615,,0.7682697679935326,13.825,0.25978
2026-09-09,3,SH002,浦东新区第2支行,综合支行,浦东新区,0,6,16,200,411,252,16.35,47.9,0,0,4,4.356,0.26496000000000003,863,0.7682502896871379,0.0,0.0,0.02,12.5,33.333333333333336,0.888888888888889,184.0,13.32,0.0028089887640449437,0.0,0.7683326370968285,0.26377,173.9047619047619,13.630952380952381,0.0072899592094260324,0.0,6.0,1294.0,0.00463678516228748,0.08695652173913043,0.22747747747747757,-1.0,,-0.00010717676916829921,0.004511506236494008,0.1500547645125959,0.19947598253275114,-0.3639490936668008,0.0,0,0,0,1,4,0,0.08695652173913043,0.1500547645125959,,0.7683326370968285,13.32,0.26377
2026-09-10,4,SH002,浦东新区第2支行,综合支行,浦东新区,0,6,17,196,403,247,15.07,41.25,0,0,2,4.33,0.24413,846,0.7683215130023641,0.0,0.0,0.01020408163265306,11.529411764705882,32.666666666666664,0.8711111111111111,180.0,12.41,0.002717391304347826,0.0,0.7684872558755379,0.26705,174.9047619047619,13.823333333333334,0.0072899592094260324,0.0,6.0,1301.0,0.004611837048424289,0.08888888888888889,0.21434327155519742,-1.0,,-0.00021567419876729687,-0.0858266242276727,0.12060985570378442,0.0901856763925729,-0.367371350657064,0.0,0,0,0,1,4,0,0.08888888888888889,0.12060985570378442,,0.7684872558755379,12.41,0.26705
2026-09-11,5,SH002,浦东新区第2支行,综合支行,浦东新区,0,6,17,203,418,256,17.44,37.18,1,0,3,4.447,0.26433,877,0.7685290763968073,0.0049261083743842365,0.0,0.014778325123152709,11.941176470588236,33.833333333333336,0.9022222222222223,187.5,14.315,0.002702702702702703,0.0,0.7682550972024657,0.263085,175.95238095238096,13.965714285714288,0.0072899592094260324,0.0,5.0,1306.0,0.0038284839203675345,0.08266666666666667,0.218302479916172,0.8226600985221674,,0.0003566252867561317,0.004732310850105464,0.15372124492557504,0.2487725040916529,-0.474827799390531,0.0,0,0,0,1,5,0,0.08266666666666667,0.15372124492557504,,0.7682550972024657,14.315,0.263085
2026-09-12,6,SH002,浦东新区第2支行,综合支行,浦东新区,0,6,17,217,447,274,20.86,50.19,1,0,4,4.16,0.27238,938,0.7686567164179104,0.004608294930875576,0.0,0.018433179723502304,12.764705882352942,36.166666666666664,0.9644444444444443,201.5,17.115,0.005065921099882009,0.0,0.7683131442232065,0.25958500000000007,177.04761904761904,14.14809523809524,0.007524535798682425,0.0,6.0,1308.0,0.0045871559633027525,0.07692307692307693,0.21881390593047043,-0.09033424721460658,,0.00044717729650622896,0.04929021322495499,0.22565895642818729,0.4744034196088989,-0.3903735611031339,0.0,0,0,0,1,5,0,0.07692307692307693,0.22565895642818729,,0.7683131442232065,17.115,0.25958500000000007
2026-09-13,7,SH002,浦东新区第2支行,综合支行,浦东新区,0,6,17,63,130,80,2.07,5.14,1,0,2,4.553,0.26487,273,0.7692307692307693,0.015873015873015872,0.0,0.031746031746031744,3.7058823529411766,10.5,0.28,59.5,1.54,0.0,0.0,0.7671267502068078,0.26346,178.1904761904762,14.44857142857143,0.007497247597759402,0.0,7.0,1308.0,0.005351681957186544,0.058823529411764705,0.34415584415584405,,,0.002742726705064443,0.0053518560692323944,-0.6464457509353287,-0.8567332410520071,-0.2861804432354713,0.0,0,0,0,1,5,0,0.058823529411764705,-0.6464457509353287,,0.7671267502068078,1.54,0.26346
2026-09-14,1,SH002,浦东新区第2支行,综合支行,浦东新区,0,6,18,218,448,275,21.63,68.75,1,0,1,4.346,0.27381,941,0.7683315621679064,0.0045871559633027525,0.0,0.0045871559633027525,12.11111111111111,36.333333333333336,0.9688888888888889,205.5,19.42,0.0047274997770047275,0.0,0.7681274957625901,0.26895,178.47619047619048,14.436666666666667,0.006582261720367509,0.0,7.0,1304.0,0.005368098159509203,0.06082725060827251,0.11380020597322334,-0.029686688592695118,,0.00026566736178834936,0.018070273284997117,0.22145144076840978,0.4982682983144769,-0.184459933749112,0.0,0,0,0,1,4,0,0.06082725060827251,0.22145144076840978,,0.7681274957625901,19.42,0.26895
2026-09-15,2,SH002,浦东新区第2支行,综合支行,浦东新区,0,6,17,202,415,254,16.95,38.96,0,0,7,4.374,0.26080000000000003,871,0.7680826636050516,0.0,0.0,0.034653465346534656,11.882352941176471,33.666666666666664,0.8977777777777777,191.0,14.145,0.012374581939799331,0.0,0.7683430611602162,0.263505,179.47619047619048,14.596190476190475,0.006800697718620022,0.0,4.0,1299.0,0.003079291762894534,0.05759162303664921,0.19830328738069988,-1.0,,-0.0003389079284081746,-0.010265459858446548,0.12549747943751655,0.1612619078689808,-0.5472094349284833,0.0,0,0,0,1,4,0,0.05759162303664921,0.12549747943751655,,0.7683430611602162,14.145,0.263505
2026-09-16,3,SH002,浦东新区第2支行,综合支行,浦东新区,0,6,17,193,396,243,14.27,44.1,2,0,8,4.41,0.25404000000000004,832,0.7680288461538461,0.010362694300518135,0.0,0.04145077720207254,11.352941176470589,32.166666666666664,0.8577777777777778,184.5,13.780000000000001,0.0028089887640449437,0.0,0.7683904244274442,0.26261500000000004,180.33333333333334,14.8,0.005765501031249421,0.0,6.0,1292.0,0.0046439628482972135,0.04607046070460705,0.035558780841799593,2.689119170984456,,-0.00047056582448627905,-0.032652361822439684,0.07024029574861362,-0.03581081081081089,-0.194525710232882,0.0,0,0,0,0,3,0,0.04607046070460705,0.07024029574861362,,0.7683904244274442,13.780000000000001,0.26261500000000004
2026-09-17,4,SH002,浦东新区第2支行,综合支行,浦东新区,0,6,16,187,385,236,13.27,31.27,0,0,2,4.501,0.25354000000000004,808,0.7685643564356436,0.0,0.0,0.0106951871657754,11.6875,31.166666666666668,0.8311111111111111,182.5,12.9,0.0,0.0,0.7683712828169715,0.26705,181.04761904761904,14.879999999999999,0.005991439925174576,0.0,6.0,1283.0,0.004676539360872954,0.024657534246575342,0.028682170542635596,,,0.0002512764635921939,-0.050589777195281654,0.032877432930036886,-0.10819892473118277,-0.21946319761577326,0.0,0,0,0,0,2,0,0.024657534246575342,0.032877432930036886,,0.7683712828169715,12.9,0.26705
2026-09-18,5,SH002,浦东新区第2支行,综合支行,浦东新区,0,6,16,193,396,243,14.57,45.03,1,0,5,4.487,0.26377,832,0.7680288461538461,0.0051813471502590676,0.0,0.025906735751295335,12.0625,32.166666666666664,0.8577777777777778,191.5,15.094999999999999,0.0051657568898948215,0.0,0.7684344223682879,0.26194,181.57142857142858,14.942857142857143,0.005720877154611804,0.0,6.0,1273.0,0.004713275726630008,0.007832898172323759,-0.03477972838688298,0.003018001175150819,,-0.0005277954795306197,0.006986332747957541,0.06294256490952,-0.024952198852772462,-0.17612708693972437,0.0,0,0,0,0,1,0,0.007832898172323759,0.06294256490952,,0.7684344223682879,15.094999999999999,0.26194
2026-09-19,6,SH002,浦东新区第2支行,综合支行,浦东新区,0,6,18,206,423,259,18.1,47.65,1,0,5,4.309,0.2667,888,0.7680180180180181,0.0048543689320388345,0.0,0.024271844660194174,11.444444444444445,34.333333333333336,0.9155555555555556,208.0,18.235,0.004894821040567322,0.0,0.7683131442232065,0.26698500000000003,181.95238095238096,15.004761904761907,0.005710207713890551,0.0,6.0,1262.0,0.004754358161648178,-0.009615384615384616,-0.0074033452152452986,-0.008264267108690609,,-0.00038412229103126943,-0.0010674757008822039,0.13216435488092115,0.2062837194541415,-0.16739313176247345,0.0,0,0,0,0,1,0,-0.009615384615384616,0.13216435488092115,,0.7683131442232065,18.235,0.26698500000000003
2026-06-22,1,SH003,浦东新区第3支行,综合支行,浦东新区,0,6,15,230,263,161,25.3,66.79,2,0,5,4.207,0.23315000000000002,654,0.6483180428134556,0.008695652173913044,0.0,0.021739130434782608,15.333333333333334,38.333333333333336,1.0222222222222224,,,,,,,,,,,,,,,,,,,,,,,,0,0,0,0,0,0,,,,,,
2026-06-23,2,SH003,浦东新区第3支行,综合支行,浦东新区,0,6,15,214,245,150,18.49,57.61,2,0,15,4.3870000000000005,0.24974000000000002,609,0.6486042692939245,0.009345794392523364,0.0,0.07009345794392523,14.266666666666667,35.666666666666664,0.951111111111111,,,,,,,,,,,,,,,,,,,,,,,,0,0,0,0,0,0,,,,,,
2026-06-24,3,SH003,浦东新区第3支行,综合支行,浦东新区,0,6,15,207,237,145,17.11,34.32,1,0,7,4.294,0.24144000000000002,589,0.6485568760611206,0.004830917874396135,0.0,0.033816425120772944,13.8,34.5,0.92,,,,,,,,,,,,,,,,,,,,,,,,0,0,0,0,0,0,,,,,,
2026-06-25,4,SH003,浦东新区第3支行,综合支行,浦东新区,0,6,15,204,233,143,17.36,42.29,1,0,6,4.351,0.22709000000000001,580,0.6482758620689655,0.004901960784313725,0.0,0.029411764705882353,13.6,34.0,0.9066666666666666,,,,,,,,,,,,,,,,,,,,,,,,0,0,0,0,0,0,,,,,,
2026-06-26,5,SH003,浦东新区第3支行,综合支行,浦东新区,0,6,15,213,244,149,17.79,37.5,0,0,7,4.335,0.25963,606,0.6485148514851485,0.0,0.0,0.03286384976525822,14.2,35.5,0.9466666666666667,,,,,,,,,,,6.0,1068.0,0.0056179775280898875,,,,,,,,,,,0,0,0,0,0,0,,,,,,
2026-06-27,6,SH003,浦东新区第3支行,综合支行,浦东新区,0,6,15,231,264,162,23.95,58.43,2,0,4,4.233,0.251,657,0.6484018264840182,0.008658008658008658,0.0,0.017316017316017316,15.4,38.5,1.0266666666666666,,,,,,,213.6,19.21,0.005554865045029254,0.0,8.0,1299.0,0.006158583525789068,,,,,,,0.0814606741573034,0.24674648620510142,0.10868283493224541,,0,0,0,0,0,0,,0.0814606741573034,,,,
2026-06-28,7,SH003,浦东新区第3支行,综合支行,浦东新区,0,6,14,68,78,48,1.0,2.86,0,0,0,4.608,0.22633000000000003,194,0.6494845360824743,0.0,0.0,0.0,4.857142857142857,11.333333333333334,0.3022222222222222,,,,,,,216.5,20.0,0.006072055647192487,0.0,8.0,1367.0,0.005852231163130944,,,,,,,-0.6859122401847575,-0.95,-0.03620264648977359,,0,0,0,0,0,0,,-0.6859122401847575,,,,
2026-06-29,1,SH003,浦东新区第3支行,综合支行,浦东新区,0,6,15,240,274,168,29.3,76.0,0,0,3,4.052,0.24554,682,0.6480938416422287,0.0,0.0,0.0125,16.0,40.0,1.0666666666666667,,,,,,,195.28571428571428,17.285714285714285,0.005204619126164989,0.0,6.0,1377.0,0.004357298474945534,,,,,,,0.2289685442574982,0.6950413223140497,-0.16280166342235322,,0,0,0,0,0,0,,0.2289685442574982,,,,
2026-06-30,2,SH003,浦东新区第3支行,综合支行,浦东新区,0,6,15,226,259,158,21.63,45.8,2,0,8,4.329,0.24059000000000003,643,0.6485225505443235,0.008849557522123894,0.0,0.035398230088495575,15.066666666666666,37.666666666666664,1.0044444444444445,,,,,,,200.875,18.7875,0.004554041735394365,0.0,6.0,1389.0,0.004319654427645789,,,,,,,0.12507778469197262,0.15129740518962062,-0.051467975343067296,,0,0,0,0,0,0,,0.12507778469197262,,,,
2026-07-01,3,SH003,浦东新区第3支行,综合支行,浦东新区,0,6,16,221,252,155,19.7,59.04,1,0,3,4.323,0.25499,628,0.6480891719745223,0.004524886877828055,0.0,0.013574660633484163,13.8125,36.833333333333336,0.9822222222222223,,,,,,,203.66666666666666,19.103333333333335,0.005031321267253201,0.0,6.0,1403.0,0.0042765502494654314,,,,,,,0.08510638297872346,0.031233641598324757,-0.15001447486573036,,0,0,0,0,0,0,,0.08510638297872346,,,,
2026-07-02,4,SH003,浦东新区第3支行,综合支行,浦东新区,0,6,15,219,250,154,19.46,46.68,0,0,6,4.274,0.25883,623,0.6484751203852327,0.0,0.0,0.0273972602739726,14.6,36.5,0.9733333333333334,,,,,,,205.4,19.163,0.004980677828310688,0.0,5.0,1418.0,0.003526093088857546,,,,,,,0.06621226874391428,0.015498617126754714,-0.29204553869859473,,0,0,0,0,0,0,,0.06621226874391428,,,,
2026-07-03,5,SH003,浦东新区第3支行,综合支行,浦东新区,0,6,15,230,263,161,23.47,49.37,1,0,5,4.213,0.26477,654,0.6483180428134556,0.004347826086956522,0.0,0.021739130434782608,15.333333333333334,38.333333333333336,1.0222222222222224,,,,,,,206.63636363636363,19.19,0.004527888934827897,0.0,6.0,1435.0,0.004181184668989547,,,,,,,0.11306643202815668,0.2230328295987492,-0.0765708414735063,,0,0,0,0,0,0,,0.11306643202815668,,,,
2026-07-04,6,SH003,浦东新区第3支行,综合支行,浦东新区,0,6,15,250,286,175,32.64,99.79,1,0,3,3.957,0.25062,711,0.6483825597749648,0.004,0.0,0.012,16.666666666666668,41.666666666666664,1.111111111111111,,,,,,,208.58333333333334,19.546666666666667,0.004512883697505282,0.0,5.0,1454.0,0.0034387895460797797,,,,,,,0.1985617259288853,0.669849931787176,-0.23800616710314534,,0,0,0,0,0,0,,0.1985617259288853,,,,
2026-07-05,7,SH003,浦东新区第3支行,综合支行,浦东新区,0,6,16,74,85,52,1.0,2.8,1,0,2,4.519,0.26124,211,0.6492890995260664,0.013513513513513514,0.0,0.02702702702702703,4.625,12.333333333333334,0.3288888888888889,,,,,,,211.76923076923077,20.553846153846152,0.004473431105389492,0.0,6.0,1460.0,0.00410958904109589,,,,,,,-0.6505630221576462,-0.9513473053892215,-0.08133400419540456,,0,0,0,0,0,0,,-0.6505630221576462,,,,
2026-07-06,1,SH003,浦东新区第3支行,综合支行,浦东新区,0,6,15,258,296,181,40.73,113.27,0,0,1,3.806,0.25257,735,0.6489795918367347,0.0,0.0,0.003875968992248062,17.2,43.0,1.1466666666666667,235.0,27.3,0.004347826086956522,0.0,0.6482059422278421,0.23934500000000003,201.92857142857142,19.157142857142855,0.0051191512773983506,0.0,6.0,1478.0,0.0040595399188092015,0.09787234042553192,0.4919413919413918,-1.0,,0.001193524400954435,0.055254966679897155,0.2776795189246552,1.1260999254287847,-0.2069896553492093,0.0,0,0,0,0,1,0,0.09787234042553192,0.2776795189246552,,0.6482059422278421,27.3,0.23934500000000003
2026-07-07,2,SH003,浦东新区第3支行,综合支行,浦东新区,0,6,15,242,277,170,28.18,81.63,0,0,3,4.122,0.25347000000000003,689,0.648766328011611,0.0,0.0,0.012396694214876033,16.133333333333333,40.333333333333336,1.0755555555555556,220.0,20.06,0.00909767595732363,0.0,0.648563409919124,0.24516500000000002,205.66666666666666,20.595333333333333,0.004777874525571794,0.0,4.0,1494.0,0.002677376171352075,0.1,0.40478564307078774,-1.0,,0.000312873173823318,0.03387514531030125,0.17666126418152356,0.3682711293820607,-0.4396302881077316,0.0,0,0,0,0,2,0,0.1,0.17666126418152356,,0.648563409919124,20.06,0.24516500000000002
2026-07-08,3,SH003,浦东新区第3支行,综合支行,浦东新区,0,6,14,234,268,164,24.63,77.35,0,0,3,4.088,0.23395000000000002,666,0.6486486486486487,0.0,0.0,0.01282051282051282,16.714285714285715,39.0,1.04,214.0,18.405,0.004677902376112095,0.0,0.6483230240178215,0.24821500000000002,207.9375,21.069375,0.004479257367723557,0.0,3.0,1507.0,0.0019907100199071004,0.09345794392523364,0.3382233088834554,-1.0,,0.0005022567744227477,-0.057470338214854054,0.12533814247069433,0.16899528343864012,-0.5555714136339487,0.0,0,0,0,0,3,0,0.09345794392523364,0.12533814247069433,,0.6483230240178215,18.405,0.24821500000000002
2026-07-09,4,SH003,浦东新区第3支行,综合支行,浦东新区,0,6,15,230,263,161,23.79,68.46,1,0,7,4.219,0.24799000000000002,654,0.6483180428134556,0.004347826086956522,0.0,0.030434782608695653,15.333333333333334,38.333333333333336,1.0222222222222224,211.5,18.41,0.0024509803921568627,0.0,0.6483754912270991,0.24296,209.47058823529412,21.278823529411767,0.0042157716402104065,0.0,4.0,1518.0,0.002635046113306983,0.08747044917257683,0.29223248234655075,0.773913043478261,,-8.860361691771908e-05,0.020702996378004636,0.09800617803987645,0.11801293746890015,-0.3749552067351851,0.0,0,0,0,1,4,0,0.08747044917257683,0.09800617803987645,,0.6483754912270991,18.41,0.24296
2026-07-10,5,SH003,浦东新区第3支行,综合支行,浦东新区,0,6,14,239,274,168,27.48,69.57,1,0,8,4.097,0.25011,681,0.6490455212922174,0.0041841004184100415,0.0,0.03347280334728033,17.071428571428573,39.833333333333336,1.0622222222222222,221.5,20.63,0.002173913043478261,0.0,0.6484164471493021,0.2622,210.61111111111111,21.418333333333333,0.004223107998362969,0.0,4.0,1527.0,0.0026195153896529143,0.07900677200902935,0.33204071740184204,0.924686192468619,,0.0009701699358196477,-0.046109839816933604,0.13479293062516484,0.2830129950976578,-0.3797185886156986,0.0,0,0,0,1,5,0,0.07900677200902935,0.13479293062516484,,0.6484164471493021,20.63,0.2622
2026-07-11,6,SH003,浦东新区第3支行,综合支行,浦东新区,0,6,14,256,293,180,36.82,116.57,1,0,5,3.895,0.25487000000000004,729,0.6488340192043895,0.00390625,0.0,0.01953125,18.285714285714285,42.666666666666664,1.1377777777777778,240.5,28.295,0.006329004329004329,0.0,0.6483921931294916,0.25081,212.10526315789474,21.737368421052633,0.00422105496783913,0.0,4.0,1533.0,0.002609262883235486,0.06444906444906445,0.3012899805619367,-0.38280181258549933,,0.0006814179436144404,0.0161875523304496,0.20694789081885853,0.6938572915910025,-0.38184579373738015,0.0,0,0,0,1,5,0,0.06444906444906445,0.20694789081885853,,0.6483921931294916,28.295,0.25081
2026-07-12,7,SH003,浦东新区第3支行,综合支行,浦东新区,0,6,15,75,86,52,1.0,2.14,0,0,2,4.604,0.24445000000000003,213,0.647887323943662,0.0,0.0,0.02666666666666667,5.0,12.5,0.3333333333333333,71.0,1.0,0.006756756756756757,0.0,0.6493868178042703,0.24378500000000003,214.3,22.4915,0.004205314719447174,0.0,3.0,1534.0,0.001955671447196871,0.056338028169014086,0.0,-1.0,,-0.002309091930258866,0.002727813442172401,-0.6500233317778815,-0.9555387590867661,-0.5349524167232931,0.0,0,0,0,1,4,0,0.056338028169014086,-0.6500233317778815,,0.6493868178042703,1.0,0.24378500000000003
2026-07-13,1,SH003,浦东新区第3支行,综合支行,浦东新区,0,6,15,258,295,181,40.18,100.4,1,0,8,3.757,0.25122,734,0.6485013623978202,0.003875968992248062,0.0,0.031007751937984496,17.2,43.0,1.1466666666666667,240.0,29.3,0.0,0.0,0.6483180428134556,0.24554,207.66666666666666,21.468095238095238,0.004005061637568736,0.0,4.0,1534.0,0.002607561929595828,0.075,0.3713310580204778,,,0.0002827618117321462,0.023132687138551725,0.24237560192616378,0.8716145775569505,-0.34893338341261027,0.0,0,0,0,1,4,0,0.075,0.24237560192616378,,0.6483180428134556,29.3,0.24554
2026-07-14,2,SH003,浦东新区第3支行,综合支行,浦东新区,0,6,14,239,273,167,26.47,84.53,0,0,4,4.12,0.24202,679,0.6480117820324006,0.0,0.0,0.016736401673640166,17.071428571428573,39.833333333333336,1.0622222222222222,226.0,21.63,0.008849557522123894,0.0,0.6486042692939245,0.24974000000000002,209.0,22.176666666666666,0.0037755529146323084,0.0,4.0,1531.0,0.002612671456564337,0.05752212389380531,0.22376329172445678,-1.0,,-0.0009134803601721881,-0.03091214863457998,0.14354066985645933,0.19359687359086125,-0.30800295595412713,0.0,0,0,0,1,4,0,0.05752212389380531,0.14354066985645933,,0.6486042692939245,21.63,0.24974000000000002
2026-07-15,3,SH003,浦东新区第3支行,综合支行,浦东新区,0,6,15,228,261,160,22.8,65.51,1,0,4,4.2620000000000005,0.24656000000000003,649,0.6486902927580893,0.0043859649122807015,0.0,0.017543859649122806,15.2,38.0,1.0133333333333334,221.0,19.7,0.004524886877828055,0.0,0.6485568760611206,0.24144000000000002,210.1904761904762,22.556666666666665,0.00333051508641691,0.0,5.0,1525.0,0.003278688524590164,0.03167420814479638,0.15736040609137064,-0.030701754385965053,,0.00020571317935758727,0.02120609675281649,0.084730403262347,0.010787645928772094,-0.015561125075852186,0.0,0,0,0,1,4,0,0.03167420814479638,0.084730403262347,,0.6485568760611206,19.7,0.24144000000000002
2026-07-16,4,SH003,浦东新区第3支行,综合支行,浦东新区,0,6,15,222,254,156,21.04,58.51,2,0,7,4.328,0.24106000000000002,632,0.6487341772151899,0.009009009009009009,0.0,0.03153153153153153,14.8,37.0,0.9866666666666667,219.0,19.46,0.004347826086956522,0.0,0.6483180428134556,0.24799000000000002,211.1904761904762,22.82761904761905,0.0033093268501257,0.0,6.0,1517.0,0.003955174686882004,0.0136986301369863,0.08119218910585808,1.072072072072072,,0.0006418676856938967,-0.027944675188515632,0.05118376550169103,-0.07830948308231474,0.19515988175413154,0.0,0,0,0,0,3,0,0.0136986301369863,0.05118376550169103,,0.6483180428134556,19.46,0.24799000000000002
2026-07-17,5,SH003,浦东新区第3支行,综合支行,浦东新区,0,6,14,229,262,160,23.3,59.06,1,0,5,4.268,0.25016,651,0.6482334869431644,0.004366812227074236,0.0,0.021834061135371178,16.357142857142858,38.166666666666664,1.0177777777777777,230.0,23.47,0.0041841004184100415,0.0,0.6485148514851485,0.25963,212.04761904761904,23.002857142857142,0.0035049005751111896,0.0,6.0,1507.0,0.003981420039814201,-0.004347826086956522,-0.0072432893054963,0.04366812227074239,,-0.00043385982809766675,-0.036474983630551294,0.07994610375028076,0.012917649981368852,0.13595805486947204,0.0,0,0,0,0,3,0,-0.004347826086956522,0.07994610375028076,,0.6485148514851485,23.47,0.25963
2026-07-18,6,SH003,浦东新区第3支行,综合支行,浦东新区,0,6,15,244,279,171,29.76,94.15,2,0,6,4.038,0.23294,694,0.6484149855907781,0.00819672131147541,0.0,0.02459016393442623,16.266666666666666,40.666666666666664,1.0844444444444443,250.0,32.64,0.004,0.0,0.6484018264840182,0.251,212.8095238095238,23.265238095238097,0.0037128440144956767,0.0,7.0,1495.0,0.0046822742474916385,-0.024,-0.08823529411764702,1.0491803278688525,,2.029467873536811e-05,-0.07195219123505973,0.14656522712016118,0.27916163497554086,0.26110179399164485,0.0,0,0,0,0,2,0,-0.024,0.14656522712016118,,0.6484018264840182,32.64,0.251
2026-07-19,7,SH003,浦东新区第3支行,综合支行,浦东新区,0,6,16,71,81,50,1.0,2.89,0,0,2,4.545,0.25118,202,0.6485148514851485,0.0,0.0,0.028169014084507043,4.4375,11.833333333333334,0.3155555555555556,74.0,1.0,0.0,0.0,0.6492890995260664,0.24445000000000003,213.42857142857142,23.54190476190476,0.0036908779503750464,0.0,7.0,1491.0,0.004694835680751174,-0.04054054054054054,0.0,,,-0.0011924550119245835,0.027531192472898283,-0.6673360107095047,-0.9575225535013552,0.2720105470499535,0.0,0,0,0,0,1,0,-0.04054054054054054,-0.6673360107095047,,0.6492890995260664,1.0,0.24445000000000003
2026-07-20,1,SH003,浦东新区第3支行,综合支行,浦东新区,0,6,16,244,279,171,30.77,97.56,0,0,1,3.914,0.24447000000000002,694,0.6484149855907781,0.0,0.0,0.004098360655737705,15.25,40.666666666666664,1.0844444444444443,249.0,34.74,0.001937984496124031,0.0,0.6484097026056379,0.24838,213.57142857142858,23.54190476190476,0.0036908779503750464,0.0,6.0,1477.0,0.004062288422477996,-0.020080321285140562,-0.11427748992515838,-1.0,,8.147603465853145e-06,-0.015742008213221553,0.1424749163879598,0.3070310287632996,0.10062930205134768,0.0,0,0,0,0,0,0,-0.020080321285140562,0.1424749163879598,,0.6484097026056379,34.74,0.24838
2026-07-21,2,SH003,浦东新区第3支行,综合支行,浦东新区,0,6,15,227,259,159,22.84,71.99,0,0,3,4.193,0.25602,645,0.648062015503876,0.0,0.0,0.013215859030837005,15.133333333333333,37.833333333333336,1.008888888888889,232.5,24.049999999999997,0.004424778761061947,0.0,0.648563409919124,0.24588000000000002,213.76190476190476,23.61190476190476,0.0036908779503750464,0.0,6.0,1465.0,0.004095563139931741,-0.023655913978494623,-0.050311850311850204,-1.0,,-0.0007730846476684754,0.041239629087359723,0.061929160169302756,-0.032691338106282095,0.10964469565176826,0.0,0,0,0,0,0,0,-0.023655913978494623,0.061929160169302756,,0.648563409919124,24.049999999999997,0.24588000000000002
2026-07-22,3,SH003,浦东新区第3支行,综合支行,浦东新区,0,6,16,218,249,153,19.98,46.17,0,0,2,4.33,0.22943000000000002,620,0.6483870967741936,0.0,0.0,0.009174311926605505,13.625,36.333333333333336,0.9688888888888889,224.5,21.25,0.0044554258950543785,0.0,0.6486027623548847,0.24400000000000002,213.8095238095238,23.66952380952381,0.0032694704493215275,0.0,5.0,1455.0,0.003436426116838488,-0.028953229398663696,-0.05976470588235292,-1.0,,-0.00033250795896715645,-0.05971311475409835,0.019599109131403183,-0.15587655413833337,0.05106504863856673,0.0,0,0,0,0,0,0,-0.028953229398663696,0.019599109131403183,,0.6486027623548847,21.25,0.24400000000000002
2026-07-23,4,SH003,浦东新区第3支行,综合支行,浦东新区,0,6,16,214,244,150,17.4,40.84,2,0,6,4.449,0.24164000000000002,608,0.6480263157894737,0.009345794392523364,0.0,0.028037383177570093,13.375,35.666666666666664,0.951111111111111,220.5,20.25,0.004624893435635123,0.0,0.6483965815993442,0.24452500000000002,213.66666666666666,23.68285714285714,0.00305399964561543,0.0,5.0,1447.0,0.0034554250172771253,-0.02947845804988662,-0.1407407407407408,1.0207588612774021,,-0.00057104836820274,-0.01179838462324915,0.0015600624024961444,-0.26529134998190373,0.1314425076106391,0.0,0,0,0,0,0,1,-0.02947845804988662,0.0015600624024961444,,0.6483965815993442,20.25,0.24452500000000002
2026-07-24,5,SH003,浦东新区第3支行,综合支行,浦东新区,0,6,15,222,254,156,20.71,47.36,0,0,6,4.247,0.25599,632,0.6487341772151899,0.0,0.0,0.02702702702702703,14.8,37.0,0.9866666666666667,229.5,23.384999999999998,0.004265963252683282,0.0,0.6484164471493021,0.254895,213.42857142857142,23.584761904761905,0.0034990374738308283,0.0,4.0,1440.0,0.002777777777777778,-0.032679738562091505,-0.11438956596108606,-1.0,,0.0004900092637758097,0.004295886541517145,0.04016064257028119,-0.12189064771442414,-0.20613088640728341,0.0,0,0,0,0,0,1,-0.032679738562091505,0.04016064257028119,,0.6484164471493021,23.384999999999998,0.254895
2026-07-25,6,SH003,浦东新区第3支行,综合支行,浦东新区,0,6,15,240,274,168,26.61,70.04,0,0,4,4.128,0.23768000000000003,682,0.6480938416422287,0.0,0.0,0.016666666666666666,16.0,40.0,1.0666666666666667,247.0,31.200000000000003,0.006098360655737705,0.0,0.6484084060373982,0.25081,213.04761904761904,23.453333333333333,0.003291998136356708,0.0,2.0,1436.0,0.001392757660167131,-0.02834008097165992,-0.1471153846153847,-1.0,,-0.00048513312326087005,-0.05235038475339878,0.126508717031739,0.13459351904491187,-0.5769263521793753,0.0,0,0,0,0,0,2,-0.02834008097165992,0.126508717031739,,0.6484084060373982,31.200000000000003,0.25081
2026-07-26,7,SH003,浦东新区第3支行,综合支行,浦东新区,0,6,15,71,81,50,1.0,3.15,1,0,2,4.559,0.24762,202,0.6485148514851485,0.014084507042253521,0.0,0.028169014084507043,4.733333333333333,11.833333333333334,0.3155555555555556,72.5,1.0,0.0,0.0,0.6489019755056075,0.247815,212.57142857142858,23.166190476190476,0.0031015219458805175,0.0,3.0,1436.0,0.0020891364902506965,-0.020689655172413793,0.0,,,-0.0005965832052788741,-0.0007868773076690302,-0.665994623655914,-0.956833645090341,-0.3264156995485667,0.0,0,0,0,0,0,2,-0.020689655172413793,-0.665994623655914,,0.6489019755056075,1.0,0.247815
2026-07-27,1,SH003,浦东新区第3支行,综合支行,浦东新区,0,6,16,247,283,173,32.13,99.85,1,0,5,3.856,0.24553000000000003,703,0.6486486486486487,0.004048582995951417,0.0,0.020242914979757085,15.4375,41.166666666666664,1.0977777777777777,251.0,35.475,0.0,0.0,0.6484581739942992,0.24838,212.42857142857142,23.166190476190476,0.0031287121139157554,0.0,4.0,1439.0,0.002779708130646282,-0.01593625498007968,-0.094291754756871,,,0.00029373468018183943,-0.011474353812706192,0.1627437794216544,0.3869349832473433,-0.11154876849077545,0.0,0,0,0,0,0,2,-0.01593625498007968,0.1627437794216544,,0.6484581739942992,35.475,0.24838
2026-07-28,2,SH003,浦东新区第3支行,综合支行,浦东新区,0,6,15,233,266,163,24.55,64.96,1,0,4,4.206,0.26032,662,0.648036253776435,0.004291845493562232,0.0,0.017167381974248927,15.533333333333333,38.833333333333336,1.0355555555555556,233.0,24.655,0.0,0.0,0.6482922830240998,0.24774500000000002,211.9047619047619,22.756666666666668,0.0033215017803896324,0.0,5.0,1445.0,0.0034602076124567475,0.0,-0.004258771040356942,,,-0.0003949287294774891,0.05075783567781378,0.09955056179775285,0.07880474586201844,0.041759975227484016,0.0,0,0,0,0,0,1,0.0,0.09955056179775285,,0.6482922830240998,24.655,0.24774500000000002
2026-07-29,3,SH003,浦东新区第3支行,综合支行,浦东新区,0,6,15,227,259,159,22.24,67.23,1,0,7,4.172,0.25576000000000004,645,0.648062015503876,0.004405286343612335,0.0,0.030837004405286344,15.133333333333333,37.833333333333336,1.008888888888889,224.5,21.39,0.0021929824561403508,0.0,0.6485178727114211,0.24025500000000002,211.47619047619048,22.583809523809524,0.0035258753753211673,0.0,6.0,1454.0,0.0041265474552957355,0.011135857461024499,0.03973819541841972,1.008810572687225,,-0.0007029215796925306,0.06453559759422288,0.07340689034001348,-0.015223716948509344,0.1703611205826734,0.0,0,0,0,0,0,1,0.011135857461024499,0.07340689034001348,,0.6485178727114211,21.39,0.24025500000000002
2026-07-30,4,SH003,浦东新区第3支行,综合支行,浦东新区,0,6,15,225,257,158,21.36,59.58,1,0,4,4.321,0.25985,640,0.6484375,0.0044444444444444444,0.0,0.017777777777777778,15.0,37.5,1.0,220.5,20.25,0.006678417547982766,0.0,0.6483965815993442,0.244815,211.14285714285714,22.47,0.0037356509154931835,0.0,5.0,1465.0,0.0034129692832764505,0.02040816326530612,0.05481481481481479,-0.3345063538611926,,6.310705795958596e-05,0.06141372056450797,0.06562922868741544,-0.04939919893190919,-0.08637895764790225,0.0,0,0,0,0,0,0,0.02040816326530612,0.06562922868741544,,0.6483965815993442,20.25,0.244815
2026-07-31,5,SH003,浦东新区第3支行,综合支行,浦东新区,0,6,15,237,271,166,26.51,54.19,1,0,8,4.075,0.25678,674,0.6483679525222552,0.004219409282700422,0.0,0.03375527426160337,15.8,39.5,1.0533333333333332,229.5,23.384999999999998,0.004265963252683282,0.0,0.6485261100143227,0.253075,210.9047619047619,22.354285714285716,0.0037402517896592746,0.0,6.0,1480.0,0.004054054054054054,0.032679738562091505,0.13363267051528774,-0.0109128858420376,,-0.00024387220441131823,0.014639928874839529,0.12372996161661778,0.1859023517382413,0.08389870041967579,0.0,0,0,0,0,1,0,0.032679738562091505,0.12372996161661778,,0.6485261100143227,23.384999999999998,0.253075
2026-08-01,6,SH003,浦东新区第3支行,综合支行,浦东新区,0,6,14,255,291,178,35.39,75.59,0,0,8,3.8890000000000002,0.23525000000000001,724,0.6477900552486188,0.0,0.0,0.03137254901960784,18.214285714285715,42.5,1.1333333333333333,247.0,31.200000000000003,0.003953125,0.0,0.6483987726828715,0.24415000000000003,210.8095238095238,22.30809523809524,0.003741933164149293,0.0,6.0,1495.0,0.004013377926421404,0.032388663967611336,0.1342948717948717,-1.0,,-0.000938801027852109,-0.03645300020479221,0.20962276936977645,0.5864196213204685,0.072541317646389,0.0,0,0,0,0,2,0,0.032388663967611336,0.20962276936977645,,0.6483987726828715,31.200000000000003,0.24415000000000003
2026-08-02,7,SH003,浦东新区第3支行,综合支行,浦东新区,0,6,15,76,86,53,1.0,2.1,0,0,1,4.572,0.2538,215,0.6465116279069767,0.0,0.0,0.013157894736842105,5.066666666666666,12.666666666666666,0.3377777777777778,72.5,1.0,0.006756756756756757,0.0,0.6485148514851485,0.2494,210.76190476190476,22.240000000000002,0.003555921259387388,0.0,5.0,1500.0,0.0033333333333333335,0.04827586206896552,0.0,-1.0,,-0.0030889401739749014,0.01764234161988779,-0.6394035246272028,-0.9550359712230216,-0.06259641589825353,0.0,0,0,0,0,2,0,0.04827586206896552,-0.6394035246272028,,0.6485148514851485,1.0,0.2494
2026-08-03,1,SH003,浦东新区第3支行,综合支行,浦东新区,0,6,15,265,303,186,46.52,128.15,2,0,9,3.585,0.27661,754,0.6485411140583555,0.007547169811320755,0.0,0.033962264150943396,17.666666666666668,44.166666666666664,1.1777777777777778,252.5,36.155,0.001937984496124031,0.0,0.6485750055232344,0.248375,210.8095238095238,22.240000000000002,0.003555921259387388,0.0,6.0,1518.0,0.003952569169960474,0.04950495049504951,0.2866823399253216,2.8943396226415095,,-5.225527439441642e-05,0.1136789129340715,0.2570589564038853,1.0917266187050358,0.11154575189930396,0.0,0,0,0,0,3,0,0.04950495049504951,0.2570589564038853,,0.6485750055232344,36.155,0.248375
2026-08-04,2,SH003,浦东新区第3支行,综合支行,浦东新区,0,6,15,250,286,175,32.25,84.49,1,0,5,3.9939999999999998,0.25155,711,0.6483825597749648,0.004,0.0,0.02,16.666666666666668,41.666666666666664,1.111111111111111,236.0,25.509999999999998,0.0,0.0,0.6480491346401556,0.254745,211.14285714285714,22.54190476190476,0.0037307403460098976,0.0,6.0,1535.0,0.003908794788273616,0.059322033898305086,0.2642101136809095,,,0.0005145059486799797,-0.01254195371842432,0.1840324763193505,0.43066880730068874,0.04772630248957183,0.0,0,0,0,1,4,0,0.059322033898305086,0.1840324763193505,,0.6480491346401556,25.509999999999998,0.254745
2026-08-05,3,SH003,浦东新区第3支行,综合支行,浦东新区,0,6,15,243,278,170,28.79,69.27,1,0,4,4.052,0.229,691,0.6483357452966715,0.00411522633744856,0.0,0.01646090534979424,16.2,40.5,1.08,227.5,22.52,0.0021929824561403508,0.0,0.6485178727114211,0.24025500000000002,211.66666666666666,22.817142857142855,0.003921216536486088,0.0,6.0,1551.0,0.0038684719535783366,0.06813186813186813,0.2784191829484902,0.8765432098765434,,-0.0002808363846445584,-0.046846059395225965,0.14803149606299218,0.26177059854745816,-0.013451076322099123,0.0,0,0,0,1,4,0,0.06813186813186813,0.14803149606299218,,0.6485178727114211,22.52,0.24025500000000002
2026-08-06,4,SH003,浦东新区第3支行,综合支行,浦东新区,0,6,16,240,275,168,27.06,54.66,0,0,3,4.166,0.25636000000000003,683,0.6486090775988287,0.0,0.0,0.0125,15.0,40.0,1.0666666666666667,223.5,21.2,0.006726726726726726,0.0,0.6483777714067278,0.244815,212.38095238095238,23.102380952380955,0.003908324223398842,0.0,5.0,1566.0,0.0031928480204342275,0.0738255033557047,0.27641509433962264,-1.0,,0.0003567460241566161,0.04715805812552346,0.13004484304932737,0.1713078429351745,-0.1830647003851709,0.0,0,0,0,1,4,0,0.0738255033557047,0.13004484304932737,,0.6483777714067278,21.2,0.244815
2026-08-07,5,SH003,浦东新区第3支行,综合支行,浦东新区,0,6,15,251,287,176,32.92,84.49,1,0,4,3.922,0.26472,714,0.6484593837535014,0.00398406374501992,0.0,0.01593625498007968,16.733333333333334,41.833333333333336,1.1155555555555556,233.0,24.905,0.0042017548505552315,0.0,0.6485510648687225,0.253075,213.23809523809524,23.38904761904762,0.0034793237943984137,0.0,5.0,1580.0,0.0031645569620253164,0.07725321888412018,0.32182292712306765,-0.05180956844889344,,-0.00014136298618154736,0.04601402746221483,0.1770879857079053,0.4074963861799377,-0.09046781816623695,0.0,0,0,0,1,5,0,0.07725321888412018,0.1770879857079053,,0.6485510648687225,24.905,0.253075
2026-08-08,6,SH003,浦东新区第3支行,综合支行,浦东新区,0,6,15,270,309,190,49.04,154.04,0,0,2,3.441,0.25531000000000004,769,0.6488946684005201,0.0,0.0,0.007407407407407408,18.0,45.0,1.2,249.5,32.575,0.001953125,0.0,0.6482544136165034,0.23646500000000004,214.28571428571428,23.847142857142856,0.003461097676205352,0.0,5.0,1595.0,0.003134796238244514,0.08216432865731463,0.5054489639293935,-1.0,,0.0009876597375479057,0.07969466940139132,0.26000000000000006,1.0564308392739472,-0.09427686488137066,0.0,0,0,0,1,5,0,0.08216432865731463,0.26000000000000006,,0.6482544136165034,32.575,0.23646500000000004
2026-08-09,7,SH003,浦东新区第3支行,综合支行,浦东新区,0,6,16,79,91,56,2.38,6.85,0,0,1,4.552,0.25816,226,0.6504424778761062,0.0,0.0,0.012658227848101266,4.9375,13.166666666666666,0.3511111111111111,73.0,1.0,0.0,0.0,0.6482010877144053,0.2494,215.52380952380952,24.765238095238097,0.0030707776137541415,0.0,5.0,1598.0,0.0031289111389236545,0.0821917808219178,1.38,,,0.00345786238897586,0.03512429831595826,-0.633451171011931,-0.9038975522525814,0.018931206515616944,0.0,0,0,0,1,5,0,0.0821917808219178,-0.633451171011931,,0.6482010877144053,1.0,0.2494
2026-08-10,1,SH003,浦东新区第3支行,综合支行,浦东新区,0,6,15,275,315,193,59.1,188.69,2,0,7,3.135,0.26083,783,0.648786717752235,0.007272727272727273,0.0,0.025454545454545455,18.333333333333332,45.833333333333336,1.2222222222222223,252.5,36.155,0.0039622759940997395,0.0,0.6485212382280878,0.248375,215.9047619047619,24.830952380952382,0.0030707776137541415,0.0,5.0,1608.0,0.003109452736318408,0.0891089108910891,0.6346286820633384,0.8354923492349235,,0.00040936134161539544,0.050145948666331125,0.27370974856638736,1.3800939687410105,0.012594569659176599,0.0,0,0,0,1,5,0,0.0891089108910891,0.27370974856638736,,0.6485212382280878,36.155,0.248375
2026-08-11,2,SH003,浦东新区第3支行,综合支行,浦东新区,0,6,14,256,293,180,36.86,95.75,1,0,4,3.848,0.25822,729,0.6488340192043895,0.00390625,0.0,0.015625,18.285714285714285,42.666666666666664,1.1377777777777778,236.0,25.509999999999998,0.002,0.0,0.6480491346401556,0.25378500000000004,217.38095238095238,26.18,0.0034170979600744874,0.0,5.0,1614.0,0.0030978934324659233,0.0847457627118644,0.4449235593884752,0.953125,,0.0012111497759653735,0.017475422109265584,0.17765607886089815,0.4079449961802903,-0.09341392355096718,0.0,0,0,0,1,5,0,0.0847457627118644,0.17765607886089815,,0.6480491346401556,25.509999999999998,0.25378500000000004
2026-08-12,3,SH003,浦东新区第3支行,综合支行,浦东新区,0,6,16,246,281,172,30.79,76.85,0,0,6,3.874,0.26342000000000004,699,0.648068669527897,0.0,0.0,0.024390243902439025,15.375,41.0,1.0933333333333333,227.5,22.52,0.004250595624864631,0.0,0.6483614210354325,0.237995,218.76190476190476,26.847619047619045,0.0036031098648363923,0.0,4.0,1617.0,0.0024737167594310453,0.08131868131868132,0.3672291296625222,-1.0,,-0.00045152518030448167,0.1068299754196518,0.12451023073574229,0.14684285207520406,-0.3134495332566357,0.0,0,0,0,1,5,0,0.08131868131868132,0.12451023073574229,,0.6483614210354325,22.52,0.237995
2026-08-13,4,SH003,浦东新区第3支行,综合支行,浦东新区,0,6,15,240,274,168,26.86,79.33,1,0,5,4.204,0.2574,682,0.6480938416422287,0.004166666666666667,0.0,0.020833333333333332,16.0,40.0,1.0666666666666667,223.5,21.2,0.006726726726726726,0.0,0.6485232887994143,0.24900000000000003,220.0952380952381,27.362380952380953,0.0036031098648363923,0.0,5.0,1617.0,0.0030921459492888066,0.0738255033557047,0.2669811320754717,-0.3805803571428571,,-0.0006621923446737645,0.0337349397590361,0.09043704024231931,-0.01836027914585548,-0.1418119165707947,0.0,0,0,0,1,5,0,0.0738255033557047,0.09043704024231931,,0.6485232887994143,21.2,0.24900000000000003
2026-08-14,5,SH003,浦东新区第3支行,综合支行,浦东新区,0,6,15,247,283,173,31.52,63.61,2,0,6,3.956,0.24910000000000002,703,0.6486486486486487,0.008097165991902834,0.0,0.024291497975708502,16.466666666666665,41.166666666666664,1.0977777777777777,233.0,24.905,0.004101736513860171,0.0,0.6484136681378783,0.256385,221.33333333333334,27.81285714285714,0.003356484735033692,0.0,6.0,1613.0,0.0037197768133911966,0.060085836909871244,0.2656093153985143,0.974082431804606,,0.00036239290181103276,-0.02841429880843247,0.1159638554216867,0.1332888181211157,0.10823587980770533,0.0,0,0,0,1,5,0,0.060085836909871244,0.1159638554216867,,0.6484136681378783,24.905,0.256385
2026-08-15,6,SH003,浦东新区第3支行,综合支行,浦东新区,0,6,15,263,301,185,42.07,120.96,3,0,15,3.735,0.26764000000000004,749,0.6488651535380507,0.011406844106463879,0.0,0.057034220532319393,17.533333333333335,43.833333333333336,1.1688888888888889,249.5,32.575,0.0,0.0,0.6482544136165034,0.23646500000000004,222.52380952380952,28.32761904761905,0.0037420640679814467,0.0,9.0,1606.0,0.00560398505603985,0.05410821643286573,0.29148119723714494,,,0.0009421299858803104,0.13183769268179224,0.18189599828803768,0.48512305002689615,0.49756523518389834,0.0,0,0,0,1,5,0,0.05410821643286573,0.18189599828803768,,0.6482544136165034,32.575,0.23646500000000004
2026-08-16,7,SH003,浦东新区第3支行,综合支行,浦东新区,0,6,16,77,87,54,1.72,4.3,0,0,0,4.572,0.24891000000000002,218,0.6467889908256881,0.0,0.0,0.0,4.8125,12.833333333333334,0.34222222222222226,73.5,1.0,0.0,0.0,0.6485148514851485,0.25249,223.61904761904762,29.063809523809525,0.004285247120670203,0.0,9.0,1604.0,0.005610972568578554,0.047619047619047616,0.72,,,-0.0026612507878703185,-0.01417877935759821,-0.655664395229983,-0.9408198708916342,0.3093696607398946,0.0,0,0,0,1,5,0,0.047619047619047616,-0.655664395229983,,0.6485148514851485,1.0,0.25249
2026-08-17,1,SH003,浦东新区第3支行,综合支行,浦东新区,0,6,15,263,301,184,45.31,129.23,0,0,2,3.609,0.23579000000000003,748,0.6483957219251337,0.0,0.0,0.0076045627376425855,17.533333333333335,43.833333333333336,1.1688888888888889,256.0,39.325,0.005660655134339345,0.0,0.6485948813535021,0.25318,223.9047619047619,29.09809523809524,0.003614556309134321,0.0,7.0,1592.0,0.0043969849246231155,0.02734375,0.15219326128417035,-1.0,,-0.0003070629048948626,-0.06868631013508171,0.1746065504040834,0.5571465977154453,0.2164660192210934,0.0,0,0,0,1,5,0,0.02734375,0.1746065504040834,,0.6485948813535021,39.325,0.25318
2026-08-18,2,SH003,浦东新区第3支行,综合支行,浦东新区,0,6,14,243,278,171,29.11,86.53,1,0,3,4.035,0.25183,692,0.6488439306358381,0.00411522633744856,0.0,0.012345679012345678,17.357142857142858,40.5,1.08,241.5,28.4,0.003953125,0.0,0.6482222876394204,0.25712,224.66666666666666,29.725714285714286,0.003421766642660444,0.0,7.0,1579.0,0.004433185560481318,0.006211180124223602,0.025000000000000033,0.0410058719237464,,0.0009589966409232045,-0.020574051026757998,0.0816023738872404,-0.020713187235678613,0.29558383824634205,0.0,0,0,0,1,4,0,0.006211180124223602,0.0816023738872404,,0.6482222876394204,28.4,0.25712
2026-08-19,3,SH003,浦东新区第3支行,综合支行,浦东新区,0,6,14,233,266,163,25.61,62.68,0,0,7,4.209,0.25270000000000004,662,0.648036253776435,0.0,0.0,0.030042918454935622,16.642857142857142,38.833333333333336,1.0355555555555556,235.0,25.515,0.00205761316872428,0.0,0.6482022074122842,0.24259500000000003,225.14285714285714,29.94285714285714,0.0034133562066550305,0.0,7.0,1566.0,0.004469987228607918,-0.00851063829787234,0.0037233000195962714,-1.0,,-0.0002560213988034046,0.04165378511510955,0.03489847715736043,-0.14470419847328236,0.30955779531382366,0.0,0,0,0,0,3,0,-0.00851063829787234,0.03489847715736043,,0.6482022074122842,25.515,0.24259500000000003
2026-08-20,4,SH003,浦东新区第3支行,综合支行,浦东新区,0,6,15,227,259,159,21.24,57.82,1,0,11,4.275,0.23218000000000003,645,0.648062015503876,0.004405286343612335,0.0,0.048458149779735685,15.133333333333333,37.833333333333336,1.008888888888889,232.5,24.11,0.0043055555555555555,0.0,0.6482656708211143,0.25688,225.42857142857142,30.10333333333333,0.0032035806664830143,0.0,7.0,1553.0,0.004507405022537025,-0.023655913978494623,-0.11903774367482377,0.023163279806735926,,-0.00031415409824240664,-0.09615384615384605,0.006970849176172424,-0.29443029564832246,0.40698970676626905,0.0,0,0,0,0,2,0,-0.023655913978494623,0.006970849176172424,,0.6482656708211143,24.11,0.25688
2026-08-21,5,SH003,浦东新区第3支行,综合支行,浦东新区,0,6,15,234,268,164,24.9,77.06,0,0,5,4.148,0.24491000000000002,666,0.6486486486486487,0.0,0.0,0.021367521367521368,15.6,39.0,1.04,242.0,29.015,0.004101736513860171,0.0,0.648554016201075,0.256385,225.52380952380952,30.097619047619045,0.0032017159950148196,0.0,5.0,1540.0,0.003246753246753247,-0.03305785123966942,-0.14182319489919015,-1.0,,0.0001459129775003109,-0.04475690855549255,0.037584459459459485,-0.17269203385808082,0.014066597977007293,0.0,0,0,0,0,1,1,-0.03305785123966942,0.037584459459459485,,0.648554016201075,29.015,0.256385
2026-08-22,6,SH003,浦东新区第3支行,综合支行,浦东新区,0,6,15,251,287,176,33.8,79.51,1,0,8,3.674,0.24581000000000003,714,0.6484593837535014,0.00398406374501992,0.0,0.03187250996015936,16.733333333333334,41.833333333333336,1.1155555555555556,259.0,38.730000000000004,0.0,0.0,0.6484794975901398,0.24649500000000002,225.38095238095238,30.020952380952377,0.0030007917434576566,0.0,3.0,1528.0,0.001963350785340314,-0.03088803088803089,-0.12729150529305464,,,-3.1016919907421e-05,-0.002778961033692331,0.11366997675892669,0.1258803375420342,-0.34572241155327665,0.0,0,0,0,0,0,1,-0.03088803088803089,0.11366997675892669,,0.6484794975901398,38.730000000000004,0.24649500000000002
2026-08-23,7,SH003,浦东新区第3支行,综合支行,浦东新区,0,6,15,74,84,52,1.83,4.29,2,0,4,4.545,0.24409000000000003,210,0.6476190476190476,0.02702702702702703,0.0,0.05405405405405406,4.933333333333334,12.333333333333334,0.3288888888888889,76.5,1.3599999999999999,0.0,0.0,0.6476519211554184,0.251355,225.1904761904762,29.945238095238096,0.003190509064649081,0.0,5.0,1525.0,0.003278688524590164,-0.032679738562091505,0.3455882352941178,,,-5.0758031122748277e-05,-0.02890334387619091,-0.6713893000634383,-0.9388884471654608,0.027638053412263736,0.0,0,0,0,0,1,1,-0.032679738562091505,-0.6713893000634383,,0.6476519211554184,1.3599999999999999,0.251355
2026-08-24,1,SH003,浦东新区第3支行,综合支行,浦东新区,0,6,15,256,292,179,37.57,113.61,2,0,13,3.785,0.24133000000000002,727,0.6478679504814305,0.0078125,0.0,0.05078125,17.066666666666666,42.666666666666664,1.1377777777777778,264.0,45.915000000000006,0.005660655134339345,0.0,0.6485948813535021,0.25318,225.0952380952381,29.984761904761903,0.004477510351650368,0.0,7.0,1518.0,0.00461133069828722,-0.030303030303030304,-0.18174888380703486,0.3801406046814044,,-0.0011207779971290634,-0.04680464491666008,0.1372963824836048,0.25296976241900654,0.029887222167454486,0.0,0,0,0,0,1,2,-0.030303030303030304,0.1372963824836048,,0.6485948813535021,45.915000000000006,0.25318
2026-08-25,2,SH003,浦东新区第3支行,综合支行,浦东新区,0,6,15,239,274,168,27.78,73.54,0,0,10,4.015,0.25270000000000004,681,0.6490455212922174,0.0,0.0,0.04184100418410042,15.933333333333334,39.833333333333336,1.0622222222222222,246.5,30.68,0.00405761316872428,0.0,0.6486082894896772,0.255025,224.66666666666666,29.55857142857143,0.004490145122539856,0.0,6.0,1514.0,0.003963011889035667,-0.030425963488843813,-0.09452411994784872,-1.0,,0.0006741076388095439,-0.009116753259484231,0.06379821958456978,-0.060171088879222845,-0.11739781657792286,0.0,0,0,0,0,1,2,-0.030425963488843813,0.06379821958456978,,0.6486082894896772,30.68,0.255025
2026-08-26,3,SH003,浦东新区第3支行,综合支行,浦东新区,0,6,15,232,265,163,23.21,49.88,3,0,11,4.164,0.25138000000000005,660,0.6484848484848484,0.01293103448275862,0.0,0.04741379310344827,15.466666666666667,38.666666666666664,1.031111111111111,238.0,27.2,0.00205761316872428,0.0,0.6480653425158864,0.25423000000000007,224.14285714285714,29.345714285714287,0.004299668932063665,0.0,9.0,1513.0,0.005948446794448116,-0.025210084033613446,-0.14669117647058819,5.2844827586206895,,0.000647320480575961,-0.0112103213625458,0.03505417463352456,-0.20908382825430824,0.38346623622323983,0.0,0,0,0,0,1,2,-0.025210084033613446,0.03505417463352456,,0.6480653425158864,27.2,0.25423000000000007
2026-08-27,4,SH003,浦东新区第3支行,综合支行,浦东新区,0,6,14,229,262,161,23.24,50.25,0,0,5,4.264,0.27217,652,0.6487730061349694,0.0,0.0,0.021834061135371178,16.357142857142858,38.166666666666664,1.0177777777777777,233.5,24.11,0.004285976505139501,0.0,0.6482656708211143,0.25688,223.61904761904762,29.080000000000002,0.004719469319935573,0.0,8.0,1515.0,0.005280528052805281,-0.019271948608137045,-0.03608461219411037,-1.0,,0.0007826040105015022,0.059521955777016605,0.024063032367972737,-0.20082530949105926,0.11888174174577884,0.0,0,0,0,0,1,2,-0.019271948608137045,0.024063032367972737,,0.6482656708211143,24.11,0.25688
2026-08-28,5,SH003,浦东新区第3支行,综合支行,浦东新区,0,6,16,241,275,169,27.2,63.02,1,0,4,4.194,0.24948,685,0.6481751824817519,0.004149377593360996,0.0,0.016597510373443983,15.0625,40.166666666666664,1.0711111111111111,242.0,29.015,0.004101736513860171,0.0,0.648554016201075,0.25294,223.0952380952381,28.898095238095237,0.004719469319935573,0.0,9.0,1522.0,0.005913272010512484,-0.004132231404958678,-0.06255385145614342,0.011614856132235849,,-0.0005841205356219272,-0.013679133391318063,0.08025613660618994,-0.058761493589954854,0.25295273888827985,0.0,0,0,0,0,0,2,-0.004132231404958678,0.08025613660618994,,0.648554016201075,29.015,0.25294
2026-08-29,6,SH003,浦东新区第3支行,综合支行,浦东新区,0,6,16,261,299,183,39.82,91.34,4,0,15,3.729,0.22687000000000002,743,0.648721399730821,0.01532567049808429,0.0,0.05747126436781609,16.3125,43.5,1.16,259.0,38.730000000000004,0.00199203187250996,0.0,0.6486622686457761,0.25056,222.61904761904762,28.625714285714285,0.004727341407951814,0.0,12.0,1532.0,0.007832898172323759,0.007722007722007722,0.0281435579654014,6.693486590038314,,9.115850867709498e-05,-0.09454821200510852,0.17240641711229945,0.39105699171574015,0.6569351558040887,0.0,0,0,0,0,0,1,0.007722007722007722,0.17240641711229945,,0.6486622686457761,38.730000000000004,0.25056
2026-08-30,7,SH003,浦东新区第3支行,综合支行,浦东新区,0,6,14,77,89,54,1.33,2.68,1,0,2,4.657,0.25093000000000004,220,0.65,0.012987012987012988,0.0,0.025974025974025976,5.5,12.833333333333334,0.34222222222222226,76.5,1.775,0.0,0.0,0.6472040192223678,0.251355,222.1904761904762,28.186666666666664,0.0054571352411939235,0.0,11.0,1535.0,0.0071661237785016286,0.006535947712418301,-0.2507042253521126,,,0.004320091801950881,-0.0016908356706648096,-0.6534504929275611,-0.9528145695364237,0.3131658758256849,0.0,0,0,0,0,0,2,0.006535947712418301,-0.6534504929275611,,0.6472040192223678,1.775,0.251355
2026-08-31,1,SH003,浦东新区第3支行,综合支行,浦东新区,0,6,14,272,311,191,54.67,173.94,2,0,7,3.217,0.24058000000000002,774,0.648578811369509,0.007352941176470588,0.0,0.025735294117647058,19.428571428571427,45.333333333333336,1.208888888888889,264.0,45.915000000000006,0.007409948542024014,0.0,0.6484684179917446,0.25108,222.0952380952381,28.136666666666667,0.006075564431051685,0.0,11.0,1551.0,0.0070921985815602835,0.030303030303030304,0.19067842752912978,-0.0076933551198257255,,0.0001702370920488261,-0.04181934044925923,0.22469982847341335,0.9430162303044664,0.16733163840921003,0.0,0,0,0,0,1,1,0.030303030303030304,0.22469982847341335,,0.6484684179917446,45.915000000000006,0.25108
2026-09-01,2,SH003,浦东新区第3支行,综合支行,浦东新区,0,6,14,254,291,178,35.64,73.17,0,0,6,3.818,0.25176000000000004,723,0.648686030428769,0.0,0.0,0.023622047244094488,18.142857142857142,42.333333333333336,1.128888888888889,246.5,30.68,0.003953125,0.0,0.6488389749201138,0.252265,221.95238095238096,27.92571428571429,0.006079384140753748,0.0,11.0,1566.0,0.0070242656449553,0.030425963488843813,0.16166883963494136,-1.0,,-0.00023572025919614596,-0.002001863120131519,0.14438961596223981,0.27624309392265184,0.15542388543396132,0.0,0,0,0,0,2,1,0.030425963488843813,0.14438961596223981,,0.6488389749201138,30.68,0.252265
2026-09-02,3,SH003,浦东新区第3支行,综合支行,浦东新区,0,6,15,248,283,174,31.95,98.28,1,0,5,4.026,0.25165000000000004,705,0.64822695035461,0.004032258064516129,0.0,0.020161290322580645,16.533333333333335,41.333333333333336,1.1022222222222222,238.0,27.2,0.00205761316872428,0.0,0.6482022074122842,0.25204000000000004,221.85714285714286,27.867619047619048,0.005893372235991843,0.0,9.0,1582.0,0.005689001264222503,0.04201680672268908,0.1746323529411765,0.9596774193548385,,3.8171641569337374e-05,-0.0015473734327884519,0.1178364455891822,0.14649191756946103,-0.03467810339913899,0.0,0,0,0,0,3,1,0.04201680672268908,0.1178364455891822,,0.6482022074122842,27.2,0.25204000000000004
2026-09-03,4,SH003,浦东新区第3支行,综合支行,浦东新区,0,6,15,246,281,172,29.74,63.53,1,0,8,4.121,0.24124,699,0.648068669527897,0.0040650406504065045,0.0,0.032520325203252036,16.4,41.0,1.0933333333333333,234.5,25.049999999999997,0.0020833333333333333,0.0,0.6483514596205286,0.25688,221.95238095238096,27.922857142857143,0.006085384524778326,0.0,10.0,1599.0,0.006253908692933083,0.04904051172707889,0.18722554890219567,0.9512195121951221,,-0.0004361678969569538,-0.06088445966988472,0.10834584853035824,0.06507725365803738,0.027693265309458176,0.0,0,0,0,1,4,1,0.04904051172707889,0.10834584853035824,,0.6483514596205286,25.049999999999997,0.25688
2026-09-04,5,SH003,浦东新区第3支行,综合支行,浦东新区,0,6,16,258,295,181,38.8,105.62,2,0,9,3.776,0.26228,734,0.6485013623978202,0.007751937984496124,0.0,0.03488372093023256,16.125,43.0,1.1466666666666667,244.0,29.36,0.004066720669190458,0.0,0.648554016201075,0.24929,222.23809523809524,28.06,0.006080545190670699,0.0,11.0,1616.0,0.006806930693069307,0.05737704918032787,0.321525885558583,0.9061889456103865,,-8.118645778069633e-05,0.052107986682177386,0.16091707735161773,0.38275124732715604,0.1194605877632636,0.0,0,0,0,1,5,0,0.05737704918032787,0.16091707735161773,,0.648554016201075,29.36,0.24929
2026-09-05,6,SH003,浦东新区第3支行,综合支行,浦东新区,0,6,15,280,320,196,62.44,196.43,3,0,13,3.118,0.25161,796,0.6482412060301508,0.010714285714285714,0.0,0.04642857142857143,18.666666666666668,46.666666666666664,1.2444444444444445,262.0,40.945,0.0076954539257418995,0.0,0.6487932766344359,0.25056,222.76190476190476,28.406666666666666,0.0060641057617465705,0.0,10.0,1635.0,0.0061162079510703364,0.06870229007633588,0.5249725241177188,0.39228768278965126,,-0.000850919120415219,0.004190613026819905,0.2569474134245404,1.1980755691152312,0.00859189983994599,0.0,0,0,0,1,5,0,0.06870229007633588,0.2569474134245404,,0.6487932766344359,40.945,0.25056
2026-09-06,7,SH003,浦东新区第3支行,综合支行,浦东新区,0,6,15,83,94,58,1.6600000000000001,3.7,0,0,0,4.679,0.27297000000000005,235,0.6468085106382979,0.0,0.0,0.0,5.533333333333333,13.833333333333334,0.3688888888888889,77.0,1.775,0.006493506493506494,0.0,0.6488095238095238,0.24992000000000003,223.57142857142858,29.376666666666665,0.006031126790690466,0.0,9.0,1641.0,0.005484460694698354,0.07792207792207792,-0.06478873239436607,-1.0,,-0.0030841303923482043,0.09222951344430222,-0.6287539936102237,-0.9434925677975717,-0.09064078984973999,0.0,0,0,0,1,4,0,0.07792207792207792,-0.6287539936102237,,0.6488095238095238,1.775,0.24992000000000003
2026-09-07,1,SH003,浦东新区第3支行,综合支行,浦东新区,0,6,15,288,330,202,84.8,244.05,3,0,9,3.0,0.24914000000000003,820,0.6487804878048781,0.010416666666666666,0.0,0.03125,19.2,48.0,1.28,267.5,49.99,0.00731283422459893,0.0,0.6484872666473214,0.24095500000000003,223.85714285714286,29.373809523809523,0.006031126790690466,0.0,10.0,1657.0,0.006035003017501509,0.07663551401869159,0.6963392678535706,0.42443631931748926,,0.000452161781175216,0.03396899836068974,0.2865347798340778,1.8869255086325685,0.000642703585178509,0.0,0,0,0,1,4,0,0.07663551401869159,0.2865347798340778,,0.6484872666473214,49.99,0.24095500000000003
2026-09-08,2,SH003,浦东新区第3支行,综合支行,浦东新区,0,6,14,270,308,189,48.47,142.39,4,0,21,3.5140000000000002,0.24464000000000002,767,0.6479791395045632,0.014814814814814815,0.0,0.07777777777777778,19.285714285714285,45.0,1.2,248.5,32.375,0.001953125,0.0,0.6488389749201138,0.252265,225.04761904761904,31.25428571428571,0.006527158536722213,0.0,14.0,1673.0,0.008368200836820083,0.08651911468812877,0.4971428571428571,6.5851851851851855,,-0.0013251907619397153,-0.030226151071294047,0.19974608548455358,0.5508273151110706,0.2820587687184321,0.0,0,0,0,1,4,0,0.08651911468812877,0.19974608548455358,,0.6488389749201138,32.375,0.252265
2026-09-09,3,SH003,浦东新区第3支行,综合支行,浦东新区,0,6,15,260,298,182,38.86,123.84,1,0,5,3.808,0.23567000000000002,740,0.6486486486486487,0.0038461538461538464,0.0,0.019230769230769232,17.333333333333332,43.333333333333336,1.1555555555555557,239.5,28.2,0.0020161290322580645,0.0,0.6481478099412534,0.25217500000000004,226.33333333333334,32.17619047619048,0.007036662749930129,0.0,14.0,1685.0,0.00830860534124629,0.08559498956158663,0.3780141843971631,0.9076923076923078,,0.0007727229803347662,-0.06545057995439682,0.14874815905743735,0.20772532188841195,0.18075935091941,0.0,0,0,0,1,4,0,0.08559498956158663,0.14874815905743735,,0.6481478099412534,28.2,0.25217500000000004
2026-09-10,4,SH003,浦东新区第3支行,综合支行,浦东新区,0,6,15,255,292,179,35.26,100.79,1,0,5,3.879,0.24650000000000002,726,0.6487603305785123,0.00392156862745098,0.0,0.0196078431372549,17.0,42.5,1.1333333333333333,234.5,25.049999999999997,0.0041158536585365856,0.0,0.6480812555850628,0.24932,227.61904761904762,32.80714285714286,0.007219812933080312,0.0,14.0,1694.0,0.008264462809917356,0.08742004264392324,0.4075848303393214,-0.04720406681191001,,0.0010478238455400224,-0.011310765281565814,0.1202928870292887,0.07476594818201605,0.1446920974988956,0.0,0,0,0,1,4,0,0.08742004264392324,0.1202928870292887,,0.6480812555850628,25.049999999999997,0.24932
2026-09-11,5,SH003,浦东新区第3支行,综合支行,浦东新区,0,6,15,264,302,185,42.89,131.28,3,0,13,3.707,0.24956000000000003,751,0.6484687083888149,0.011363636363636364,0.0,0.04924242424242424,17.6,44.0,1.1733333333333333,244.0,29.36,0.0059506577889285595,0.0,0.6485750055232344,0.24929,228.95238095238096,33.474761904761905,0.007196778756120249,0.0,15.0,1700.0,0.008823529411764706,0.08196721311475409,0.4608310626702998,0.9096437346437348,,-0.00016389335622609964,0.0010830759356573478,0.15307820299500827,0.28126378081568204,0.22603871965093322,0.0,0,0,0,1,5,0,0.08196721311475409,0.15307820299500827,,0.6485750055232344,29.36,0.24929
2026-09-12,6,SH003,浦东新区第3支行,综合支行,浦东新区,0,6,15,283,323,198,67.42,176.37,1,0,5,3.022,0.25312,804,0.6480099502487562,0.0035335689045936395,0.0,0.0176678445229682,18.866666666666667,47.166666666666664,1.2577777777777777,262.0,40.945,0.011060564910374797,0.0,0.6485903917421612,0.24871000000000001,230.38095238095238,34.331428571428575,0.007737904297245789,0.0,13.0,1703.0,0.007633587786259542,0.08015267175572519,0.6465990963487606,-0.6805254583986794,,-0.0008949276782313448,0.017731494511680258,0.22840016535758578,0.9637982689747002,-0.01348123561354688,0.0,0,0,0,1,5,0,0.08015267175572519,0.22840016535758578,,0.6485903917421612,40.945,0.24871000000000001
2026-09-13,7,SH003,浦东新区第3支行,综合支行,浦东新区,0,6,15,82,94,58,1.0,2.42,0,0,1,4.62,0.24498000000000003,234,0.6495726495726496,0.0,0.0,0.012195121951219513,5.466666666666667,13.666666666666666,0.3644444444444444,77.0,1.69,0.006493506493506494,0.0,0.6472137791286727,0.24992000000000003,231.9047619047619,35.932380952380946,0.0077164521619873935,0.0,13.0,1702.0,0.00763807285546416,0.06493506493506493,-0.40828402366863903,-1.0,,0.003644654239519676,-0.0197663252240717,-0.6464065708418891,-0.9721699488457155,-0.010157427905708291,0.0,0,0,0,1,4,1,0.06493506493506493,-0.6464065708418891,,0.6472137791286727,1.69,0.24992000000000003
2026-09-14,1,SH003,浦东新区第3支行,综合支行,浦东新区,0,6,15,284,325,199,73.63,166.04,1,0,4,3.0,0.24146,808,0.6485148514851485,0.0035211267605633804,0.0,0.014084507042253521,18.933333333333334,47.333333333333336,1.2622222222222224,267.5,49.99,0.007582720588235294,0.0,0.6484872666473214,0.24095500000000003,232.28571428571428,35.892857142857146,0.006429450874986108,0.0,11.0,1698.0,0.006478209658421673,0.0616822429906542,0.472894578915783,-0.5356380708493385,,4.253720812403844e-05,0.0020958270216429524,0.22263222632226326,1.0513830845771142,0.007583662179496837,0.0,0,0,0,1,4,1,0.0616822429906542,0.22263222632226326,,0.6484872666473214,49.99,0.24095500000000003
2026-09-15,2,SH003,浦东新区第3支行,综合支行,浦东新区,0,6,15,262,300,184,41.27,108.95,1,0,10,3.696,0.21339000000000002,746,0.6487935656836461,0.003816793893129771,0.0,0.03816793893129771,17.466666666666665,43.666666666666664,1.1644444444444444,248.5,32.375,0.00205761316872428,0.0,0.6487649805323036,0.251795,233.61904761904762,37.61,0.00622509976834627,0.0,8.0,1690.0,0.004733727810650888,0.05432595573440644,0.27474903474903484,0.8549618320610685,,4.406087288969532e-05,-0.15252487142318144,0.12148389726865062,0.0973145440042543,-0.2395739848666832,0.0,0,0,0,1,4,1,0.05432595573440644,0.12148389726865062,,0.6487649805323036,32.375,0.251795
2026-09-16,3,SH003,浦东新区第3支行,综合支行,浦东新区,0,6,15,251,287,176,32.77,94.88,1,0,5,4.014,0.25289,714,0.6484593837535014,0.00398406374501992,0.0,0.0199203187250996,16.733333333333334,41.833333333333336,1.1155555555555556,240.5,28.78,0.003939205955334988,0.0,0.6483558994197292,0.25151500000000004,234.71428571428572,38.25238095238095,0.006406851858495304,0.0,8.0,1681.0,0.004759071980963712,0.04365904365904366,0.1386379430159834,0.011387520783009662,,0.00015961038353301307,0.005466870763174997,0.06938527084601336,-0.1433212996389891,-0.2571902572316671,0.0,0,0,0,1,4,1,0.04365904365904366,0.06938527084601336,,0.6483558994197292,28.78,0.25151500000000004
2026-09-17,4,SH003,浦东新区第3支行,综合支行,浦东新区,0,6,15,244,279,171,29.36,93.64,1,0,7,4.031,0.23592000000000002,694,0.6484149855907781,0.004098360655737705,0.0,0.028688524590163935,16.266666666666666,40.666666666666664,1.0844444444444443,237.5,26.49,0.003993304638928743,0.0,0.6484145000532047,0.24387000000000003,235.61904761904762,38.70761904761905,0.005980805632888701,0.0,8.0,1670.0,0.004790419161676647,0.02736842105263158,0.10834277085692719,0.026308039658388037,,7.488073962571836e-07,-0.0325993357116497,0.035569927243330635,-0.2414930000246045,-0.19903446864517205,0.0,0,0,0,0,3,1,0.02736842105263158,0.035569927243330635,,0.6484145000532047,26.49,0.24387000000000003
2026-09-18,5,SH003,浦东新区第3支行,综合支行,浦东新区,0,6,15,251,287,176,33.12,73.0,3,0,13,3.874,0.24606000000000003,714,0.6484593837535014,0.01195219123505976,0.0,0.05179282868525897,16.733333333333334,41.833333333333336,1.1155555555555556,249.5,33.0,0.0059506577889285595,0.0,0.6484850353933176,0.24952000000000002,236.33333333333334,38.99904761904762,0.006175965664114306,0.0,8.0,1657.0,0.004828002414001207,0.006012024048096192,0.0036363636363635587,1.008549585442016,,-3.9556255605191796e-05,-0.013866623917922373,0.062059238363892766,-0.15074849202666746,-0.21825951169798324,0.0,0,0,0,0,3,0,0.006012024048096192,0.062059238363892766,,0.6484850353933176,33.0,0.24952000000000002
2026-09-19,6,SH003,浦东新区第3支行,综合支行,浦东新区,0,6,17,268,306,187,45.83,96.48,1,0,7,3.548,0.22556,761,0.6478318002628121,0.0037313432835820895,0.0,0.026119402985074626,15.764705882352942,44.666666666666664,1.191111111111111,270.5,51.129999999999995,0.007349174729652817,0.0,0.648350294891826,0.24871000000000001,236.8095238095238,39.28095238095238,0.0065475282184809126,0.0,8.0,1642.0,0.0048721071863581,-0.009242144177449169,-0.10365734402503418,-0.4922772391671844,,-0.0007997137243540488,-0.09308029431868442,0.13171124069977888,0.16672323918050677,-0.25588603457924863,0.0,0,0,0,0,2,0,-0.009242144177449169,0.13171124069977888,,0.648350294891826,51.129999999999995,0.24871000000000001
2026-06-22,1,SH004,浦东新区第4支行,综合支行,浦东新区,0,5,16,139,205,126,12.69,29.54,0,0,4,4.578,0.26234,470,0.7042553191489361,0.0,0.0,0.02877697841726619,8.6875,27.8,0.7413333333333334,,,,,,,,,,,,,,,,,,,,,,,,0,0,0,0,0,0,,,,,,
2026-06-23,2,SH004,浦东新区第4支行,综合支行,浦东新区,0,5,15,130,191,117,9.66,21.98,0,0,2,4.667,0.26235,438,0.7031963470319634,0.0,0.0,0.015384615384615385,8.666666666666666,26.0,0.6933333333333334,,,,,,,,,,,,,,,,,,,,,,,,0,0,0,0,0,0,,,,,,
2026-06-24,3,SH004,浦东新区第4支行,综合支行,浦东新区,0,5,16,125,185,113,9.08,22.11,0,0,2,4.715,0.26717,423,0.7044917257683215,0.0,0.0,0.016,7.8125,25.0,0.6666666666666666,,,,,,,,,,,,,,,,,,,,,,,,0,0,0,0,0,0,,,,,,
2026-06-25,4,SH004,浦东新区第4支行,综合支行,浦东新区,0,5,16,123,182,112,8.79,19.05,0,0,1,4.6129999999999995,0.26557000000000003,417,0.7050359712230215,0.0,0.0,0.008130081300813009,7.6875,24.6,0.656,,,,,,,,,,,,,,,,,,,,,,,,0,0,0,0,0,0,,,,,,
2026-06-26,5,SH004,浦东新区第4支行,综合支行,浦东新区,0,5,16,129,190,117,10.91,24.69,0,0,3,4.654,0.26489,436,0.7041284403669725,0.0,0.0,0.023255813953488372,8.0625,25.8,0.6880000000000001,,,,,,,,,,,0.0,646.0,0.0,,,,,,,,,,,0,0,0,0,0,0,,,,,,
2026-06-27,6,SH004,浦东新区第4支行,综合支行,浦东新区,0,5,16,139,206,126,11.47,25.94,1,0,0,4.498,0.26093,471,0.7048832271762208,0.007194244604316547,0.0,0.0,8.6875,27.8,0.7413333333333334,,,,,,,129.2,10.225999999999999,0.0,0.0,1.0,785.0,0.0012738853503184713,,,,,,,0.07585139318885459,0.12165069430862524,,,0,0,0,0,0,0,,0.07585139318885459,,,,
2026-06-28,7,SH004,浦东新区第4支行,综合支行,浦东新区,0,5,16,41,61,37,2.58,5.89,0,0,0,4.499,0.2625,139,0.7050359712230215,0.0,0.0,0.0,2.5625,8.2,0.21866666666666665,,,,,,,130.83333333333334,10.433333333333334,0.0011990407673860913,0.0,1.0,826.0,0.0012106537530266344,,,,,,,-0.6866242038216561,-0.7527156549520767,0.00968523002421301,,0,0,0,0,0,0,,-0.6866242038216561,,,,
2026-06-29,1,SH004,浦东新区第4支行,综合支行,浦东新区,0,5,17,145,214,131,12.94,31.55,1,0,7,4.51,0.2676,490,0.7040816326530612,0.006896551724137931,0.0,0.04827586206896552,8.529411764705882,29.0,0.7733333333333333,,,,,,,118.0,9.311428571428573,0.0010277492291880781,0.0,2.0,832.0,0.002403846153846154,,,,,,,0.2288135593220339,0.3896900889843507,1.3389423076923077,,0,0,0,0,0,0,,0.2288135593220339,,,,
2026-06-30,2,SH004,浦东新区第4支行,综合支行,浦东新区,0,5,15,137,202,124,10.5,32.47,1,0,5,4.583,0.26271,463,0.7041036717062635,0.0072992700729927005,0.0,0.0364963503649635,9.133333333333333,27.4,0.7306666666666666,,,,,,,121.375,9.765,0.0017613495410568098,0.0,3.0,839.0,0.003575685339690107,,,,,,,0.12873326467559218,0.07526881720430101,1.0300827611677212,,0,0,0,0,0,0,,0.12873326467559218,,,,
2026-07-01,3,SH004,浦东新区第4支行,综合支行,浦东新区,0,5,17,133,197,121,10.68,33.46,1,0,4,4.61,0.25679,451,0.70509977827051,0.007518796992481203,0.0,0.03007518796992481,7.823529411764706,26.6,0.7093333333333334,,,,,,,123.11111111111111,9.846666666666668,0.0023766740446052423,0.0,4.0,847.0,0.004722550177095631,,,,,,,0.0803249097472924,0.08463100880162479,0.9870415919319013,,0,0,0,0,0,0,,0.0803249097472924,,,,
2026-07-02,4,SH004,浦东新区第4支行,综合支行,浦东新区,0,5,16,132,195,120,11.01,35.0,1,0,4,4.635,0.26480000000000004,447,0.7046979865771812,0.007575757575757576,0.0,0.030303030303030304,8.25,26.4,0.704,,,,,,,124.1,9.93,0.002890886339392838,0.0,5.0,856.0,0.005841121495327103,,,,,,,0.06365834004834815,0.10876132930513596,1.020529626409972,,0,0,0,0,0,0,,0.06365834004834815,,,,
2026-07-03,5,SH004,浦东新区第4支行,综合支行,浦东新区,0,5,15,139,205,126,11.13,32.49,0,0,1,4.555,0.28508,470,0.7042553191489361,0.0,0.0,0.007194244604316547,9.266666666666667,27.8,0.7413333333333334,,,,,,,124.81818181818181,10.02818181818182,0.0033167837245169055,0.0,5.0,866.0,0.005773672055427252,,,,,,,0.113619810633649,0.10987217840630946,0.7407442073324199,,0,0,0,0,0,0,,0.113619810633649,,,,
2026-07-04,6,SH004,浦东新区第4支行,综合支行,浦东新区,0,5,17,151,223,137,14.03,38.05,1,0,6,4.483,0.27043,511,0.7045009784735812,0.006622516556291391,0.0,0.039735099337748346,8.882352941176471,30.2,0.8053333333333333,,,,,,,126.0,10.12,0.003040385080807163,0.0,5.0,878.0,0.0056947608200455585,,,,,,,0.1984126984126984,0.3863636363636364,0.8730393251810427,,0,0,0,0,0,0,,0.1984126984126984,,,,
2026-07-05,7,SH004,浦东新区第4支行,综合支行,浦东新区,0,5,16,45,66,40,1.54,3.26,0,0,1,4.683,0.27229000000000003,151,0.7019867549668874,0.0,0.0,0.022222222222222223,2.8125,9.0,0.24,,,,,,,127.92307692307692,10.420769230769231,0.0033159336558444114,0.0,5.0,882.0,0.005668934240362812,,,,,,,-0.6482260974143115,-0.852218203292242,0.709604240836116,,0,0,0,0,0,0,,-0.6482260974143115,,,,
2026-07-06,1,SH004,浦东新区第4支行,综合支行,浦东新区,0,5,16,156,231,141,15.72,39.96,1,0,4,4.292,0.28503,528,0.7045454545454546,0.00641025641025641,0.0,0.02564102564102564,9.75,31.2,0.832,142.0,12.815,0.0034482758620689655,0.0,0.7041684759009987,0.26497000000000004,122.0,9.786428571428571,0.0030790812518555247,0.0,5.0,893.0,0.005599104143337066,0.09859154929577464,0.22668747561451433,0.8589743589743589,,0.00053535291248802,0.07570668377552162,0.2786885245901639,0.6063061090431356,0.8184333849465382,0.0,0,0,0,0,1,0,0.09859154929577464,0.2786885245901639,,0.7041684759009987,12.815,0.26497000000000004
2026-07-07,2,SH004,浦东新区第4支行,综合支行,浦东新区,0,5,16,146,216,133,13.15,33.53,1,0,4,4.551,0.26874000000000003,495,0.705050505050505,0.00684931506849315,0.0,0.0273972602739726,9.125,29.2,0.7786666666666666,133.5,10.08,0.0036496350364963502,0.0,0.7036500093691135,0.26253000000000004,124.26666666666667,10.181999999999999,0.0033011595957489173,0.0,5.0,902.0,0.005543237250554324,0.09363295880149813,0.3045634920634921,0.8767123287671232,,0.0019903299406578965,0.023654439492629385,0.17489270386266095,0.2914947947358085,0.6791788127095255,0.0,0,0,0,0,2,0,0.09363295880149813,0.17489270386266095,,0.7036500093691135,10.08,0.26253000000000004
2026-07-08,3,SH004,浦东新区第4支行,综合支行,浦东新区,0,5,16,142,209,128,11.4,26.52,0,0,2,4.575,0.27439,479,0.7035490605427975,0.0,0.0,0.014084507042253521,8.875,28.4,0.7573333333333333,129.0,9.879999999999999,0.0037593984962406013,0.0,0.7047957520194157,0.26198,125.625,10.3675,0.0035229193127954317,0.0,4.0,911.0,0.0043907793633369925,0.10077519379844961,0.153846153846154,-1.0,,-0.0017688691696084626,0.04737002824643115,0.13034825870646766,0.09959006510730656,0.24634684291219688,0.0,0,0,0,0,3,0,0.10077519379844961,0.13034825870646766,,0.7047957520194157,9.879999999999999,0.26198
2026-07-09,4,SH004,浦东新区第4支行,综合支行,浦东新区,0,5,16,139,206,126,10.45,21.2,0,0,2,4.519,0.27057000000000003,471,0.7048832271762208,0.0,0.0,0.014388489208633094,8.6875,27.8,0.7413333333333334,127.5,9.899999999999999,0.003787878787878788,0.0,0.7048669789001014,0.265185,126.58823529411765,10.428235294117647,0.003315688764983936,0.0,3.0,918.0,0.0032679738562091504,0.09019607843137255,0.055555555555555636,-1.0,,2.3051549591244097e-05,0.02030657842638169,0.09804832713754642,0.00208709386281586,-0.014390647662316566,0.0,0,0,0,0,3,0,0.09019607843137255,0.09804832713754642,,0.7048669789001014,9.899999999999999,0.265185
2026-07-10,5,SH004,浦东新区第4支行,综合支行,浦东新区,0,5,17,144,213,131,11.18,28.37,0,0,3,4.598,0.25891000000000003,488,0.7049180327868853,0.0,0.0,0.020833333333333332,8.470588235294118,28.8,0.768,134.0,11.02,0.0,0.0,0.7041918797579543,0.27498500000000003,127.27777777777777,10.429444444444444,0.0031314838335959392,0.0,3.0,923.0,0.0032502708559046588,0.07462686567164178,0.014519056261343026,,,0.0010311863141343948,-0.05845773405822137,0.13138367525098216,0.07196505619773079,0.037933142440117355,0.0,0,0,0,0,3,0,0.07462686567164178,0.13138367525098216,,0.7041918797579543,11.02,0.27498500000000003
2026-07-11,6,SH004,浦东新区第4支行,综合支行,浦东新区,0,5,16,155,229,140,14.15,36.65,1,0,2,4.498,0.29251000000000005,524,0.7041984732824428,0.0064516129032258064,0.0,0.012903225806451613,9.6875,31.0,0.8266666666666667,145.0,12.75,0.0069083805803039685,0.0,0.7046921028249009,0.26568,128.1578947368421,10.468947368421052,0.002966668894985627,0.0,3.0,927.0,0.003236245954692557,0.06896551724137931,0.10980392156862748,-0.06611790878754167,,-0.0007004896755324992,0.10098614875037645,0.20944558521560572,0.3516163088834147,0.09086860355821273,0.0,0,0,0,0,2,0,0.06896551724137931,0.20944558521560572,,0.7046921028249009,12.75,0.26568
2026-07-12,7,SH004,浦东新区第4支行,综合支行,浦东新区,0,5,16,45,67,41,1.6800000000000002,4.73,0,0,1,4.639,0.26416,153,0.7058823529411765,0.0,0.0,0.022222222222222223,2.8125,9.0,0.24,43.0,2.06,0.0,0.0,0.7035113630949545,0.26739500000000005,129.5,10.653,0.0031409160953976356,0.0,3.0,927.0,0.003236245954692557,0.046511627906976744,-0.18446601941747567,,,0.0033702225302961503,-0.012098206772752081,-0.6525096525096525,-0.8422979442410589,0.030350972900742994,0.0,0,0,0,0,1,1,0.046511627906976744,-0.6525096525096525,,0.7035113630949545,2.06,0.26739500000000005
2026-07-13,1,SH004,浦东新区第4支行,综合支行,浦东新区,0,5,16,156,230,141,15.43,37.69,0,0,4,4.451,0.2712,527,0.7039848197343453,0.0,0.0,0.02564102564102564,9.75,31.2,0.832,145.0,12.94,0.00641025641025641,0.0,0.7042553191489361,0.2676,125.47619047619048,10.225714285714286,0.0029913486622834625,0.0,2.0,927.0,0.002157497303128371,0.07586206896551724,0.19242658423493048,-1.0,,-0.00038409282434341183,0.013452914798206247,0.24326375711574946,0.5089410449846326,-0.27875431896948,0.0,0,0,0,0,1,1,0.07586206896551724,0.24326375711574946,,0.7042553191489361,12.94,0.2676
2026-07-14,2,SH004,浦东新区第4支行,综合支行,浦东新区,0,5,17,144,213,131,11.85,33.11,2,0,10,4.5120000000000005,0.26983,488,0.7049180327868853,0.013888888888888888,0.0,0.06944444444444445,8.470588235294118,28.8,0.768,137.0,10.5,0.00684931506849315,0.0,0.7041036717062635,0.26271,126.28571428571429,10.356190476190475,0.0029913486622834625,0.0,3.0,925.0,0.003243243243243243,0.051094890510948905,0.12857142857142853,1.0277777777777777,,0.001156592577692807,0.02710212782155234,0.14027149321266963,0.1442431487952916,0.08420769672750067,0.0,0,0,0,0,2,1,0.051094890510948905,0.14027149321266963,,0.7041036717062635,10.5,0.26271
2026-07-15,3,SH004,浦东新区第4支行,综合支行,浦东新区,0,5,16,138,204,125,11.34,32.26,0,0,5,4.604,0.25192000000000003,467,0.7044967880085653,0.0,0.0,0.036231884057971016,8.625,27.6,0.736,133.0,10.68,0.0,0.0,0.7044917257683215,0.26717,126.95238095238095,10.460476190476191,0.0036527243236591242,0.0,3.0,921.0,0.003257328990228013,0.03759398496240601,0.061797752808988776,,,7.1856631648136745e-06,-0.0570797619493206,0.08702175543885975,0.08408066645422671,-0.10824669435634358,0.0,0,0,0,0,2,1,0.03759398496240601,0.08702175543885975,,0.7044917257683215,10.68,0.26717
2026-07-16,4,SH004,浦东新区第4支行,综合支行,浦东新区,0,5,16,134,198,122,10.95,25.62,0,0,3,4.588,0.26767,454,0.7048458149779736,0.0,0.0,0.022388059701492536,8.375,26.8,0.7146666666666667,132.0,10.45,0.0,0.0,0.7048832271762208,0.26557000000000003,127.57142857142857,10.568095238095239,0.0036527243236591242,0.0,3.0,916.0,0.0032751091703056767,0.015151515151515152,0.04784688995215311,,,-5.3075739079548724e-05,0.007907519674662012,0.05039193729003361,0.03613752083990431,-0.10337904530807043,0.0,0,0,0,0,2,1,0.015151515151515152,0.05039193729003361,,0.7048832271762208,10.45,0.26557000000000003
2026-07-17,5,SH004,浦东新区第4支行,综合支行,浦东新区,0,5,15,138,204,125,11.63,31.05,0,0,1,4.517,0.28637,467,0.7044967880085653,0.0,0.0,0.007246376811594203,9.2,27.6,0.736,139.0,11.13,0.0,0.0,0.7042553191489361,0.26489,128.0952380952381,10.67095238095238,0.0036527243236591242,0.0,3.0,910.0,0.0032967032967032967,-0.007194244604316547,0.044923629829290206,,,0.000342871190409997,0.0810902638831213,0.07732342007434939,0.08987460395376869,-0.0974672587936181,0.0,0,0,0,0,2,0,-0.007194244604316547,0.07732342007434939,,0.7042553191489361,11.13,0.26489
2026-07-18,6,SH004,浦东新区第4支行,综合支行,浦东新区,0,5,17,147,217,133,12.76,32.51,1,0,4,4.625,0.25791000000000003,497,0.704225352112676,0.006802721088435374,0.0,0.027210884353741496,8.647058823529411,29.4,0.7839999999999999,151.0,14.03,0.006622516556291391,0.0,0.7045009784735812,0.27043,128.52380952380952,10.705238095238096,0.0036527243236591242,0.0,3.0,902.0,0.0033259423503325942,-0.026490066225165563,-0.09052031361368494,0.02721088435374146,,-0.00039123630672928,-0.04629663868653617,0.1437569470174139,0.19193986032649782,-0.08946253381617791,0.0,0,0,0,0,1,0,-0.026490066225165563,0.1437569470174139,,0.7045009784735812,14.03,0.27043
2026-07-19,7,SH004,浦东新区第4支行,综合支行,浦东新区,0,5,16,43,63,39,2.74,7.73,0,0,0,4.658,0.27145,145,0.7034482758620689,0.0,0.0,0.0,2.6875,8.6,0.22933333333333333,45.0,1.6800000000000002,0.0,0.0,0.7050359712230215,0.26416,128.9047619047619,10.766666666666666,0.0036340803467124014,0.0,3.0,900.0,0.0033333333333333335,-0.044444444444444446,0.6309523809523809,,,-0.0022519352568613426,0.027596910963052765,-0.666420391577392,-0.7455108359133127,-0.08275739243111149,0.0,0,0,0,0,1,0,-0.044444444444444446,-0.666420391577392,,0.7050359712230215,1.6800000000000002,0.26416
2026-07-20,1,SH004,浦东新区第4支行,综合支行,浦东新区,0,5,16,148,218,134,13.57,36.64,1,0,3,4.565,0.26311,500,0.704,0.006756756756756757,0.0,0.02027027027027027,9.25,29.6,0.7893333333333333,150.5,14.184999999999999,0.003205128205128205,0.0,0.7041684759009987,0.2694,129.0,10.774285714285714,0.0036340803467124014,0.0,4.0,892.0,0.004484304932735426,-0.016611295681063124,-0.04335565738456105,1.1081081081081083,,-0.0002392551026701505,-0.02334818114328123,0.14728682170542637,0.25948024396711755,0.23395866489088132,0.0,0,0,0,0,1,0,-0.016611295681063124,0.14728682170542637,,0.7041684759009987,14.184999999999999,0.2694
2026-07-21,2,SH004,浦东新区第4支行,综合支行,浦东新区,0,5,16,137,202,124,11.08,33.19,1,0,4,4.664,0.27989,463,0.7041036717062635,0.0072992700729927005,0.0,0.029197080291970802,8.5625,27.4,0.7306666666666666,140.5,11.175,0.007074292570742925,0.0,0.7045108522465744,0.265725,129.14285714285714,10.804285714285713,0.003627423443503774,0.0,3.0,885.0,0.003389830508474576,-0.02491103202846975,-0.008501118568232718,0.03180212014134277,,-0.0005779620555345937,0.05330699030953068,0.0608407079646018,0.02551897395213549,-0.06549909011992924,0.0,0,0,0,0,1,0,-0.02491103202846975,0.0608407079646018,,0.7045108522465744,11.175,0.265725
2026-07-22,3,SH004,浦东新区第4支行,综合支行,浦东新区,0,5,17,132,194,119,9.83,27.53,0,0,0,4.495,0.27477,445,0.7033707865168539,0.0,0.0,0.0,7.764705882352941,26.4,0.704,135.5,11.01,0.0,0.0,0.7044942568884434,0.26198,129.14285714285714,10.831904761904761,0.003627423443503774,0.0,3.0,879.0,0.0034129692832764505,-0.025830258302583026,-0.10717529518619434,,,-0.0015947189925316066,0.04882052065043142,0.022123893805309765,-0.09249571372049055,-0.059120244318700055,0.0,0,0,0,0,1,0,-0.025830258302583026,0.022123893805309765,,0.7044942568884434,11.01,0.26198
2026-07-23,4,SH004,浦东新区第4支行,综合支行,浦东新区,0,5,16,129,191,117,9.85,30.45,0,0,2,4.667,0.261,437,0.7048054919908466,0.0,0.0,0.015503875968992248,8.0625,25.8,0.6880000000000001,133.0,10.7,0.0,0.0,0.7048645210770972,0.26662,129.0952380952381,10.79142857142857,0.0032693854914808596,0.0,3.0,874.0,0.003432494279176201,-0.03007518796992481,-0.07943925233644857,,,-8.374529357833e-05,-0.021078688770534895,-0.0007377351530800967,-0.08723854911305261,0.049889738643656215,0.0,0,0,0,0,1,0,-0.03007518796992481,-0.0007377351530800967,,0.7048645210770972,10.7,0.26662
2026-07-24,5,SH004,浦东新区第4支行,综合支行,浦东新区,0,5,17,134,198,122,10.41,33.18,0,0,3,4.566,0.27629000000000004,454,0.7048458149779736,0.0,0.0,0.022388059701492536,7.882352941176471,26.8,0.7146666666666667,138.5,11.155000000000001,0.0,0.0,0.7043760535787507,0.27498500000000003,128.95238095238096,10.736190476190476,0.002908635130730499,0.0,3.0,870.0,0.0034482758620689655,-0.032490974729241874,-0.06678619453160026,,,0.0006669184689573283,0.004745713402549231,0.039143279172821184,-0.03038232945977111,0.18553056917900065,0.0,0,0,0,0,0,0,-0.032490974729241874,0.039143279172821184,,0.7043760535787507,11.155000000000001,0.27498500000000003
2026-07-25,6,SH004,浦东新区第4支行,综合支行,浦东新区,0,5,17,145,214,131,11.44,35.44,0,0,5,4.622,0.26698,490,0.7040816326530612,0.0,0.0,0.034482758620689655,8.529411764705882,29.0,0.7733333333333333,149.0,13.395,0.006712618822363382,0.0,0.7043631652931286,0.26568,128.71428571428572,10.701904761904762,0.002908635130730499,0.0,2.0,868.0,0.002304147465437788,-0.026845637583892617,-0.14594998133631953,-1.0,,-0.0003996981300835036,0.0048931044866003,0.12652608213096553,0.06896858592150922,-0.20782519570988436,0.0,0,0,0,0,0,1,-0.026845637583892617,0.12652608213096553,,0.7043631652931286,13.395,0.26568
2026-07-26,7,SH004,浦东新区第4支行,综合支行,浦东新区,0,5,15,43,63,39,1.21,2.5700000000000003,1,0,5,4.6,0.26943,145,0.7034482758620689,0.023255813953488372,0.0,0.11627906976744186,2.8666666666666667,8.6,0.22933333333333333,44.0,2.13,0.0,0.0,0.7042421235425452,0.267805,128.42857142857142,10.57857142857143,0.002593277199478528,0.0,3.0,868.0,0.0034562211981566822,-0.022727272727272728,-0.43192488262910794,,,-0.001127236860645332,0.006067847874386167,-0.6651835372636262,-0.8856178257933828,0.3327619580551127,0.0,0,0,0,0,0,2,-0.022727272727272728,-0.6651835372636262,,0.7042421235425452,2.13,0.267805
2026-07-27,1,SH004,浦东新区第4支行,综合支行,浦东新区,0,5,16,149,221,135,13.54,41.93,0,0,2,4.548,0.27255,505,0.7049504950495049,0.0,0.0,0.013422818791946308,9.3125,29.8,0.7946666666666666,152.0,14.5,0.006583506583506584,0.0,0.7040408163265306,0.2694,128.33333333333334,10.562857142857144,0.0037006969115494026,0.0,2.0,869.0,0.0023014959723820483,-0.019736842105263157,-0.0662068965517242,-1.0,,0.0012920823649411996,0.01169265033407588,0.16103896103896095,0.28185014876927217,-0.37809120082237124,0.0,0,0,0,0,0,2,-0.019736842105263157,0.16103896103896095,,0.7040408163265306,14.5,0.2694
2026-07-28,2,SH004,浦东新区第4支行,综合支行,浦东新区,0,5,17,141,208,127,10.75,29.54,1,0,8,4.519,0.25042000000000003,476,0.7037815126050421,0.0070921985815602835,0.0,0.05673758865248227,8.294117647058824,28.2,0.752,140.5,11.465,0.0072992700729927005,0.0,0.7045108522465744,0.269285,128.0,10.45904761904762,0.003395446606299097,0.0,2.0,873.0,0.002290950744558992,0.0035587188612099642,-0.06236371565634539,-0.028368794326241127,,-0.0010352425930794016,-0.07005588874241032,0.1015625,0.02781824804225084,-0.32528735975146494,0.0,0,0,0,0,0,2,0.0035587188612099642,0.1015625,,0.7045108522465744,11.465,0.269285
2026-07-29,3,SH004,浦东新区第4支行,综合支行,浦东新区,0,5,17,137,202,124,10.93,32.89,0,0,1,4.527,0.27085000000000004,463,0.7041036717062635,0.0,0.0,0.0072992700729927005,8.058823529411764,27.4,0.7306666666666666,135.5,11.01,0.0,0.0,0.7040229242756815,0.26559,127.76190476190476,10.344761904761905,0.0034070124878737224,0.0,2.0,878.0,0.002277904328018223,0.01107011070110701,-0.007266121707538608,,,0.0001146943200253562,0.019804962536240228,0.07230711889675738,0.05657337506904805,-0.3314071092707273,0.0,0,0,0,0,0,2,0.01107011070110701,0.07230711889675738,,0.7040229242756815,11.01,0.26559
2026-07-30,4,SH004,浦东新区第4支行,综合支行,浦东新区,0,5,17,136,201,123,11.02,30.39,0,0,2,4.511,0.2665,460,0.7043478260869566,0.0,0.0,0.014705882352941176,8.0,27.2,0.7253333333333333,133.0,10.7,0.0,0.0,0.7048256534844102,0.266235,127.52380952380952,10.322380952380952,0.0034070124878737224,0.0,2.0,885.0,0.0022598870056497176,0.022556390977443608,0.029906542056074795,,,-0.0006779370119282707,0.0009953612410089404,0.06646751306945486,0.06758315265027451,-0.3366954146211283,0.0,0,0,0,0,0,1,0.022556390977443608,0.06646751306945486,,0.7048256534844102,10.7,0.266235
2026-07-31,5,SH004,浦东新区第4支行,综合支行,浦东新区,0,5,17,143,211,129,10.91,24.64,0,0,2,4.587,0.27508000000000005,483,0.7039337474120083,0.0,0.0,0.013986013986013986,8.411764705882353,28.6,0.7626666666666667,138.5,11.155000000000001,0.0,0.0,0.7046713014932695,0.280685,127.38095238095238,10.34952380952381,0.0034070124878737224,0.0,2.0,894.0,0.0022371364653243847,0.032490974729241874,-0.02196324518153303,,,-0.0010466639973818177,-0.01996900439995002,0.12261682242990656,0.05415478052820469,-0.34337297756118407,0.0,0,0,0,0,0,0,0.032490974729241874,0.12261682242990656,,0.7046713014932695,11.155000000000001,0.280685
2026-08-01,6,SH004,浦东新区第4支行,综合支行,浦东新区,0,5,16,154,227,139,13.23,37.85,0,0,4,4.426,0.25724,520,0.7038461538461539,0.0,0.0,0.025974025974025976,9.625,30.8,0.8213333333333334,149.0,13.395,0.006537064729758599,0.0,0.7042119126975595,0.26870499999999997,127.33333333333333,10.336666666666666,0.0034070124878737224,0.0,2.0,903.0,0.0022148394241417496,0.03355704697986577,-0.012318029115341482,-1.0,,-0.00051938748097071,-0.042667609460188494,0.20942408376963356,0.2799097065462755,-0.3499174329343284,0.0,0,0,0,0,0,0,0.03355704697986577,0.20942408376963356,,0.7042119126975595,13.395,0.26870499999999997
2026-08-02,7,SH004,浦东新区第4支行,综合支行,浦东新区,0,5,16,46,67,41,1.8900000000000001,4.25,0,0,1,4.575,0.27991000000000005,154,0.7012987012987013,0.0,0.0,0.021739130434782608,2.875,9.2,0.24533333333333332,44.0,1.61,0.0,0.0,0.7034482758620689,0.27044,127.28571428571429,10.292857142857143,0.0030997928258153515,0.0,1.0,906.0,0.0011037527593818985,0.045454545454545456,0.17391304347826086,,,-0.003055767761650045,0.03501700931814833,-0.6386083052749719,-0.8163775156141567,-0.6439269262804447,0.0,0,0,0,0,1,0,0.045454545454545456,-0.6386083052749719,,0.7034482758620689,1.61,0.27044
2026-08-03,1,SH004,浦东新区第4支行,综合支行,浦东新区,0,5,15,160,237,145,15.92,34.95,0,0,5,4.48,0.28164,542,0.7047970479704797,0.0,0.0,0.03125,10.666666666666666,32.0,0.8533333333333334,152.5,14.5,0.003205128205128205,0.0,0.7042727272727273,0.271875,127.33333333333333,10.302857142857142,0.0030997928258153515,0.0,1.0,917.0,0.0010905125408942203,0.04918032786885246,0.09793103448275861,-1.0,,0.0007444853072514229,0.03591724137931043,0.2565445026178011,0.5452024403771493,-0.6481982499564699,0.0,0,0,0,0,1,0,0.04918032786885246,0.2565445026178011,,0.7042727272727273,14.5,0.271875
2026-08-04,2,SH004,浦东新区第4支行,综合支行,浦东新区,0,5,16,151,223,137,13.69,36.53,0,0,1,4.526,0.25694,511,0.7045009784735812,0.0,0.0,0.006622516556291391,9.4375,30.2,0.8053333333333333,142.5,11.465,0.007195734327276492,0.0,0.7045108522465744,0.269285,127.52380952380952,10.326190476190478,0.0030997928258153515,0.0,0.0,927.0,0.0,0.05964912280701754,0.19406890536415175,-1.0,,-1.4015075795827213e-05,-0.04584362292738175,0.18409260642270356,0.32575513027438296,-1.0,0.0,0,0,0,0,2,0,0.05964912280701754,0.18409260642270356,,0.7045108522465744,11.465,0.269285
2026-08-05,3,SH004,浦东新区第4支行,综合支行,浦东新区,0,5,16,147,217,133,12.55,34.7,1,0,2,4.554,0.26408000000000004,497,0.704225352112676,0.006802721088435374,0.0,0.013605442176870748,9.1875,29.4,0.7839999999999999,137.5,11.135,0.0,0.0,0.7038263661245305,0.27262000000000003,127.85714285714286,10.413809523809524,0.0024384171644396897,0.0,1.0,937.0,0.0010672358591248667,0.06909090909090909,0.12707678491243835,,,0.0005668812754804907,-0.03132565475753793,0.1497206703910614,0.20513055009374,-0.5623243328956385,0.0,0,0,0,0,3,0,0.06909090909090909,0.1497206703910614,,0.7038263661245305,11.135,0.27262000000000003
2026-08-06,4,SH004,浦东新区第4支行,综合支行,浦东新区,0,5,16,145,214,131,12.8,36.13,1,0,1,4.501,0.27286000000000005,490,0.7040816326530612,0.006896551724137931,0.0,0.006896551724137931,9.0625,29.0,0.7733333333333333,135.0,10.7,0.0,0.0,0.7048256534844102,0.267085,128.28571428571428,10.471428571428572,0.0027623562638889932,0.0,2.0,946.0,0.0021141649048625794,0.07407407407407407,0.1962616822429908,,,-0.0010556097492631954,0.021622329969859893,0.1302895322939867,0.22237380627557987,-0.23465161518082223,0.0,0,0,0,1,4,0,0.07407407407407407,0.1302895322939867,,0.7048256534844102,10.7,0.267085
2026-08-07,5,SH004,浦东新区第4支行,综合支行,浦东新区,0,5,16,152,224,137,12.69,35.62,0,0,2,4.538,0.27663000000000004,513,0.7037037037037037,0.0,0.0,0.013157894736842105,9.5,30.4,0.8106666666666666,140.5,11.045,0.0,0.0,0.7046713014932695,0.27568500000000007,128.8095238095238,10.55952380952381,0.0030907634888479424,0.0,2.0,955.0,0.0020942408376963353,0.08185053380782918,0.14893617021276592,,,-0.0013731193359447888,0.0034278252353228266,0.18003696857670992,0.20175873731679808,-0.3224195752108658,0.0,0,0,0,1,4,0,0.08185053380782918,0.18003696857670992,,0.7046713014932695,11.045,0.27568500000000007
2026-08-08,6,SH004,浦东新区第4支行,综合支行,浦东新区,0,5,16,163,241,148,16.37,50.17,1,0,4,4.342,0.23434000000000002,552,0.7047101449275363,0.006134969325153374,0.0,0.024539877300613498,10.1875,32.6,0.8693333333333334,150.5,12.995000000000001,0.0032258064516129032,0.0,0.704140052967752,0.26244500000000004,129.47619047619048,10.61,0.0030907634888479424,0.0,3.0,964.0,0.0031120331950207467,0.08305647840531562,0.2597152751058099,0.901840490797546,,0.0008096286489903896,-0.10708910438377571,0.2589187201176903,0.5428840716305374,0.006881699699620934,0.0,0,0,0,1,5,0,0.08305647840531562,0.2589187201176903,,0.704140052967752,12.995000000000001,0.26244500000000004
2026-08-09,7,SH004,浦东新区第4支行,综合支行,浦东新区,0,5,17,48,71,43,3.5,8.39,0,0,1,4.606,0.27182,162,0.7037037037037037,0.0,0.0,0.020833333333333332,2.823529411764706,9.6,0.256,44.0,1.7850000000000001,0.0,0.0,0.7034482758620689,0.27044,130.23809523809524,10.781904761904762,0.003058965785834514,0.0,3.0,966.0,0.003105590062111801,0.09090909090909091,0.96078431372549,,,0.0003631082062455379,0.00510279544446085,-0.6314442413162705,-0.6753820333892766,0.015241843008900285,0.0,0,0,0,1,5,0,0.09090909090909091,-0.6314442413162705,,0.7034482758620689,1.7850000000000001,0.27044
2026-08-10,1,SH004,浦东新区第4支行,综合支行,浦东新区,0,5,17,166,246,151,17.44,49.31,0,0,2,4.435,0.2609,563,0.7051509769094139,0.0,0.0,0.012048192771084338,9.764705882352942,33.2,0.8853333333333334,152.5,14.5,0.0,0.0,0.7043985239852398,0.271875,130.47619047619048,10.818095238095239,0.003058965785834514,0.0,3.0,972.0,0.0030864197530864196,0.08852459016393442,0.20275862068965525,,,0.0010682204725769651,-0.04036781609195387,0.2722627737226277,0.612113742406902,0.008974918052055234,0.0,0,0,0,1,5,0,0.08852459016393442,0.2722627737226277,,0.7043985239852398,14.5,0.271875
2026-08-11,2,SH004,浦东新区第4支行,综合支行,浦东新区,0,5,16,155,229,140,14.01,43.48,1,0,3,4.577,0.2452,524,0.7041984732824428,0.0064516129032258064,0.0,0.01935483870967742,9.6875,31.0,0.8266666666666667,142.5,11.465,0.007195734327276492,0.0,0.7043023250899223,0.263385,131.33333333333334,11.002380952380953,0.0027372154640841924,0.0,4.0,976.0,0.004098360655737705,0.08771929824561403,0.22197993894461404,-0.10341146437688556,,-0.00014745344971884975,-0.06904341553239547,0.1802030456852791,0.27336074442761293,0.497273674474479,0.0,0,0,0,1,5,0,0.08771929824561403,0.1802030456852791,,0.7043023250899223,11.465,0.263385
2026-08-12,3,SH004,浦东新区第4支行,综合支行,浦东新区,0,5,16,148,219,134,13.28,32.5,2,0,4,4.517,0.26488,501,0.7045908183632734,0.013513513513513514,0.0,0.02702702702702703,9.25,29.6,0.7893333333333333,137.5,11.135,0.0,0.0,0.7041645119094697,0.26746500000000006,132.1904761904762,11.141904761904762,0.002696850836952435,0.0,5.0,977.0,0.00511770726714432,0.07636363636363637,0.19263583295913783,,,0.0006054074674222037,-0.009664815957228269,0.11959654178674341,0.19189674331139409,0.8976604849705233,0.0,0,0,0,1,5,0,0.07636363636363637,0.11959654178674341,,0.7041645119094697,11.135,0.26746500000000006
2026-08-13,4,SH004,浦东新区第4支行,综合支行,浦东新区,0,5,17,145,214,131,11.8,31.48,0,0,1,4.502,0.26897000000000004,490,0.7040816326530612,0.0,0.0,0.006896551724137931,8.529411764705882,29.0,0.7733333333333333,135.0,10.985,0.0,0.0,0.7045766590389015,0.267085,132.95238095238096,11.306190476190476,0.003340351480453079,0.0,4.0,977.0,0.0040941658137154556,0.07407407407407407,0.07419208010924,,,-0.000702586978279367,0.007057678267218396,0.09061604584527212,0.043676030830139455,0.22566916615617072,0.0,0,0,0,1,4,0,0.07407407407407407,0.09061604584527212,,0.7045766590389015,10.985,0.267085
2026-08-14,5,SH004,浦东新区第4支行,综合支行,浦东新区,0,5,16,149,221,135,13.54,34.18,0,0,4,4.491,0.25919000000000003,505,0.7049504950495049,0.0,0.0,0.026845637583892617,9.3125,29.8,0.7946666666666666,140.5,11.27,0.0,0.0,0.7042152677102869,0.27646000000000004,133.71428571428572,11.399047619047618,0.003340351480453079,0.0,4.0,974.0,0.004106776180698152,0.060498220640569395,0.20141969831410822,,,0.001044037772155373,-0.06246834985169647,0.11431623931623924,0.18781853120561454,0.22944432785891047,0.0,0,0,0,1,4,0,0.060498220640569395,0.11431623931623924,,0.7042152677102869,11.27,0.27646000000000004
2026-08-15,6,SH004,浦东新区第4支行,综合支行,浦东新区,0,5,16,159,235,144,15.2,45.01,0,0,4,4.353,0.27648,538,0.7044609665427509,0.0,0.0,0.025157232704402517,9.9375,31.8,0.848,150.5,12.995000000000001,0.003067484662576687,0.0,0.7041534923828686,0.257575,134.42857142857142,11.548095238095238,0.003340351480453079,0.0,3.0,970.0,0.003092783505154639,0.05647840531561462,0.16968064640246233,-1.0,,0.00043665786395776516,0.07339609822381833,0.18278427205100967,0.31623438208733656,-0.07411434896810926,0.0,0,0,0,1,4,0,0.05647840531561462,0.18278427205100967,,0.7041534923828686,12.995000000000001,0.257575
2026-08-16,7,SH004,浦东新区第4支行,综合支行,浦东新区,0,5,17,46,68,42,1.9,6.05,1,0,1,4.521,0.26228,156,0.7051282051282052,0.021739130434782608,0.0,0.021739130434782608,2.7058823529411766,9.2,0.24533333333333332,44.5,2.3150000000000004,0.0,0.0,0.7034482758620689,0.271635,135.0952380952381,11.727142857142857,0.003340351480453079,0.0,4.0,968.0,0.004132231404958678,0.033707865168539325,-0.17926565874730038,,,0.0023881347410760396,-0.03443959725366761,-0.6594994712724709,-0.837982701912535,0.23706485055225082,0.0,0,0,0,0,3,1,0.033707865168539325,-0.6594994712724709,,0.7034482758620689,2.3150000000000004,0.271635
2026-08-17,1,SH004,浦东新区第4支行,综合支行,浦东新区,0,5,17,159,235,144,15.6,46.19,0,0,2,4.418,0.2928,538,0.7044609665427509,0.0,0.0,0.012578616352201259,9.352941176470589,31.8,0.848,154.5,14.745000000000001,0.0,0.0,0.7048737715099923,0.26783,135.23809523809524,11.76,0.0032681284557528043,0.0,4.0,961.0,0.004162330905306972,0.02912621359223301,0.05798575788402839,,,-0.0005856438186897907,0.09323078071911284,0.17570422535211266,0.32653061224489793,0.27361300562715823,0.0,0,0,0,0,2,1,0.02912621359223301,0.17570422535211266,,0.7048737715099923,14.745000000000001,0.26783
2026-08-18,2,SH004,浦东新区第4支行,综合支行,浦东新区,0,5,17,147,217,133,13.02,33.21,1,0,4,4.5600000000000005,0.27156,497,0.704225352112676,0.006802721088435374,0.0,0.027210884353741496,8.647058823529411,29.4,0.7839999999999999,146.0,12.385,0.0067719057423930445,0.0,0.7041510724943532,0.25368,135.71428571428572,11.858095238095236,0.0032681284557528043,0.0,4.0,953.0,0.004197271773347324,0.00684931506849315,0.05127169963665723,0.004550468836183162,,0.00010548818460181138,0.07048249763481554,0.08315789473684204,0.09798409766283844,0.28430440546453195,0.0,0,0,0,0,2,1,0.00684931506849315,0.08315789473684204,,0.7041510724943532,12.385,0.25368
2026-08-19,3,SH004,浦东新区第4支行,综合支行,浦东新区,0,5,18,141,208,127,11.51,23.4,2,0,6,4.547,0.27776,476,0.7037815126050421,0.014184397163120567,0.0,0.0425531914893617,7.833333333333333,28.2,0.752,142.0,11.74,0.003401360544217687,0.0,0.7041645119094697,0.267865,136.0,11.966190476190476,0.0032543438132230464,0.0,4.0,946.0,0.004228329809725159,-0.007042253521126761,-0.019591141396933597,3.1702127659574466,,-0.0005439060020066514,0.03694024975267387,0.03676470588235294,-0.03812328385530666,0.29928798320098,0.0,0,0,0,0,1,1,-0.007042253521126761,0.03676470588235294,,0.7041645119094697,11.74,0.267865
2026-08-20,4,SH004,浦东新区第4支行,综合支行,浦东新区,0,5,16,137,202,124,11.3,26.8,1,0,1,4.633,0.25271000000000005,463,0.7041036717062635,0.0072992700729927005,0.0,0.0072992700729927005,8.5625,27.4,0.7306666666666666,140.5,11.41,0.0,0.0,0.704214729370009,0.26773500000000006,136.1904761904762,11.993809523809524,0.003929791297181169,0.0,5.0,938.0,0.005330490405117271,-0.02491103202846975,-0.009640666082383825,,,-0.00015770426137602908,-0.05611892356247785,0.005944055944055844,-0.05784730217969586,0.35643091503124363,0.0,0,0,0,0,0,1,-0.02491103202846975,0.005944055944055844,,0.704214729370009,11.41,0.26773500000000006
2026-08-21,5,SH004,浦东新区第4支行,综合支行,浦东新区,0,5,15,142,209,128,11.9,31.56,0,0,2,4.583,0.28311000000000003,479,0.7035490605427975,0.0,0.0,0.014084507042253521,9.466666666666667,28.4,0.7573333333333333,146.0,11.8,0.0,0.0,0.704389781194991,0.27568500000000007,136.23809523809524,12.007142857142858,0.004277375586371298,0.0,5.0,931.0,0.0053705692803437165,-0.0273972602739726,0.00847457627118641,,,-0.001193544646214419,0.026932912563251383,0.042292904578818576,-0.008923259964307002,0.25557580153952,0.0,0,0,0,0,0,0,-0.0273972602739726,0.042292904578818576,,0.704389781194991,11.8,0.27568500000000007
2026-08-22,6,SH004,浦东新区第4支行,综合支行,浦东新区,0,5,16,152,224,137,13.43,34.82,0,0,2,4.547,0.24885000000000002,513,0.7037037037037037,0.0,0.0,0.013157894736842105,9.5,30.4,0.8106666666666666,156.5,14.215,0.0,0.0,0.7042712995979061,0.26211,136.1904761904762,12.054285714285715,0.004277375586371298,0.0,5.0,924.0,0.005411255411255411,-0.02875399361022364,-0.05522335561027085,,,-0.0008059335862848189,-0.05058944717866542,0.11608391608391597,0.11412657027731679,0.2650877394299708,0.0,0,0,0,0,0,0,-0.02875399361022364,0.11608391608391597,,0.7042712995979061,14.215,0.26211
2026-08-23,7,SH004,浦东新区第4支行,综合支行,浦东新区,0,5,15,44,66,40,1.63,4.27,0,0,0,4.598,0.27777,150,0.7066666666666667,0.0,0.0,0.0,2.933333333333333,8.8,0.2346666666666667,46.0,1.895,0.010869565217391304,0.0,0.7035759897828864,0.270625,136.0952380952381,12.063809523809523,0.004277375586371298,0.0,4.0,922.0,0.004338394793926247,-0.043478260869565216,-0.13984168865435362,-1.0,,0.004392811762570273,0.026401847575057782,-0.6766969909027292,-0.8648851346017209,0.014265571569017891,0.0,0,0,0,0,0,1,-0.043478260869565216,-0.6766969909027292,,0.7035759897828864,1.895,0.270625
2026-08-24,1,SH004,浦东新区第4支行,综合支行,浦东新区,0,5,16,154,228,140,14.28,42.17,1,0,5,4.349,0.26463000000000003,522,0.7049808429118773,0.006493506493506494,0.0,0.032467532467532464,9.625,30.8,0.8213333333333334,159.5,15.76,0.0,0.0,0.7048737715099923,0.277095,136.0,12.051428571428572,0.004277375586371298,0.0,5.0,917.0,0.0054525627044711015,-0.034482758620689655,-0.0939086294416244,,,0.00015190152650405652,-0.04498457207816795,0.1323529411764706,0.18492176386913223,0.2747448977462302,0.0,0,0,0,0,0,1,-0.034482758620689655,0.1323529411764706,,0.7048737715099923,15.76,0.277095
2026-08-25,2,SH004,浦东新区第4支行,综合支行,浦东新区,0,5,16,145,213,131,12.03,33.4,0,0,2,4.579,0.27558000000000005,489,0.7034764826175869,0.0,0.0,0.013793103448275862,9.0625,29.0,0.7733333333333333,149.0,13.355,0.00662716699583059,0.0,0.7042119126975595,0.25368,135.71428571428572,11.973333333333333,0.004586590181300179,0.0,4.0,915.0,0.004371584699453552,-0.026845637583892617,-0.09921377761138159,-1.0,,-0.0010443306435351562,0.08632923368022717,0.06842105263157888,0.00473273942093541,-0.046876976871231664,0.0,0,0,0,0,0,1,-0.026845637583892617,0.06842105263157888,,0.7042119126975595,13.355,0.25368
2026-08-26,3,SH004,浦东新区第4支行,综合支行,浦东新区,0,5,16,140,207,127,12.51,30.55,0,0,2,4.515,0.26462,474,0.7046413502109705,0.0,0.0,0.014285714285714285,8.75,28.0,0.7466666666666667,144.0,12.030000000000001,0.010158117300974445,0.0,0.7041645119094697,0.267865,135.42857142857142,11.894285714285715,0.004586590181300179,0.0,2.0,914.0,0.002188183807439825,-0.027777777777777776,0.039900249376558485,-1.0,,0.0006771688908430933,-0.012114311313534794,0.03375527426160347,0.05176555368724469,-0.5229170863441888,0.0,0,0,0,0,0,1,-0.027777777777777776,0.03375527426160347,,0.7041645119094697,12.030000000000001,0.267865
2026-08-27,4,SH004,浦东新区第4支行,综合支行,浦东新区,0,5,16,139,205,125,10.17,20.71,0,0,3,4.522,0.27232,469,0.7036247334754797,0.0,0.0,0.02158273381294964,8.6875,27.8,0.7413333333333334,141.0,11.55,0.0034482758620689655,0.0,0.7040926521796624,0.26773500000000006,135.0952380952381,11.892380952380952,0.004262651081850875,0.0,1.0,916.0,0.001091703056768559,-0.014184397163120567,-0.11948051948051953,-1.0,,-0.000664569787419576,0.017125142398266752,0.028903771589707385,-0.14483062384880274,-0.7438910584502888,0.0,0,0,0,0,0,1,-0.014184397163120567,0.028903771589707385,,0.7040926521796624,11.55,0.26773500000000006
2026-08-28,5,SH004,浦东新区第4支行,综合支行,浦东新区,0,5,17,145,215,132,12.04,26.64,1,0,5,4.5969999999999995,0.25896,492,0.7052845528455285,0.006896551724137931,0.0,0.034482758620689655,8.529411764705882,29.0,0.7733333333333333,146.0,12.295,0.0,0.0,0.7038187255578561,0.2758550000000001,134.8095238095238,11.767142857142856,0.003934243856891925,0.0,2.0,919.0,0.002176278563656148,-0.00684931506849315,-0.020740138267588516,,,0.0020826773065899637,-0.06124594442732611,0.07559166372306617,0.023188053903120093,-0.4468368909456923,0.0,0,0,0,0,0,0,-0.00684931506849315,0.07559166372306617,,0.7038187255578561,12.295,0.2758550000000001
2026-08-29,6,SH004,浦东新区第4支行,综合支行,浦东新区,0,5,16,158,233,143,14.67,36.71,0,0,2,4.382,0.27066,534,0.704119850187266,0.0,0.0,0.012658227848101266,9.875,31.6,0.8426666666666667,156.5,14.315,0.0,0.0,0.7041535601944524,0.253045,134.47619047619048,11.736190476190476,0.004262651081850875,0.0,2.0,925.0,0.002162162162162162,0.009584664536741214,0.024799161718477153,,,-4.787309060417049e-05,0.06961212432571277,0.1749291784702549,0.24997971273228922,-0.4927658584658693,0.0,0,0,0,0,0,0,0.009584664536741214,0.1749291784702549,,0.7041535601944524,14.315,0.253045
2026-08-30,7,SH004,浦东新区第4支行,综合支行,浦东新区,0,5,16,47,69,42,2.58,5.44,0,0,0,4.588,0.26067,158,0.7025316455696202,0.0,0.0,0.0,2.9375,9.4,0.25066666666666665,46.0,1.895,0.0,0.0,0.7044159544159545,0.274795,134.23809523809524,11.655238095238095,0.0039705096854150005,0.0,2.0,928.0,0.0021551724137931034,0.021739130434782608,0.3614775725593668,,,-0.002674994560417928,-0.051401954184028084,-0.6498758424973395,-0.7786403007027292,-0.4572050984512727,0.0,0,0,0,0,1,0,0.021739130434782608,-0.6498758424973395,,0.7044159544159545,1.895,0.274795
2026-08-31,1,SH004,浦东新区第4支行,综合支行,浦东新区,0,5,16,164,243,149,16.95,50.93,1,0,6,4.368,0.27218000000000003,556,0.7050359712230215,0.006097560975609756,0.0,0.036585365853658534,10.25,32.8,0.8746666666666666,159.5,15.76,0.0,0.0,0.7048889454411785,0.273135,134.1904761904762,11.611428571428572,0.0039705096854150005,0.0,2.0,938.0,0.0021321961620469083,0.02821316614420063,0.07550761421319793,,,0.00020858006469512872,-0.0034964394896296104,0.22214336408800556,0.45976870078740145,-0.4629918244805768,0.0,0,0,0,0,1,0,0.02821316614420063,0.22214336408800556,,0.7048889454411785,15.76,0.273135
2026-09-01,2,SH004,浦东新区第4支行,综合支行,浦东新区,0,5,16,153,227,139,13.46,29.88,0,0,5,4.423,0.25075000000000003,519,0.7052023121387283,0.0,0.0,0.032679738562091505,9.5625,30.6,0.8160000000000001,149.0,13.355,0.0032258064516129032,0.0,0.7042119126975595,0.26425,134.0952380952381,11.588095238095239,0.004260869731872607,0.0,2.0,946.0,0.0021141649048625794,0.026845637583892617,0.007862223886184981,-1.0,,0.0014063940460408045,-0.05108798486281914,0.1409801136363636,0.16153688103554553,-0.5038184601026452,0.0,0,0,0,0,1,0,0.026845637583892617,0.1409801136363636,,0.7042119126975595,13.355,0.26425
2026-09-02,3,SH004,浦东新区第4支行,综合支行,浦东新区,0,5,17,150,221,135,13.52,40.43,0,0,0,4.487,0.26552000000000003,506,0.7035573122529645,0.0,0.0,0.0,8.823529411764707,30.0,0.8,144.0,12.530000000000001,0.010158117300974445,0.0,0.7044080852379747,0.26475000000000004,134.0,11.561904761904762,0.0039536500698142355,0.0,2.0,956.0,0.0020920502092050207,0.041666666666666664,0.07901037509976044,-1.0,,-0.00120778424160594,0.002908404154863051,0.11940298507462686,0.16935749588138385,-0.4708560008439703,0.0,0,0,0,0,1,0,0.041666666666666664,0.11940298507462686,,0.7044080852379747,12.530000000000001,0.26475000000000004
2026-09-03,4,SH004,浦东新区第4支行,综合支行,浦东新区,0,5,14,148,219,134,12.79,39.92,2,0,5,4.509,0.25098000000000004,501,0.7045908183632734,0.013513513513513514,0.0,0.033783783783783786,10.571428571428571,29.6,0.7893333333333333,142.0,11.55,0.0034482758620689655,0.0,0.7040816326530612,0.270645,134.0952380952381,11.573333333333332,0.0033101494263135917,0.0,4.0,965.0,0.004145077720207254,0.04225352112676056,0.10735930735930722,2.9189189189189193,,0.0007231912985622408,-0.07265975724657757,0.10369318181818177,0.1051267281105991,0.2522328107778189,0.0,0,0,0,0,1,0,0.04225352112676056,0.10369318181818177,,0.7040816326530612,11.55,0.270645
2026-09-04,5,SH004,浦东新区第4支行,综合支行,浦东新区,0,5,16,156,230,141,14.99,41.98,1,0,4,4.518,0.28087,527,0.7039848197343453,0.00641025641025641,0.0,0.02564102564102564,9.75,31.2,0.832,147.0,12.364999999999998,0.0,0.0,0.7043270993766043,0.26791000000000004,134.23809523809524,11.620476190476191,0.0039536500698142355,0.0,4.0,976.0,0.004098360655737705,0.061224489795918366,0.21229276182773976,,,-0.0004859668789713171,0.04837445410772263,0.16211422490244765,0.28996434864565823,0.036601768838451836,0.0,0,0,0,0,1,0,0.061224489795918366,0.16211422490244765,,0.7043270993766043,12.364999999999998,0.26791000000000004
2026-09-05,6,SH004,浦东新区第4支行,综合支行,浦东新区,0,5,16,169,250,153,16.81,50.36,1,0,4,4.393,0.28751000000000004,572,0.7045454545454546,0.005917159763313609,0.0,0.023668639053254437,10.5625,33.8,0.9013333333333332,158.5,14.934999999999999,0.0,0.0,0.7042904083650084,0.259755,134.57142857142858,11.68952380952381,0.0042589003750645405,0.0,5.0,987.0,0.005065856129685917,0.06624605678233439,0.12554402410445265,,,0.0003621321225121069,0.10685068622355692,0.25583864118895955,0.43803975883982393,0.18947514230340448,0.0,0,0,0,0,2,0,0.06624605678233439,0.25583864118895955,,0.7042904083650084,14.934999999999999,0.259755
2026-09-06,7,SH004,浦东新区第4支行,综合支行,浦东新区,0,5,17,50,74,45,1.27,3.2800000000000002,1,0,3,4.583,0.28021,169,0.7041420118343196,0.02,0.0,0.06,2.9411764705882355,10.0,0.26666666666666666,46.5,2.24,0.0,0.0,0.7044159544159545,0.26705,135.04761904761904,11.766190476190477,0.004540669887603284,0.0,6.0,990.0,0.006060606060606061,0.07526881720430108,-0.43303571428571436,,,-0.00038889320992461796,0.049279161205766725,-0.6297602256699577,-0.8920636205431219,0.33473831188486797,0.0,0,0,0,0,2,1,0.07526881720430108,-0.6297602256699577,,0.7044159544159545,2.24,0.26705
2026-09-07,1,SH004,浦东新区第4支行,综合支行,浦东新区,0,5,16,174,257,158,19.39,41.99,0,0,2,4.33,0.2746,589,0.7045840407470289,0.0,0.0,0.011494252873563218,10.875,34.8,0.9279999999999999,161.5,16.275,0.003048780487804878,0.0,0.7050084070674494,0.268405,135.23809523809524,11.736190476190476,0.004457854152613636,0.0,5.0,1000.0,0.005,0.07739938080495357,0.19139784946236574,-1.0,,-0.0006019308651732616,0.023080792086585592,0.2866197183098591,0.6521545078308854,0.12161587813915009,0.0,0,0,0,0,3,1,0.07739938080495357,0.2866197183098591,,0.7050084070674494,16.275,0.268405
2026-09-08,2,SH004,浦东新区第4支行,综合支行,浦东新区,0,5,16,163,241,147,16.11,47.86,0,0,0,4.349,0.27507000000000004,551,0.7041742286751361,0.0,0.0,0.0,10.1875,32.6,0.8693333333333334,150.0,13.24,0.0032258064516129032,0.0,0.7042119126975595,0.261155,135.95238095238096,11.916666666666666,0.004457854152613636,0.0,5.0,1010.0,0.0049504950495049506,0.08666666666666667,0.2167673716012084,-1.0,,-5.3512333068849335e-05,0.05328253336141375,0.1989492119089316,0.3518881118881119,0.11051077043480206,0.0,0,0,0,1,4,1,0.08666666666666667,0.1989492119089316,,0.7042119126975595,13.24,0.261155
2026-09-09,3,SH004,浦东新区第4支行,综合支行,浦东新区,0,5,16,157,232,142,14.46,32.98,2,0,4,4.453,0.27640000000000003,531,0.704331450094162,0.012738853503184714,0.0,0.025477707006369428,9.8125,31.4,0.8373333333333333,144.5,12.895,0.006756756756756757,0.0,0.7041861654841577,0.2652,136.71428571428572,12.063809523809525,0.0041339150531643325,0.0,7.0,1017.0,0.00688298918387414,0.08650519031141868,0.12136487010469184,0.8853503184713376,,0.0002063156266417181,0.042232277526395336,0.14838035527690693,0.19862635193810688,0.6650049880936741,0.0,0,0,0,1,4,1,0.08650519031141868,0.14838035527690693,,0.7041861654841577,12.895,0.2652
2026-09-10,4,SH004,浦东新区第4支行,综合支行,浦东新区,0,5,16,154,228,140,13.28,33.12,0,0,2,4.471,0.25921,522,0.7049808429118773,0.0,0.0,0.012987012987012988,9.625,30.8,0.8213333333333334,142.0,11.55,0.0036496350364963502,0.0,0.7040926521796624,0.26084000000000007,137.47619047619048,12.204285714285716,0.004065079640786435,0.0,5.0,1023.0,0.004887585532746823,0.08450704225352113,0.14978354978354966,-1.0,,0.0012614685431886488,-0.006249041558043534,0.12019397298233456,0.08814233875687681,0.20233450870381098,0.0,0,0,0,1,4,1,0.08450704225352113,0.12019397298233456,,0.7040926521796624,11.55,0.26084000000000007
2026-09-11,5,SH004,浦东新区第4支行,综合支行,浦东新区,0,5,16,160,236,145,14.95,42.38,0,0,5,4.469,0.28936,541,0.7042513863216266,0.0,0.0,0.03125,10.0,32.0,0.8533333333333334,147.0,12.79,0.003205128205128205,0.0,0.7044676573919251,0.27003,138.28571428571428,12.298571428571428,0.0037174953515963054,0.0,4.0,1027.0,0.0038948393378773127,0.08843537414965986,0.16888193901485538,-1.0,,-0.0003069992895047886,0.07158463874384333,0.1570247933884298,0.21558833778603786,0.047705234171941925,0.0,0,0,0,1,5,0,0.08843537414965986,0.1570247933884298,,0.7044676573919251,12.79,0.27003
2026-09-12,6,SH004,浦东新区第4支行,综合支行,浦东新区,0,5,15,171,252,155,18.15,37.76,0,0,4,4.3629999999999995,0.27703,578,0.7041522491349481,0.0,0.0,0.023391812865497075,11.4,34.2,0.912,158.5,14.934999999999999,0.0,0.0,0.7042904083650084,0.27357,139.14285714285714,12.443809523809524,0.0037174953515963054,0.0,3.0,1029.0,0.0029154518950437317,0.07886435331230283,0.21526615333110144,,,-0.0001961679847111133,0.012647585627079062,0.228952772073922,0.45855655900811254,-0.21574834147625052,0.0,0,0,0,1,5,0,0.07886435331230283,0.228952772073922,,0.7042904083650084,14.934999999999999,0.27357
2026-09-13,7,SH004,浦东新区第4支行,综合支行,浦东新区,0,5,16,50,74,45,1.12,3.12,0,0,1,4.61,0.29248,169,0.7041420118343196,0.0,0.0,0.02,3.125,10.0,0.26666666666666666,46.5,1.765,0.01,0.0,0.7046351084812623,0.270025,140.04761904761904,12.668571428571427,0.0037174953515963054,0.0,2.0,1029.0,0.001943634596695821,0.07526881720430108,-0.36543909348441916,-1.0,,-0.0006997900629810305,0.08315896676233682,-0.6429785787147229,-0.9115922417681552,-0.477165560984167,0.0,0,0,0,1,4,1,0.07526881720430108,-0.6429785787147229,,0.7046351084812623,1.765,0.270025
2026-09-14,1,SH004,浦东新区第4支行,综合支行,浦东新区,0,5,16,171,253,155,19.99,56.98,1,0,5,4.344,0.26005,579,0.7046632124352331,0.005847953216374269,0.0,0.029239766081871343,10.6875,34.2,0.912,161.5,16.275,0.003048780487804878,0.0,0.704782441829453,0.27339,140.33333333333334,12.644285714285713,0.0037174953515963054,0.0,3.0,1026.0,0.0029239766081871343,0.058823529411764705,0.22826420890937021,0.91812865497076,,-0.00016917191340698112,-0.048794762061523896,0.21852731591448923,0.5809513049372952,-0.21345520797179512,0.0,0,0,0,1,4,1,0.058823529411764705,0.21852731591448923,,0.704782441829453,16.275,0.27339
2026-09-15,2,SH004,浦东新区第4支行,综合支行,浦东新区,0,5,15,158,234,144,14.23,43.97,0,0,3,4.484,0.26796000000000003,536,0.7052238805970149,0.0,0.0,0.0189873417721519,10.533333333333333,31.6,0.8426666666666667,150.0,13.24,0.0,0.0,0.7041997903939061,0.27331500000000003,141.14285714285714,12.916190476190476,0.003686754719351914,0.0,3.0,1021.0,0.002938295788442703,0.05333333333333334,0.07477341389728098,,,0.0014542608746531192,-0.01959277756434882,0.11943319838056683,0.1017180356879517,-0.2030129444143712,0.0,0,0,0,0,3,1,0.05333333333333334,0.11943319838056683,,0.7041997903939061,13.24,0.27331500000000003
2026-09-16,3,SH004,浦东新区第4支行,综合支行,浦东新区,0,5,16,151,224,137,13.57,41.98,0,0,5,4.49,0.28557000000000005,512,0.705078125,0.0,0.0,0.033112582781456956,9.4375,30.2,0.8053333333333333,145.5,13.015,0.006369426751592357,0.0,0.704056481349602,0.27096000000000003,141.76190476190476,13.02095238095238,0.003686754719351914,0.0,1.0,1015.0,0.0009852216748768472,0.037800687285223365,0.042643104110641546,-1.0,,0.001451081947913677,0.0539193976970771,0.06516627477326169,0.04216647162083098,-0.7327672302946052,0.0,0,0,0,0,2,1,0.037800687285223365,0.06516627477326169,,0.704056481349602,13.015,0.27096000000000003
2026-09-17,4,SH004,浦东新区第4支行,综合支行,浦东新区,0,5,16,147,218,133,11.5,34.81,3,0,7,4.448,0.27476,498,0.7048192771084337,0.02040816326530612,0.0,0.047619047619047616,9.1875,29.4,0.7839999999999999,143.5,12.045,0.0036496350364963502,0.0,0.7043472450347685,0.25596,142.28571428571428,13.071428571428571,0.003686754719351914,0.0,4.0,1008.0,0.003968253968253968,0.024390243902439025,-0.045246990452469896,4.591836734693877,,0.0006701695463320729,0.07344897640256283,0.033132530120481986,-0.12021857923497266,0.07635421131339548,0.0,0,0,0,0,1,1,0.024390243902439025,0.033132530120481986,,0.7043472450347685,12.045,0.25596
2026-09-18,5,SH004,浦东新区第4支行,综合支行,浦东新区,0,5,17,152,224,137,14.27,42.51,2,0,4,4.514,0.26238,513,0.7037037037037037,0.013157894736842105,0.0,0.02631578947368421,8.941176470588236,30.4,0.8106666666666666,150.5,13.495,0.003205128205128205,0.0,0.7041181030279859,0.28199,142.66666666666666,13.134761904761904,0.004658572017699825,0.0,6.0,1000.0,0.006,0.009966777408637873,0.05742867728788443,3.105263157894737,,-0.0005885366709081064,-0.0695414731018831,0.06542056074766363,0.08643004749302112,0.2879483191852655,0.0,0,0,0,0,1,0,0.009966777408637873,0.06542056074766363,,0.7041181030279859,13.495,0.28199
2026-09-19,6,SH004,浦东新区第4支行,综合支行,浦东新区,0,5,15,162,239,146,15.08,34.5,0,0,4,4.499,0.2696,547,0.7038391224862889,0.0,0.0,0.024691358024691357,10.8,32.4,0.864,163.5,15.739999999999998,0.0,0.0,0.7041360496611071,0.273845,143.0,13.24095238095238,0.004956731208780976,0.0,6.0,991.0,0.006054490413723511,-0.009174311926605505,-0.04193138500635314,,,-0.000421690062539939,-0.0155014698095638,0.13286713286713286,0.13889088685895132,0.22146837476234882,0.0,0,0,0,0,0,0,-0.009174311926605505,0.13286713286713286,,0.7041360496611071,15.739999999999998,0.273845
2026-06-22,1,SH005,黄浦区第1支行,综合支行,黄浦区,0,7,16,102,258,158,2.7,6.17,0,0,2,4.651,0.26115000000000005,518,0.803088803088803,0.0,0.0,0.0196078431372549,6.375,14.571428571428571,0.38857142857142857,,,,,,,,,,,,,,,,,,,,,,,,0,0,0,0,0,0,,,,,,
2026-06-23,2,SH005,黄浦区第1支行,综合支行,黄浦区,0,7,17,95,240,147,1.7000000000000002,5.35,2,0,5,4.588,0.25372,482,0.8029045643153527,0.021052631578947368,0.0,0.05263157894736842,5.588235294117647,13.571428571428571,0.3619047619047619,,,,,,,,,,,,,,,,,,,,,,,,0,0,0,0,0,0,,,,,,
2026-06-24,3,SH005,黄浦区第1支行,综合支行,黄浦区,0,7,16,92,232,142,2.7,5.59,0,0,3,4.5760000000000005,0.25229,466,0.8025751072961373,0.0,0.0,0.03260869565217391,5.75,13.142857142857142,0.35047619047619044,,,,,,,,,,,,,,,,,,,,,,,,0,0,0,0,0,0,,,,,,
2026-06-25,4,SH005,黄浦区第1支行,综合支行,黄浦区,0,7,16,90,228,140,1.55,3.32,0,0,1,4.59,0.25474,458,0.8034934497816594,0.0,0.0,0.011111111111111112,5.625,12.857142857142858,0.34285714285714286,,,,,,,,,,,,,,,,,,,,,,,,0,0,0,0,0,0,,,,,,
2026-06-26,5,SH005,黄浦区第1支行,综合支行,黄浦区,0,7,16,94,239,146,2.67,7.0,0,0,2,4.633,0.25880000000000003,479,0.8037578288100209,0.0,0.0,0.02127659574468085,5.875,13.428571428571429,0.3580952380952381,,,,,,,,,,,2.0,473.0,0.004228329809725159,,,,,,,,,,,0,0,0,0,0,0,,,,,,
2026-06-27,6,SH005,黄浦区第1支行,综合支行,黄浦区,0,7,15,102,259,158,1.8599999999999999,5.09,0,0,1,4.658,0.25976000000000005,519,0.8034682080924855,0.0,0.0,0.00980392156862745,6.8,14.571428571428571,0.38857142857142857,,,,,,,94.6,2.2640000000000002,0.004210526315789474,0.0,2.0,575.0,0.0034782608695652175,,,,,,,0.0782241014799155,-0.17844522968197893,-0.1739130434782608,,0,0,0,0,0,0,,0.0782241014799155,,,,
2026-06-28,7,SH005,黄浦区第1支行,综合支行,黄浦区,0,7,15,30,77,47,1.0,2.69,0,0,0,4.636,0.25499,154,0.8051948051948052,0.0,0.0,0.0,2.0,4.285714285714286,0.11428571428571428,,,,,,,95.83333333333333,2.1966666666666668,0.0035087719298245615,0.0,2.0,605.0,0.003305785123966942,,,,,,,-0.6869565217391305,-0.5447647951441579,-0.05785123966942153,,0,0,0,0,0,0,,-0.6869565217391305,,,,
2026-06-29,1,SH005,黄浦区第1支行,综合支行,黄浦区,0,7,16,106,269,165,3.12,7.21,0,0,4,4.598,0.24716000000000002,540,0.8037037037037037,0.0,0.0,0.03773584905660377,6.625,15.142857142857142,0.4038095238095238,,,,,,,86.42857142857143,2.025714285714286,0.003007518796992481,0.0,2.0,609.0,0.003284072249589491,,,,,,,0.2264462809917355,0.540197461212976,0.0919540229885058,,0,0,0,0,0,0,,0.2264462809917355,,,,
2026-06-30,2,SH005,黄浦区第1支行,综合支行,黄浦区,0,7,16,100,253,155,2.52,6.58,0,0,1,4.642,0.24397000000000002,508,0.8031496062992126,0.0,0.0,0.01,6.25,14.285714285714286,0.380952380952381,,,,,,,88.875,2.1625,0.002631578947368421,0.0,0.0,614.0,0.0,,,,,,,0.12517580872011252,0.16531791907514448,-1.0,,0,0,0,0,0,0,,0.12517580872011252,,,,
2026-07-01,3,SH005,黄浦区第1支行,综合支行,黄浦区,0,7,16,98,247,151,3.27,8.46,0,0,2,4.577,0.25782,496,0.8024193548387096,0.0,0.0,0.02040816326530612,6.125,14.0,0.37333333333333335,,,,,,,90.11111111111111,2.2022222222222223,0.0023391812865497076,0.0,0.0,620.0,0.0,,,,,,,0.08754623921085077,0.4848637739656912,-1.0,,0,0,0,0,0,0,,0.08754623921085077,,,,
2026-07-02,4,SH005,黄浦区第1支行,综合支行,黄浦区,0,7,16,97,245,150,2.2800000000000002,6.66,0,0,1,4.575,0.26498000000000005,492,0.8028455284552846,0.0,0.0,0.010309278350515464,6.0625,13.857142857142858,0.36952380952380953,,,,,,,90.9,2.309,0.002105263157894737,0.0,0.0,627.0,0.0,,,,,,,0.06710671067106704,-0.012559549588566442,-1.0,,0,0,0,0,0,0,,0.06710671067106704,,,,
2026-07-03,5,SH005,黄浦区第1支行,综合支行,黄浦区,0,7,16,102,258,158,1.5,3.29,0,0,0,4.697,0.25941000000000003,518,0.803088803088803,0.0,0.0,0.0,6.375,14.571428571428571,0.38857142857142857,,,,,,,91.45454545454545,2.3063636363636366,0.0019138755980861245,0.0,0.0,635.0,0.0,,,,,,,0.11530815109343938,-0.3496255419787151,-1.0,,0,0,0,0,0,0,,0.11530815109343938,,,,
2026-07-04,6,SH005,黄浦区第1支行,综合支行,黄浦区,0,7,16,111,280,172,3.85,7.8,0,0,3,4.548,0.25581000000000004,563,0.8028419182948491,0.0,0.0,0.02702702702702703,6.9375,15.857142857142858,0.4228571428571429,,,,,,,92.33333333333333,2.2391666666666667,0.0017543859649122807,0.0,0.0,644.0,0.0,,,,,,,0.20216606498194953,0.7193896538890956,-1.0,,0,0,0,0,0,0,,0.20216606498194953,,,,
2026-07-05,7,SH005,黄浦区第1支行,综合支行,黄浦区,0,7,15,33,83,51,1.0,3.07,0,0,1,4.575,0.2592,167,0.8023952095808383,0.0,0.0,0.030303030303030304,2.2,4.714285714285714,0.12571428571428572,,,,,,,93.76923076923077,2.363076923076923,0.0016194331983805667,0.0,0.0,647.0,0.0,,,,,,,-0.6480721903199343,-0.5768229166666666,-1.0,,0,0,0,0,0,0,,-0.6480721903199343,,,,
2026-07-06,1,SH005,黄浦区第1支行,综合支行,黄浦区,0,7,16,114,290,177,4.23,8.97,0,0,0,4.614,0.26661,581,0.8037865748709122,0.0,0.0,0.0,7.125,16.285714285714285,0.4342857142857143,104.0,2.91,0.0,0.0,0.8033962533962533,0.254155,89.42857142857143,2.2657142857142856,0.0015037593984962405,0.0,0.0,655.0,0.0,0.09615384615384616,0.45360824742268047,,,0.0004858393016009985,0.049005528122602324,0.27476038338658143,0.8669609079445149,-1.0,0.0,0,0,0,0,1,0,0.09615384615384616,0.27476038338658143,,0.8033962533962533,2.91,0.254155
2026-07-07,2,SH005,黄浦区第1支行,综合支行,黄浦区,0,7,16,107,271,166,3.54,11.16,0,0,2,4.5809999999999995,0.25056,544,0.8033088235294118,0.0,0.0,0.018691588785046728,6.6875,15.285714285714286,0.40761904761904766,97.5,2.1100000000000003,0.010526315789473684,0.0,0.8030270853072827,0.248845,91.06666666666666,2.396666666666667,0.0014035087719298245,0.0,0.0,662.0,0.0,0.09743589743589744,0.6777251184834121,-1.0,,0.0003508452296117261,0.006891840302196123,0.1749633967789166,0.4770514603616132,-1.0,0.0,0,0,0,0,2,0,0.09743589743589744,0.1749633967789166,,0.8030270853072827,2.1100000000000003,0.248845
2026-07-08,3,SH005,黄浦区第1支行,综合支行,黄浦区,0,7,16,104,263,161,3.48,8.95,0,0,1,4.598,0.2526,528,0.803030303030303,0.0,0.0,0.009615384615384616,6.5,14.857142857142858,0.3961904761904762,95.0,2.9850000000000003,0.0,0.0,0.8024972310674234,0.25505500000000003,92.0625,2.468125,0.0013157894736842105,0.0,0.0,668.0,0.0,0.09473684210526316,0.16582914572864307,,,0.0006642664201725611,-0.009625374919135246,0.1296673455532926,0.4099772094201063,-1.0,0.0,0,0,0,0,3,0,0.09473684210526316,0.1296673455532926,,0.8024972310674234,2.9850000000000003,0.25505500000000003
2026-07-09,4,SH005,黄浦区第1支行,综合支行,黄浦区,0,7,15,102,258,158,2.66,7.13,0,0,0,4.551,0.24852000000000002,518,0.803088803088803,0.0,0.0,0.0,6.8,14.571428571428571,0.38857142857142857,93.5,1.915,0.0,0.0,0.803169489118472,0.25986000000000004,92.76470588235294,2.527647058823529,0.001238390092879257,0.0,0.0,673.0,0.0,0.09090909090909091,0.3890339425587468,,,-0.000100459530350796,-0.043638882475179004,0.09955611921369688,0.05236211310216447,-1.0,0.0,0,0,0,1,4,0,0.09090909090909091,0.09955611921369688,,0.803169489118472,1.915,0.25986000000000004
2026-07-10,5,SH005,黄浦区第1支行,综合支行,黄浦区,0,7,16,106,268,164,2.22,6.03,0,0,0,4.612,0.26714000000000004,538,0.8029739776951673,0.0,0.0,0.0,6.625,15.142857142857142,0.4038095238095238,98.0,2.085,0.0,0.0,0.803423315949412,0.25910500000000003,93.27777777777777,2.535,0.0011695906432748538,0.0,0.0,677.0,0.0,0.08163265306122448,0.06474820143884903,,,-0.0005592795794252747,0.031010594160668505,0.1363907087552115,-0.12426035502958577,-1.0,0.0,0,0,0,1,4,0,0.08163265306122448,0.1363907087552115,,0.803423315949412,2.085,0.25910500000000003
2026-07-11,6,SH005,黄浦区第1支行,综合支行,黄浦区,0,7,16,113,287,176,3.5,10.59,0,0,3,4.664,0.25973,576,0.8038194444444444,0.0,0.0,0.02654867256637168,7.0625,16.142857142857142,0.43047619047619046,106.5,2.855,0.0,0.0,0.8031550631936673,0.25778500000000004,93.94736842105263,2.518421052631579,0.0011080332409972298,0.0,0.0,679.0,0.0,0.06103286384976526,0.22591943957968477,,,0.0008272141722363321,0.007545047229280114,0.2028011204481793,0.3897596656217345,-1.0,0.0,0,0,0,1,4,0,0.06103286384976526,0.2028011204481793,,0.8031550631936673,2.855,0.25778500000000004
2026-07-12,7,SH005,黄浦区第1支行,综合支行,黄浦区,0,7,16,33,84,51,1.0,2.8200000000000003,0,0,1,4.628,0.23777,168,0.8035714285714286,0.0,0.0,0.030303030303030304,2.0625,4.714285714285714,0.12571428571428572,31.5,1.0,0.0,0.0,0.8037950073878217,0.25709499999999996,94.9,2.5675,0.0010526315789473684,0.0,0.0,679.0,0.0,0.047619047619047616,0.0,,,-0.00027815402476771996,-0.07516676714833022,-0.6522655426765016,-0.6105160662122687,-1.0,0.0,0,0,0,0,3,0,0.047619047619047616,-0.6522655426765016,,0.8037950073878217,1.0,0.25709499999999996
2026-07-13,1,SH005,黄浦区第1支行,综合支行,黄浦区,0,7,15,114,289,177,3.88,8.36,3,0,10,4.632,0.2529,580,0.803448275862069,0.02631578947368421,0.0,0.08771929824561403,7.6,16.285714285714285,0.4342857142857143,106.0,3.12,0.0,0.0,0.8037037037037037,0.26115000000000005,91.95238095238095,2.492857142857143,0.0010025062656641604,0.0,3.0,679.0,0.004418262150220913,0.07547169811320754,0.2435897435897435,,,-0.0003178134435085894,-0.031591039632395304,0.2397721387881927,0.5564469914040114,3.407216494845361,0.0,0,0,0,0,3,0,0.07547169811320754,0.2397721387881927,,0.8037037037037037,3.12,0.26115000000000005
2026-07-14,2,SH005,黄浦区第1支行,综合支行,黄浦区,0,7,16,106,268,164,2.5700000000000003,7.17,0,0,1,4.601,0.253,538,0.8029739776951673,0.0,0.0,0.009433962264150943,6.625,15.142857142857142,0.4038095238095238,100.0,2.52,0.0,0.0,0.8031496062992126,0.25056,92.52380952380952,2.5490476190476192,0.0022556390977443606,0.0,3.0,678.0,0.004424778761061947,0.06,0.019841269841269948,,,-0.00021867483052698746,0.009738186462324385,0.14565105506948026,0.008219689893517694,0.96165191740413,0.0,0,0,0,0,2,0,0.06,0.14565105506948026,,0.8031496062992126,2.52,0.25056
2026-07-15,3,SH005,黄浦区第1支行,综合支行,黄浦区,0,7,17,101,256,157,1.42,4.53,0,0,0,4.667,0.26032,514,0.8035019455252919,0.0,0.0,0.0,5.9411764705882355,14.428571428571429,0.38476190476190475,98.0,3.27,0.0,0.0,0.8025751072961373,0.2526,93.04761904761905,2.5904761904761906,0.0012531328320802004,0.0,3.0,675.0,0.0044444444444444444,0.030612244897959183,-0.5657492354740061,,,0.0011548305208181912,0.03056215360253367,0.08546571136131009,-0.4518382352941177,2.546666666666667,0.0,0,0,0,0,2,1,0.030612244897959183,0.08546571136131009,,0.8025751072961373,3.27,0.2526
2026-07-16,4,SH005,黄浦区第1支行,综合支行,黄浦区,0,7,15,98,249,153,1.9300000000000002,4.3,0,0,3,4.49,0.25519000000000003,500,0.804,0.0,0.0,0.030612244897959183,6.533333333333333,14.0,0.37333333333333335,97.0,2.2800000000000002,0.0,0.0,0.803088803088803,0.25474,93.47619047619048,2.5295238095238095,0.0012531328320802004,0.0,3.0,671.0,0.004470938897168405,0.010309278350515464,-0.1535087719298246,,,0.0011346153846155075,0.0017665070267724185,0.04839531329597549,-0.23701054216867462,2.5678092399403876,0.0,0,0,0,0,1,2,0.010309278350515464,0.04839531329597549,,0.803088803088803,2.2800000000000002,0.25474
2026-07-17,5,SH005,黄浦区第1支行,综合支行,黄浦区,0,7,17,101,256,157,1.99,6.05,0,0,3,4.644,0.26068,514,0.8035019455252919,0.0,0.0,0.0297029702970297,5.9411764705882355,14.428571428571429,0.38476190476190475,102.0,2.22,0.0,0.0,0.803088803088803,0.25941000000000003,93.85714285714286,2.5476190476190474,0.0012531328320802004,0.0,3.0,666.0,0.0045045045045045045,-0.00980392156862745,-0.10360360360360368,,,0.0005144417838971396,0.004895724914228415,0.07610350076103496,-0.21887850467289716,2.5945945945945947,0.0,0,0,0,0,1,2,-0.00980392156862745,0.07610350076103496,,0.803088803088803,2.22,0.25941000000000003
2026-07-18,6,SH005,黄浦区第1支行,综合支行,黄浦区,0,7,16,108,273,167,2.83,7.78,0,0,2,4.662,0.24869000000000002,548,0.8029197080291971,0.0,0.0,0.018518518518518517,6.75,15.428571428571429,0.4114285714285714,111.0,3.5,0.0,0.0,0.8034682080924855,0.25973,94.19047619047619,2.5152380952380953,0.0012531328320802004,0.0,3.0,661.0,0.0045385779122541605,-0.02702702702702703,-0.19142857142857142,,,-0.0006826655463949617,-0.042505678974319464,0.14661274014155715,0.12514199166982204,2.6217851739788203,0.0,0,0,0,0,0,3,-0.02702702702702703,0.14661274014155715,,0.8034682080924855,3.5,0.25973
2026-07-19,7,SH005,黄浦区第1支行,综合支行,黄浦区,0,7,17,31,79,49,1.0,2.22,0,0,1,4.598,0.26527,159,0.8050314465408805,0.0,0.0,0.03225806451612903,1.8235294117647058,4.428571428571429,0.1180952380952381,33.0,1.0,0.0,0.0,0.8035714285714286,0.25499,94.47619047619048,2.5614285714285714,0.0012531328320802004,0.0,3.0,659.0,0.004552352048558422,-0.06060606060606061,0.0,,,0.0018169112508735292,0.040315306482607206,-0.671875,-0.6095928611266035,2.632776934749621,0.0,0,0,0,0,0,3,-0.06060606060606061,-0.671875,,0.8035714285714286,1.0,0.25499
2026-07-20,1,SH005,黄浦区第1支行,综合支行,黄浦区,0,7,16,108,274,168,3.8200000000000003,10.97,0,0,2,4.7,0.25303000000000003,550,0.8036363636363636,0.0,0.0,0.018518518518518517,6.75,15.428571428571429,0.4114285714285714,110.0,3.5,0.0,0.0,0.8035759897828864,0.25702500000000006,94.52380952380952,2.5614285714285714,0.0012531328320802004,0.0,0.0,653.0,0.0,-0.01818181818181818,0.09142857142857151,,,7.513148009007568e-05,-0.015543235093862564,0.14256926952141064,0.49135527049637495,-1.0,0.0,0,0,0,0,0,2,-0.01818181818181818,0.14256926952141064,,0.8035759897828864,3.5,0.25702500000000006
2026-07-21,2,SH005,黄浦区第1支行,综合支行,黄浦区,0,7,17,100,254,156,1.75,4.76,0,0,1,4.641,0.24142000000000002,510,0.803921568627451,0.0,0.0,0.01,5.882352941176471,14.285714285714286,0.380952380952381,103.0,2.545,0.0,0.0,0.80306179199719,0.25178,94.61904761904762,2.594761904761905,0.0012531328320802004,0.0,0.0,647.0,0.0,-0.02912621359223301,-0.31237721021611,,,0.0010706232556809935,-0.04114703312415593,0.05686965274282837,-0.3255643237291247,-1.0,0.0,0,0,0,0,0,2,-0.02912621359223301,0.05686965274282837,,0.80306179199719,2.545,0.25178
2026-07-22,3,SH005,黄浦区第1支行,综合支行,黄浦区,0,7,16,96,244,150,2.69,8.01,1,0,5,4.583,0.25298000000000004,490,0.8040816326530612,0.010416666666666666,0.0,0.052083333333333336,6.0,13.714285714285714,0.3657142857142857,99.5,2.9850000000000003,0.0,0.0,0.8028027051632202,0.25521,94.61904761904762,2.558095238095238,0.0012531328320802004,0.0,1.0,642.0,0.001557632398753894,-0.035175879396984924,-0.09882747068676728,,,0.0015930782016747433,-0.008737902119822711,0.014594866633115235,0.051563663440059596,0.2429906542056075,0.0,0,0,0,0,0,2,-0.035175879396984924,0.014594866633115235,,0.8028027051632202,2.9850000000000003,0.25521
2026-07-23,4,SH005,黄浦区第1支行,综合支行,黄浦区,0,7,17,95,239,147,2.43,4.88,0,0,1,4.508,0.26225000000000004,481,0.8024948024948025,0.0,0.0,0.010526315789473684,5.588235294117647,13.571428571428571,0.3619047619047619,97.5,2.1050000000000004,0.0,0.0,0.8032911264352312,0.254965,94.52380952380952,2.5304761904761905,0.0017491645781119464,0.0,1.0,639.0,0.001564945226917058,-0.02564102564102564,0.15439429928741077,,,-0.0009913266986558934,0.02857254917341612,0.0050377833753149194,-0.03970643582988329,-0.10531847803237328,0.0,0,0,0,0,1,1,-0.02564102564102564,0.0050377833753149194,,0.8032911264352312,2.1050000000000004,0.254965
2026-07-24,5,SH005,黄浦区第1支行,综合支行,黄浦区,0,7,16,98,249,153,2.59,6.24,2,0,11,4.632,0.25562,500,0.804,0.02040816326530612,0.0,0.11224489795918367,6.125,14.0,0.37333333333333335,101.5,2.105,0.0,0.0,0.8032953743070474,0.260045,94.42857142857143,2.537619047619048,0.0017491645781119464,0.0,3.0,636.0,0.0047169811320754715,-0.034482758620689655,0.23040380047505932,,,0.0008771688665087047,-0.01701628564286955,0.037821482602117984,0.020641771439294174,1.6967051534778936,0.0,0,0,0,0,2,1,-0.034482758620689655,0.037821482602117984,,0.8032953743070474,2.105,0.260045
2026-07-25,6,SH005,黄浦区第1支行,综合支行,黄浦区,0,7,17,106,269,165,2.74,7.47,1,0,2,4.628,0.24127,540,0.8037037037037037,0.009433962264150943,0.0,0.018867924528301886,6.235294117647059,15.142857142857142,0.4038095238095238,109.5,3.165,0.0,0.0,0.8031939580608414,0.25777000000000005,94.23809523809524,2.5895238095238096,0.002720981876459857,0.0,4.0,634.0,0.006309148264984227,-0.0319634703196347,-0.13428120063191148,,,0.0006346482536957928,-0.06401055204251868,0.12481051035876702,0.058109599117322615,1.3187027887127152,0.0,0,0,0,0,2,2,-0.0319634703196347,0.12481051035876702,,0.8031939580608414,3.165,0.25777000000000005
2026-07-26,7,SH005,黄浦区第1支行,综合支行,黄浦区,0,7,16,31,79,49,1.0,3.11,0,0,0,4.619,0.25224,159,0.8050314465408805,0.0,0.0,0.0,1.9375,4.428571428571429,0.1180952380952381,32.0,1.0,0.0,0.0,0.8043014375561546,0.25709499999999996,94.0,2.5366666666666666,0.003170218174752759,0.0,4.0,634.0,0.006309148264984227,-0.03125,0.0,,,0.0009076310828737068,-0.018884070090822238,-0.6702127659574468,-0.6057818659658344,0.9901306210498491,0.0,0,0,0,0,2,1,-0.03125,-0.6702127659574468,,0.8043014375561546,1.0,0.25709499999999996
2026-07-27,1,SH005,黄浦区第1支行,综合支行,黄浦区,0,7,15,109,277,170,4.0,12.37,1,0,2,4.618,0.25834,556,0.8039568345323741,0.009174311926605505,0.0,0.01834862385321101,7.266666666666667,15.571428571428571,0.41523809523809524,111.0,3.85,0.0,0.0,0.8036700336700336,0.252965,93.9047619047619,2.5366666666666666,0.003170218174752759,0.0,5.0,635.0,0.007874015748031496,-0.018018018018018018,0.03896103896103894,,,0.000356863949537536,0.02124799873500294,0.16075050709939157,0.5768725361366623,1.4837456963496147,0.0,0,0,0,0,2,1,-0.018018018018018018,0.16075050709939157,,0.8036700336700336,3.85,0.252965
2026-07-28,2,SH005,黄浦区第1支行,综合支行,黄浦区,0,7,16,103,261,160,2.6,5.34,0,0,0,4.527,0.25748000000000004,524,0.8034351145038168,0.0,0.0,0.0,6.4375,14.714285714285714,0.3923809523809524,103.0,2.545,0.0,0.0,0.8032292149143122,0.247265,93.66666666666667,2.525714285714286,0.003607090171257783,0.0,5.0,638.0,0.007836990595611285,0.0,0.021611001964636604,,,0.0002563397666337757,0.04131195276322985,0.09964412811387895,0.029411764705882353,1.172662790095582,0.0,0,0,0,0,1,1,0.0,0.09964412811387895,,0.8032292149143122,2.545,0.247265
2026-07-29,3,SH005,黄浦区第1支行,综合支行,黄浦区,0,7,16,100,254,156,2.44,7.21,0,0,1,4.646,0.23406000000000002,510,0.803921568627451,0.0,0.0,0.01,6.25,14.285714285714286,0.380952380952381,99.5,2.98,0.0,0.0,0.8032661242777974,0.2554,93.47619047619048,2.480952380952381,0.003607090171257783,0.0,4.0,642.0,0.006230529595015576,0.005025125628140704,-0.18120805369127518,,,0.0008159740960604899,-0.08355520751761941,0.06979113601630152,-0.016506717850287955,0.7273007602255218,0.0,0,0,0,0,0,2,0.005025125628140704,0.06979113601630152,,0.8032661242777974,2.98,0.2554
2026-07-30,4,SH005,黄浦区第1支行,综合支行,黄浦区,0,7,15,100,252,155,2.32,5.02,0,0,5,4.537,0.2738,507,0.8027613412228797,0.0,0.0,0.05,6.666666666666667,14.285714285714286,0.380952380952381,97.5,2.3550000000000004,0.0,0.0,0.8029671657720439,0.25872000000000006,93.28571428571429,2.4314285714285715,0.003607090171257783,0.0,4.0,647.0,0.0061823802163833074,0.02564102564102564,-0.014861995753715745,,,-0.0002563299695651711,0.058286951144093706,0.07197549770290958,-0.04582843713278505,0.7139522226658191,0.0,0,0,0,0,0,1,0.02564102564102564,0.07197549770290958,,0.8029671657720439,2.3550000000000004,0.25872000000000006
2026-07-31,5,SH005,黄浦区第1支行,综合支行,黄浦区,0,7,16,105,265,163,2.55,7.57,0,0,2,4.591,0.24196,533,0.8030018761726079,0.0,0.0,0.01904761904761905,6.5625,15.0,0.4,101.5,2.105,0.0,0.0,0.8032953743070474,0.260045,93.19047619047619,2.415238095238095,0.003607090171257783,0.0,2.0,654.0,0.0030581039755351682,0.034482758620689655,0.2114014251781472,,,-0.0003653676391361723,-0.06954565555961474,0.1267245784363822,0.05579652996845421,-0.15219641585261084,0.0,0,0,0,0,1,1,0.034482758620689655,0.1267245784363822,,0.8032953743070474,2.105,0.260045
2026-08-01,6,SH005,黄浦区第1支行,综合支行,黄浦区,0,7,17,113,285,175,2.74,5.99,1,0,3,4.619,0.23791,573,0.8027923211169284,0.008849557522123894,0.0,0.02654867256637168,6.647058823529412,16.142857142857142,0.43047619047619046,109.5,3.165,0.0,0.0,0.8033117058664504,0.25225000000000003,93.14285714285714,2.4309523809523808,0.003607090171257783,0.0,2.0,661.0,0.0030257186081694403,0.0319634703196347,-0.13428120063191148,,,-0.000646554439240679,-0.05684836471754219,0.2131901840490798,0.12713026444662115,-0.1611746686348071,0.0,0,0,0,0,1,2,0.0319634703196347,0.2131901840490798,,0.8033117058664504,3.165,0.25225000000000003
2026-08-02,7,SH005,黄浦区第1支行,综合支行,黄浦区,0,7,15,33,85,52,1.0,3.12,0,0,0,4.571,0.25792000000000004,170,0.8058823529411765,0.0,0.0,0.0,2.2,4.714285714285714,0.12571428571428572,32.0,1.0,0.0,0.0,0.8043014375561546,0.25572,93.14285714285714,2.394761904761905,0.004028497672311302,0.0,2.0,663.0,0.0030165912518853697,0.03125,0.0,,,0.001965575729698411,0.008603159705928497,-0.6457055214723926,-0.582421952674488,-0.2511870435921993,0.0,0,0,0,0,1,2,0.03125,-0.6457055214723926,,0.8043014375561546,1.0,0.25572
2026-08-03,1,SH005,黄浦区第1支行,综合支行,黄浦区,0,7,16,117,297,182,3.99,8.9,0,0,2,4.614,0.25606,596,0.8036912751677853,0.0,0.0,0.017094017094017096,7.3125,16.714285714285715,0.44571428571428573,111.5,3.94,0.0045871559633027525,0.0,0.8037114692536379,0.25568500000000005,93.14285714285714,2.394761904761905,0.004028497672311302,0.0,1.0,671.0,0.0014903129657228018,0.04932735426008968,0.012690355329949306,-1.0,,-2.5126039163513293e-05,0.0014666484150417842,0.25613496932515345,0.666136408828793,-0.6300573844274427,0.0,0,0,0,0,1,1,0.04932735426008968,0.25613496932515345,,0.8037114692536379,3.94,0.25568500000000005
2026-08-04,2,SH005,黄浦区第1支行,综合支行,黄浦区,0,7,15,111,280,172,3.17,7.22,1,0,4,4.651,0.26102000000000003,563,0.8028419182948491,0.009009009009009009,0.0,0.036036036036036036,7.4,15.857142857142858,0.4228571428571429,104.5,2.585,0.0,0.0,0.8033719690166143,0.25178,93.28571428571429,2.4,0.0027753648402311015,0.0,2.0,679.0,0.0029455081001472753,0.06220095693779904,0.2263056092843327,,,-0.0006597824447548044,0.03669870521884195,0.18989280245022963,0.32083333333333336,0.061304826468150476,0.0,0,0,0,0,2,1,0.06220095693779904,0.18989280245022963,,0.8033719690166143,2.585,0.25178
2026-08-05,3,SH005,黄浦区第1支行,综合支行,黄浦区,0,7,16,107,272,167,2.61,7.61,1,0,2,4.7010000000000005,0.24916000000000002,546,0.8040293040293041,0.009345794392523364,0.0,0.018691588785046728,6.6875,15.285714285714286,0.40761904761904766,100.5,2.565,0.0,0.0,0.8037117570763714,0.25279,93.52380952380952,2.4285714285714284,0.0032043652692315306,0.0,3.0,686.0,0.004373177842565598,0.06467661691542288,0.01754385964912278,,,0.0003951005446128483,-0.014359745243087123,0.14409368635437889,0.0747058823529412,0.36475634802220014,0.0,0,0,0,0,1,1,0.06467661691542288,0.14409368635437889,,0.8037117570763714,2.565,0.25279
2026-08-06,4,SH005,黄浦区第1支行,综合支行,黄浦区,0,7,16,106,269,165,3.62,10.8,0,0,5,4.586,0.26291000000000003,540,0.8037037037037037,0.0,0.0,0.04716981132075472,6.625,15.142857142857142,0.4038095238095238,99.0,2.375,0.0,0.0,0.8029250721558414,0.25872000000000006,93.80952380952381,2.4852380952380955,0.003649403097446929,0.0,3.0,692.0,0.004335260115606936,0.0707070707070707,0.5242105263157896,,,0.000969743721878894,0.01619511440940001,0.12994923857868018,0.4566008813949031,0.18793676660159112,0.0,0,0,0,0,2,0,0.0707070707070707,0.12994923857868018,,0.8029250721558414,2.375,0.25872000000000006
2026-08-07,5,SH005,黄浦区第1支行,综合支行,黄浦区,0,7,16,111,281,172,3.68,11.2,0,0,4,4.681,0.24823000000000003,564,0.8031914893617021,0.0,0.0,0.036036036036036036,6.9375,15.857142857142858,0.4228571428571429,103.0,2.385,0.0,0.0,0.8032519108489499,0.25815,94.19047619047619,2.565714285714286,0.003649403097446929,0.0,3.0,698.0,0.004297994269340974,0.07766990291262135,0.5429769392033545,,,-7.522109369632299e-05,-0.038427270966492184,0.17846309403437816,0.43429844097995546,0.1777252757712051,0.0,0,0,0,0,3,0,0.07766990291262135,0.17846309403437816,,0.8032519108489499,2.385,0.25815
2026-08-08,6,SH005,黄浦区第1支行,综合支行,黄浦区,0,7,15,120,303,186,3.87,9.87,0,0,2,4.663,0.25532000000000005,609,0.8029556650246306,0.0,0.0,0.016666666666666666,8.0,17.142857142857142,0.45714285714285713,110.5,2.785,0.004424778761061947,0.0,0.8033117058664504,0.24498000000000003,94.66666666666667,2.646190476190476,0.003649403097446929,0.0,2.0,705.0,0.0028368794326241137,0.08597285067873303,0.38958707360861755,-1.0,,-0.0004432162997498126,0.04220752714507313,0.2676056338028168,0.4624797552636315,-0.22264563358080267,0.0,0,0,0,1,4,0,0.08597285067873303,0.2676056338028168,,0.8033117058664504,2.785,0.24498000000000003
2026-08-09,7,SH005,黄浦区第1支行,综合支行,黄浦区,0,7,16,35,89,55,1.0,2.76,0,0,1,4.639,0.24502000000000002,179,0.8044692737430168,0.0,0.0,0.02857142857142857,2.1875,5.0,0.13333333333333333,32.0,1.0,0.0,0.0,0.8050314465408805,0.25508000000000003,95.23809523809524,2.695714285714286,0.003649403097446929,0.0,2.0,707.0,0.002828854314002829,0.09375,0.0,,,-0.0006983240223463732,-0.03943860749568767,-0.6325000000000001,-0.6290408055113939,-0.22484465583375657,0.0,0,0,0,0,3,0,0.09375,-0.6325000000000001,,0.8050314465408805,1.0,0.25508000000000003
2026-08-10,1,SH005,黄浦区第1支行,综合支行,黄浦区,0,7,16,122,309,189,4.13,10.85,0,0,1,4.584,0.23659000000000002,620,0.8032258064516129,0.0,0.0,0.00819672131147541,7.625,17.428571428571427,0.4647619047619047,111.5,3.935,0.0045871559633027525,0.0,0.8036638194020744,0.254545,95.42857142857143,2.695714285714286,0.003649403097446929,0.0,2.0,712.0,0.0028089887640449437,0.09417040358744394,0.04955527318932652,-1.0,,-0.000545020118968914,-0.07053762596004634,0.27844311377245506,0.5320614732379435,-0.23028816246413752,0.0,0,0,0,0,3,0,0.09417040358744394,0.27844311377245506,,0.8036638194020744,3.935,0.254545
2026-08-11,2,SH005,黄浦区第1支行,综合支行,黄浦区,0,7,15,113,287,176,3.02,7.94,0,0,4,4.6129999999999995,0.26168,576,0.8038194444444444,0.0,0.0,0.035398230088495575,7.533333333333333,16.142857142857142,0.43047619047619046,104.5,2.585,0.0,0.0,0.8032045460994921,0.25524,96.0952380952381,2.7104761904761907,0.003649403097446929,0.0,1.0,714.0,0.0014005602240896359,0.08133971291866028,0.16827852998065768,,,0.0007655563553996027,0.025231154991380664,0.1759167492566897,0.11419536191145459,-0.6162221090157324,0.0,0,0,0,0,3,0,0.08133971291866028,0.1759167492566897,,0.8032045460994921,2.585,0.25524
2026-08-12,3,SH005,黄浦区第1支行,综合支行,黄浦区,0,7,16,109,275,169,3.15,7.78,0,0,3,4.563,0.25697000000000003,553,0.8028933092224232,0.0,0.0,0.027522935779816515,6.8125,15.571428571428571,0.41523809523809524,100.5,2.525,0.004672897196261682,0.0,0.8039754363283775,0.25107,96.71428571428571,2.770952380952381,0.003649403097446929,0.0,0.0,716.0,0.0,0.0845771144278607,0.24752475247524752,-1.0,,-0.0013459703581196955,0.023499422471820672,0.12703101920236343,0.13679326344732765,-1.0,0.0,0,0,0,0,3,0,0.0845771144278607,0.12703101920236343,,0.8039754363283775,2.525,0.25107
2026-08-13,4,SH005,黄浦区第1支行,综合支行,黄浦区,0,7,17,106,269,165,3.26,9.97,2,0,9,4.66,0.234,540,0.8037037037037037,0.018867924528301886,0.0,0.08490566037735849,6.235294117647059,15.142857142857142,0.4038095238095238,99.0,2.375,0.0,0.0,0.8032325224632917,0.26258000000000004,97.33333333333333,2.7928571428571427,0.003153371351415183,0.0,2.0,716.0,0.002793296089385475,0.0707070707070707,0.3726315789473683,,,0.0005866062780513772,-0.10884301927031768,0.08904109589041101,0.1672634271099744,-0.11418739561647627,0.0,0,0,0,0,3,0,0.0707070707070707,0.08904109589041101,,0.8032325224632917,2.375,0.26258000000000004
2026-08-14,5,SH005,黄浦区第1支行,综合支行,黄浦区,0,7,16,109,277,170,2.91,7.57,0,0,1,4.602,0.26135,556,0.8039568345323741,0.0,0.0,0.009174311926605505,6.8125,15.571428571428571,0.41523809523809524,103.0,2.57,0.0,0.0,0.803346717443497,0.251925,97.85714285714286,2.8323809523809524,0.004051843948000987,0.0,2.0,714.0,0.0028011204481792717,0.05825242718446602,0.1322957198443581,,,0.0007594692000718374,0.03741192815322027,0.11386861313868608,0.027404169468729013,-0.3086800764967197,0.0,0,0,0,1,4,0,0.05825242718446602,0.11386861313868608,,0.803346717443497,2.57,0.251925
2026-08-15,6,SH005,黄浦区第1支行,综合支行,黄浦区,0,7,16,117,295,181,4.23,11.84,0,0,3,4.629,0.25243000000000004,593,0.8026981450252951,0.0,0.0,0.02564102564102564,7.3125,16.714285714285715,0.44571428571428573,110.5,2.785,0.004424778761061947,0.0,0.8029376865269138,0.24498000000000003,98.38095238095238,2.8476190476190477,0.003080026649653076,0.0,2.0,711.0,0.0028129395218002813,0.058823529411764705,0.5188509874326751,-1.0,,-0.0002983313719583594,0.030410645767001435,0.18925459825750243,0.4854515050167225,-0.08671584964463817,0.0,0,0,0,1,5,0,0.058823529411764705,0.18925459825750243,,0.8029376865269138,2.785,0.24498000000000003
2026-08-16,7,SH005,黄浦区第1支行,综合支行,黄浦区,0,7,16,34,86,53,1.0,2.2,0,0,0,4.636,0.26355,173,0.8034682080924855,0.0,0.0,0.0,2.125,4.857142857142857,0.1295238095238095,32.0,1.0,0.0,0.0,0.8050314465408805,0.25508000000000003,98.9047619047619,2.9185714285714286,0.0026307903513601745,0.0,2.0,710.0,0.0028169014084507044,0.0625,0.0,,,-0.0019418352601156767,0.03320526893523591,-0.6562349542609532,-0.6573666177190406,0.07074340112062008,0.0,0,0,0,1,4,0,0.0625,-0.6562349542609532,,0.8050314465408805,1.0,0.25508000000000003
2026-08-17,1,SH005,黄浦区第1支行,综合支行,黄浦区,0,7,16,116,295,181,2.59,5.31,1,0,5,4.664,0.26852000000000004,592,0.8040540540540541,0.008620689655172414,0.0,0.04310344827586207,7.25,16.571428571428573,0.44190476190476197,113.0,3.995,0.0,0.0,0.8036638194020744,0.254545,99.04761904761905,2.9185714285714286,0.0026307903513601745,0.0,3.0,704.0,0.004261363636363636,0.02654867256637168,-0.3516896120150188,,,0.00048556951620636686,0.0549018837533639,0.1711538461538461,-0.11257953989231528,0.6198035826611651,0.0,0,0,0,0,3,1,0.02654867256637168,0.1711538461538461,,0.8036638194020744,3.995,0.254545
2026-08-18,2,SH005,黄浦区第1支行,综合支行,黄浦区,0,7,16,108,273,167,2.38,5.63,0,0,4,4.649,0.2847,548,0.8029197080291971,0.0,0.0,0.037037037037037035,6.75,15.428571428571429,0.4114285714285714,107.0,2.81,0.0,0.0,0.8036272794741306,0.25925000000000004,99.38095238095238,2.8514285714285714,0.0026044273860538368,0.0,3.0,699.0,0.004291845493562232,0.009345794392523364,-0.15302491103202853,,,-0.0008804721579343477,0.09816779170684656,0.08672735984666988,-0.16533066132264532,0.6479036875991112,0.0,0,0,0,0,2,2,0.009345794392523364,0.08672735984666988,,0.8036272794741306,2.81,0.25925000000000004
2026-08-19,3,SH005,黄浦区第1支行,综合支行,黄浦区,0,7,16,103,261,160,2.22,4.76,0,0,1,4.614,0.25255,524,0.8034351145038168,0.0,0.0,0.009708737864077669,6.4375,14.714285714285714,0.3923809523809524,103.5,2.65,0.004672897196261682,0.0,0.8039754363283775,0.25107,99.61904761904762,2.840952380952381,0.0026044273860538368,0.0,3.0,693.0,0.004329004329004329,-0.004830917874396135,-0.16226415094339613,-1.0,,-0.0006720626030918599,0.005894770382761705,0.03393881453154874,-0.21857190747569552,0.6621712519939088,0.0,0,0,0,0,1,3,-0.004830917874396135,0.03393881453154874,,0.8039754363283775,2.65,0.25107
2026-08-20,4,SH005,黄浦区第1支行,综合支行,黄浦区,0,7,16,100,254,156,2.51,5.33,0,0,1,4.632,0.26574000000000003,510,0.803921568627451,0.0,0.0,0.01,6.25,14.285714285714286,0.380952380952381,103.0,2.8449999999999998,0.0,0.0,0.8032325224632917,0.26258000000000004,99.76190476190476,2.830476190476191,0.0026044273860538368,0.0,1.0,687.0,0.001455604075691412,-0.02912621359223301,-0.11775043936731107,,,0.0008578414654404306,0.012034427603016207,0.002386634844868762,-0.11322341857335146,-0.4411039895042315,0.0,0,0,0,0,0,3,-0.02912621359223301,0.002386634844868762,,0.8032325224632917,2.8449999999999998,0.26258000000000004
2026-08-21,5,SH005,黄浦区第1支行,综合支行,黄浦区,0,7,15,104,263,161,2.59,7.89,0,0,3,4.635,0.24793,528,0.803030303030303,0.0,0.0,0.028846153846153848,6.933333333333334,14.857142857142858,0.3961904761904762,107.0,2.75,0.0,0.0,0.8035741619470381,0.251925,99.76190476190476,2.8395238095238096,0.0026044273860538368,0.0,1.0,682.0,0.001466275659824047,-0.028037383177570093,-0.05818181818181823,,,-0.0006767999053346678,-0.015857894214547974,0.042482100238663514,-0.08787523058862995,-0.437006511421418,0.0,0,0,0,0,0,3,-0.028037383177570093,0.042482100238663514,,0.8035741619470381,2.75,0.251925
2026-08-22,6,SH005,黄浦区第1支行,综合支行,黄浦区,0,7,17,111,281,172,3.22,7.2,2,0,6,4.583,0.25395,564,0.8031914893617021,0.018018018018018018,0.0,0.05405405405405406,6.529411764705882,15.857142857142858,0.4228571428571429,115.0,3.305,0.004424778761061947,0.0,0.8028739930707796,0.24685,99.71428571428571,2.8414285714285716,0.0026044273860538368,0.0,3.0,676.0,0.004437869822485207,-0.034782608695652174,-0.02571860816944023,3.0720720720720722,,0.00039544971398096124,0.028762406319627284,0.11318051575931239,0.13323278029160382,0.7039714166150574,0.0,0,0,0,0,0,2,-0.034782608695652174,0.11318051575931239,,0.8028739930707796,3.305,0.24685
2026-08-23,7,SH005,黄浦区第1支行,综合支行,黄浦区,0,7,15,33,82,50,1.0,2.65,0,0,0,4.654,0.26383,165,0.8,0.0,0.0,0.0,2.2,4.714285714285714,0.12571428571428572,33.5,1.0,0.0,0.0,0.8047503601419487,0.25508000000000003,99.61904761904762,2.8642857142857148,0.003041020743001176,0.0,3.0,675.0,0.0044444444444444444,-0.014925373134328358,0.0,,,-0.005902899056933283,0.03430296377607017,-0.6687380497131932,-0.6508728179551123,0.46149757599424757,0.0,0,0,0,0,0,1,-0.014925373134328358,-0.6687380497131932,,0.8047503601419487,1.0,0.25508000000000003
2026-08-24,1,SH005,黄浦区第1支行,综合支行,黄浦区,0,7,17,113,286,176,3.8,11.44,0,0,0,4.62,0.24931000000000003,575,0.8034782608695652,0.0,0.0,0.0,6.647058823529412,16.142857142857142,0.43047619047619046,116.5,3.995,0.004310344827586207,0.0,0.8038240548500797,0.2572,99.61904761904762,2.8642857142857148,0.003041020743001176,0.0,2.0,672.0,0.002976190476190476,-0.030042918454935622,-0.04881101376720908,-1.0,,-0.000430186156321211,-0.030676516329704327,0.134321223709369,0.32668329177057326,-0.02131858750385211,0.0,0,0,0,0,0,0,-0.030042918454935622,0.134321223709369,,0.8038240548500797,3.995,0.2572
2026-08-25,2,SH005,黄浦区第1支行,综合支行,黄浦区,0,7,16,106,268,164,2.83,6.12,0,0,3,4.66,0.28073000000000004,538,0.8029739776951673,0.0,0.0,0.02830188679245283,6.625,15.142857142857142,0.4038095238095238,109.5,2.81,0.0,0.0,0.8031774112665069,0.26135,99.42857142857143,2.855238095238095,0.003041020743001176,0.0,2.0,670.0,0.0029850746268656717,-0.0319634703196347,0.007117437722419935,,,-0.00025328597204791087,0.07415343409221353,0.06609195402298848,-0.008839226150767116,-0.01839715045162474,0.0,0,0,0,0,0,0,-0.0319634703196347,0.06609195402298848,,0.8031774112665069,2.81,0.26135
2026-08-26,3,SH005,黄浦区第1支行,综合支行,黄浦区,0,7,16,103,260,159,2.93,8.59,1,0,4,4.519,0.24482,522,0.8026819923371648,0.009708737864077669,0.0,0.038834951456310676,6.4375,14.714285714285714,0.3923809523809524,105.0,2.525,0.0,0.0,0.8036783415656339,0.250855,99.19047619047619,2.839047619047619,0.0026120203140007465,0.0,3.0,670.0,0.004477611940298508,-0.01904761904761905,0.1603960396039605,,,-0.0012397363185477498,-0.024057722588746427,0.03840614498319732,0.03203622945320376,0.7142331996033734,0.0,0,0,0,0,1,0,-0.01904761904761905,0.03840614498319732,,0.8036783415656339,2.525,0.250855
2026-08-27,4,SH005,黄浦区第1支行,综合支行,黄浦区,0,7,16,102,257,158,2.87,7.4,0,0,3,4.615,0.23151000000000002,517,0.8027079303675049,0.0,0.0,0.029411764705882353,6.375,14.571428571428571,0.38857142857142857,103.0,2.885,0.0,0.0,0.8037037037037037,0.26432500000000003,99.0,2.854285714285714,0.002629303336455714,0.0,3.0,672.0,0.004464285714285714,-0.009708737864077669,-0.005199306759098676,,,-0.0012389806487266475,-0.12414641066868441,0.030303030303030304,0.00550550550550561,0.6978967973712558,0.0,0,0,0,0,1,0,-0.009708737864077669,0.030303030303030304,,0.8037037037037037,2.885,0.26432500000000003
2026-08-28,5,SH005,黄浦区第1支行,综合支行,黄浦区,0,7,17,106,269,165,2.24,5.4,1,0,2,4.611,0.26843,540,0.8037037037037037,0.009433962264150943,0.0,0.018867924528301886,6.235294117647059,15.142857142857142,0.4038095238095238,107.0,2.75,0.0,0.0,0.8031108961960025,0.24808000000000002,98.80952380952381,2.818571428571429,0.002629303336455714,0.0,4.0,674.0,0.005934718100890208,-0.009345794392523364,-0.18545454545454537,,,0.0007381390422033451,0.0820299903257013,0.07277108433734938,-0.20527116066903195,1.2571447039238062,0.0,0,0,0,0,1,1,-0.009345794392523364,0.07277108433734938,,0.8031108961960025,2.75,0.24808000000000002
2026-08-29,6,SH005,黄浦区第1支行,综合支行,黄浦区,0,7,17,116,293,179,3.07,6.87,0,0,0,4.636,0.26609000000000005,588,0.8027210884353742,0.0,0.0,0.0,6.823529411764706,16.571428571428573,0.44190476190476197,115.0,3.545,0.004424778761061947,0.0,0.8028739930707796,0.25319,98.57142857142857,2.75,0.003078539634748616,0.0,2.0,679.0,0.0029455081001472753,0.008695652173913044,-0.13399153737658678,-1.0,,-0.00019044661643676444,0.050949879537106606,0.17681159420289858,0.11636363636363631,-0.043212545682298355,0.0,0,0,0,0,1,2,0.008695652173913044,0.17681159420289858,,0.8028739930707796,3.545,0.25319
2026-08-30,7,SH005,黄浦区第1支行,综合支行,黄浦区,0,7,16,34,87,53,1.0,3.02,0,0,0,4.61,0.24607,174,0.8045977011494253,0.0,0.0,0.0,2.125,4.857142857142857,0.1295238095238095,33.5,1.0,0.0,0.0,0.8039687409177512,0.26073500000000005,98.38095238095238,2.7119047619047616,0.003078539634748616,0.0,2.0,680.0,0.0029411764705882353,0.014925373134328358,0.0,,,0.0007823192615127818,-0.05624484629988316,-0.6544046466602129,-0.6312554872695346,-0.04461958605629497,0.0,0,0,0,0,1,2,0.014925373134328358,-0.6544046466602129,,0.8039687409177512,1.0,0.26073500000000005
2026-08-31,1,SH005,黄浦区第1支行,综合支行,黄浦区,0,7,15,120,305,187,3.06,7.41,1,0,6,4.5760000000000005,0.24558000000000002,612,0.803921568627451,0.008333333333333333,0.0,0.05,8.0,17.142857142857142,0.45714285714285713,116.5,3.895,0.0,0.0,0.8035847680186752,0.25268500000000005,98.33333333333333,2.7119047619047616,0.003078539634748616,0.0,3.0,687.0,0.004366812227074236,0.030042918454935622,-0.21437740693196405,,,0.00041912268895570495,-0.02811801254526397,0.2203389830508475,0.12835820895522404,0.41846873685964936,0.0,0,0,0,0,0,3,0.030042918454935622,0.2203389830508475,,0.8035847680186752,3.895,0.25268500000000005
2026-09-01,2,SH005,黄浦区第1支行,综合支行,黄浦区,0,7,15,112,285,174,3.36,9.61,0,0,1,4.705,0.27888,571,0.8038528896672504,0.0,0.0,0.008928571428571428,7.466666666666667,16.0,0.4266666666666667,109.5,2.925,0.0,0.0,0.8029468428621822,0.27120500000000003,98.23809523809524,2.660952380952381,0.0034753650315740127,0.0,3.0,693.0,0.004329004329004329,0.0228310502283105,0.14871794871794874,,,0.001128401977195073,0.02829962574436307,0.14008725157537563,0.26270579813886885,0.24562579460716336,0.0,0,0,0,0,1,3,0.0228310502283105,0.14008725157537563,,0.8029468428621822,2.925,0.27120500000000003
2026-09-02,3,SH005,黄浦区第1支行,综合支行,黄浦区,0,7,16,110,278,170,3.29,9.23,1,0,4,4.619,0.26001,558,0.8028673835125448,0.00909090909090909,0.0,0.03636363636363636,6.875,15.714285714285714,0.419047619047619,105.0,2.77,0.004672897196261682,0.0,0.8031642118631199,0.250855,98.19047619047619,2.677142857142857,0.0034753650315740127,0.0,3.0,700.0,0.004285714285714286,0.047619047619047616,0.18772563176895307,0.9454545454545455,,-0.0003695736764547011,0.03649518646229904,0.12027158098933076,0.22892209178228395,0.2331695366610918,0.0,0,0,0,0,2,2,0.047619047619047616,0.12027158098933076,,0.8031642118631199,2.77,0.250855
2026-09-03,4,SH005,黄浦区第1支行,综合支行,黄浦区,0,7,15,109,275,169,2.67,7.83,0,0,3,4.607,0.26585000000000003,553,0.8028933092224232,0.0,0.0,0.027522935779816515,7.266666666666667,15.571428571428571,0.41523809523809524,104.0,3.065,0.0,0.0,0.8037037037037037,0.24845500000000004,98.23809523809524,2.683809523809524,0.003908265464474446,0.0,3.0,707.0,0.004243281471004243,0.04807692307692308,-0.12887438825448613,,,-0.0010083249306255162,0.07001267835221667,0.10954920019389236,-0.005145493257629572,0.08571986974146024,0.0,0,0,0,0,2,1,0.04807692307692308,0.10954920019389236,,0.8037037037037037,3.065,0.24845500000000004
2026-09-04,5,SH005,黄浦区第1支行,综合支行,黄浦区,0,7,16,114,289,177,2.43,5.49,0,0,0,4.627,0.23046000000000003,580,0.803448275862069,0.0,0.0,0.0,7.125,16.285714285714285,0.4342857142857143,107.5,2.75,0.0,0.0,0.8034475965327029,0.25479,98.38095238095238,2.6557142857142857,0.003009792867888641,0.0,2.0,715.0,0.002797202797202797,0.06046511627906977,-0.11636363636363631,,,8.455179516685918e-07,-0.09549040386200396,0.15876089060987417,-0.08499193114577723,-0.07063279103155527,0.0,0,0,0,0,2,1,0.06046511627906977,0.15876089060987417,,0.8034475965327029,2.75,0.25479
2026-09-05,6,SH005,黄浦区第1支行,综合支行,黄浦区,0,7,16,124,313,192,3.76,10.75,0,0,5,4.602,0.25667,629,0.8028616852146264,0.0,0.0,0.04032258064516129,7.75,17.714285714285715,0.4723809523809524,116.5,3.545,0.0,0.0,0.8028383767300024,0.25463500000000006,98.61904761904762,2.632857142857143,0.003009792867888641,0.0,2.0,723.0,0.0027662517289073307,0.06437768240343347,0.06064880112834975,,,2.90325989634418e-05,0.00799183144500934,0.25736359246740703,0.42810634834508937,-0.08091624562595018,0.0,0,0,0,0,2,0,0.06437768240343347,0.25736359246740703,,0.8028383767300024,3.545,0.25463500000000006
2026-09-06,7,SH005,黄浦区第1支行,综合支行,黄浦区,0,7,17,37,93,57,1.0,2.87,0,0,1,4.5760000000000005,0.2315,187,0.8021390374331551,0.0,0.0,0.02702702702702703,2.176470588235294,5.285714285714286,0.14095238095238094,34.0,1.0,0.0,0.0,0.8039687409177512,0.25481,98.95238095238095,2.6104761904761906,0.003009792867888641,0.0,2.0,726.0,0.0027548209366391185,0.08823529411764706,0.0,,,-0.0022758390861160193,-0.09147992621953602,-0.6260827718960539,-0.6169281284202845,-0.08471411237956197,0.0,0,0,0,0,1,0,0.08823529411764706,-0.6260827718960539,,0.8039687409177512,1.0,0.25481
2026-09-07,1,SH005,黄浦区第1支行,综合支行,黄浦区,0,7,16,128,323,198,4.68,12.04,0,0,1,4.684,0.25232000000000004,649,0.802773497688752,0.0,0.0,0.0078125,8.0,18.285714285714285,0.4876190476190476,118.0,3.4299999999999997,0.004166666666666667,0.0,0.8036999147485081,0.24744500000000003,99.0952380952381,2.6104761904761906,0.003009792867888641,0.0,1.0,734.0,0.0013623978201634877,0.0847457627118644,0.3644314868804665,-1.0,,-0.001152690255101059,0.019701347774252937,0.2916866890917827,0.792776358993068,-0.547344990182263,0.0,0,0,0,0,1,0,0.0847457627118644,0.2916866890917827,,0.8036999147485081,3.4299999999999997,0.24744500000000003
2026-09-08,2,SH005,黄浦区第1支行,综合支行,黄浦区,0,7,16,119,302,185,3.81,10.59,0,0,8,4.67,0.26241000000000003,606,0.8036303630363036,0.0,0.0,0.06722689075630252,7.4375,17.0,0.4533333333333333,110.0,2.925,0.0,0.0,0.8033967110698059,0.279805,99.66666666666667,2.71,0.002599283836689955,0.0,1.0,741.0,0.001349527665317139,0.08181818181818182,0.30256410256410265,,,0.0002908301257377377,-0.06216829577741639,0.19397993311036785,0.40590405904059046,-0.4808078878235598,0.0,0,0,0,0,2,0,0.08181818181818182,0.19397993311036785,,0.8033967110698059,2.925,0.279805
2026-09-09,3,SH005,黄浦区第1支行,综合支行,黄浦区,0,7,15,115,292,179,2.23,5.51,0,0,1,4.663,0.23173000000000002,586,0.8037542662116041,0.0,0.0,0.008695652173913044,7.666666666666667,16.428571428571427,0.43809523809523804,106.0,3.04,0.004545454545454545,0.0,0.8028803463674841,0.25476,100.19047619047619,2.778095238095238,0.002599283836689955,0.0,0.0,746.0,0.0,0.08490566037735849,-0.26644736842105265,-1.0,,0.001088480802991281,-0.09039880672005011,0.14781368821292776,-0.19729173808707579,-1.0,0.0,0,0,0,0,2,1,0.08490566037735849,0.14781368821292776,,0.8028803463674841,3.04,0.25476
2026-09-10,4,SH005,黄浦区第1支行,综合支行,黄浦区,0,7,15,113,286,175,2.7199999999999998,5.6,0,0,3,4.607,0.25591,574,0.8031358885017421,0.0,0.0,0.02654867256637168,7.533333333333333,16.142857142857142,0.43047619047619046,104.0,2.77,0.0,0.0,0.8032985064630634,0.24987000000000004,100.76190476190476,2.7785714285714285,0.002599283836689955,0.0,0.0,750.0,0.0,0.08653846153846154,-0.018050541516245584,,,-0.00020243777377022826,0.024172569736262813,0.12145557655954635,-0.021079691516709565,-1.0,0.0,0,0,0,0,2,1,0.08653846153846154,0.12145557655954635,,0.8032985064630634,2.77,0.24987000000000004
2026-09-11,5,SH005,黄浦区第1支行,综合支行,黄浦区,0,7,17,117,296,182,3.95,11.72,0,0,3,4.635,0.25809000000000004,595,0.8033613445378152,0.0,0.0,0.02564102564102564,6.882352941176471,16.714285714285715,0.44571428571428573,107.5,2.51,0.0,0.0,0.8035759897828864,0.25464000000000003,101.38095238095238,2.7885714285714287,0.002599283836689955,0.0,0.0,753.0,0.0,0.08837209302325581,0.5737051792828687,,,-0.00026711256657779516,0.013548539114043388,0.15406294034758103,0.41649590163934425,-1.0,0.0,0,0,0,0,3,1,0.08837209302325581,0.15406294034758103,,0.8035759897828864,2.51,0.25464000000000003
2026-09-12,6,SH005,黄浦区第1支行,综合支行,黄浦区,0,7,15,125,317,194,3.5,9.06,1,0,3,4.657,0.26007,636,0.8034591194968553,0.008,0.0,0.024,8.333333333333334,17.857142857142858,0.4761904761904762,116.5,3.49,0.0,0.0,0.8027913868250003,0.25531000000000004,102.0,2.8533333333333335,0.002599283836689955,0.0,1.0,754.0,0.001326259946949602,0.07296137339055794,0.0028653295128939216,,,0.0008317636222978142,0.01864400141005047,0.22549019607843138,0.22663551401869153,-0.48975947596453295,0.0,0,0,0,0,2,1,0.07296137339055794,0.22549019607843138,,0.8027913868250003,3.49,0.25531000000000004
2026-09-13,7,SH005,黄浦区第1支行,综合支行,黄浦区,0,7,16,36,92,57,1.0,2.36,0,0,3,4.667,0.2706,185,0.8054054054054054,0.0,0.0,0.08333333333333333,2.25,5.142857142857143,0.13714285714285715,34.0,1.0,0.0,0.0,0.8028036227628204,0.25481,102.66666666666667,2.8666666666666667,0.002122235359641478,0.0,1.0,753.0,0.0013280212483399733,0.058823529411764705,0.0,,,0.0032408705800692507,0.06196774066951857,-0.6493506493506493,-0.6511627906976745,-0.3742346991314272,0.0,0,0,0,0,1,1,0.058823529411764705,-0.6493506493506493,,0.8028036227628204,1.0,0.25481
2026-09-14,1,SH005,黄浦区第1支行,综合支行,黄浦区,0,7,16,126,318,195,5.04,14.69,0,0,3,4.699,0.26003000000000004,639,0.8028169014084507,0.0,0.0,0.023809523809523808,7.875,18.0,0.48,118.0,3.4299999999999997,0.004166666666666667,0.0,0.8036999147485081,0.250815,102.80952380952381,2.8666666666666667,0.002122235359641478,0.0,1.0,751.0,0.0013315579227696406,0.06779661016949153,0.46938775510204095,-1.0,,-0.0010986853723054949,0.03674022686043509,0.2255673923112552,0.7581395348837209,-0.3725682136430954,0.0,0,0,0,0,2,0,0.06779661016949153,0.2255673923112552,,0.8036999147485081,3.4299999999999997,0.250815
2026-09-15,2,SH005,黄浦区第1支行,综合支行,黄浦区,0,7,17,116,294,180,2.74,8.69,0,0,2,4.57,0.26151,590,0.8033898305084746,0.0,0.0,0.017241379310344827,6.823529411764706,16.571428571428573,0.44190476190476197,110.0,3.0949999999999998,0.0,0.0,0.8033021703657355,0.279805,103.42857142857143,2.9257142857142857,0.002122235359641478,0.0,1.0,748.0,0.001336898395721925,0.05454545454545454,-0.11470113085621957,,,0.00010912474280901911,-0.06538482157216634,0.12154696132596683,-0.06347656249999993,-0.370051775997279,0.0,0,0,0,0,2,0,0.05454545454545454,0.12154696132596683,,0.8033021703657355,3.0949999999999998,0.279805
2026-09-16,3,SH005,黄浦区第1支行,综合支行,黄浦区,0,7,17,111,281,172,3.23,9.04,0,0,5,4.603,0.2393,564,0.8031914893617021,0.0,0.0,0.04504504504504504,6.529411764705882,15.857142857142858,0.4228571428571429,106.5,2.58,0.004545454545454545,0.0,0.8031512490081808,0.248685,103.9047619047619,2.9214285714285717,0.002122235359641478,0.0,1.0,744.0,0.0013440860215053765,0.04225352112676056,0.251937984496124,-1.0,,5.0103082789251994e-05,-0.03773850453384795,0.06828597616865269,0.10562347188264047,-0.36666495758866213,0.0,0,0,0,0,2,0,0.04225352112676056,0.06828597616865269,,0.8031512490081808,2.58,0.248685
2026-09-17,4,SH005,黄浦区第1支行,综合支行,黄浦区,0,7,15,108,273,167,2.92,7.99,0,0,1,4.541,0.26802000000000004,548,0.8029197080291971,0.0,0.0,0.009259259259259259,7.2,15.428571428571429,0.4114285714285714,105.5,2.695,0.0,0.0,0.8030145988620827,0.26082500000000003,104.28571428571429,2.9357142857142855,0.001659914508971113,0.0,1.0,739.0,0.0013531799729364006,0.023696682464454975,0.08348794063079781,,,-0.00011816825375288775,0.02758554586408514,0.03561643835616432,-0.005352798053527932,-0.18478935775122526,0.0,0,0,0,0,2,0,0.023696682464454975,0.03561643835616432,,0.8030145988620827,2.695,0.26082500000000003
2026-09-18,5,SH005,黄浦区第1支行,综合支行,黄浦区,0,7,16,111,281,172,3.63,9.67,0,0,4,4.689,0.25761,564,0.8031914893617021,0.0,0.0,0.036036036036036036,6.9375,15.857142857142858,0.4228571428571429,110.0,2.51,0.0,0.0,0.803404810199942,0.25301,104.57142857142857,2.938095238095238,0.001659914508971113,0.0,1.0,733.0,0.001364256480218281,0.00909090909090909,0.4462151394422312,,,-0.0002655209870934111,0.018181099561282135,0.06147540983606559,0.23549432739059972,-0.17811641934264053,0.0,0,0,0,0,3,0,0.00909090909090909,0.06147540983606559,,0.803404810199942,2.51,0.25301
2026-09-19,6,SH005,黄浦区第1支行,综合支行,黄浦区,0,7,16,118,300,184,3.69,10.34,0,0,1,4.57,0.26538,602,0.8039867109634552,0.0,0.0,0.00847457627118644,7.375,16.857142857142858,0.44952380952380955,120.0,3.3600000000000003,0.004,0.0,0.8030265872881643,0.25837,104.80952380952381,3.0042857142857144,0.0012106782106782105,0.0,0.0,726.0,0.0,-0.016666666666666666,0.09821428571428559,-1.0,,0.0011956312412185674,0.027131632929519745,0.1258518855065879,0.22824536376604843,-1.0,0.0,0,0,0,0,2,0,-0.016666666666666666,0.1258518855065879,,0.8030265872881643,3.3600000000000003,0.25837
2026-06-22,1,SH006,黄浦区第2支行,综合支行,黄浦区,0,6,15,134,235,144,9.81,21.03,0,0,6,4.5809999999999995,0.26717,513,0.7387914230019493,0.0,0.0,0.04477611940298507,8.933333333333334,22.333333333333332,0.5955555555555555,,,,,,,,,,,,,,,,,,,,,,,,0,0,0,0,0,0,,,,,,
2026-06-23,2,SH006,黄浦区第2支行,综合支行,黄浦区,0,6,14,125,219,134,8.46,27.07,2,0,6,4.565,0.27893,478,0.7384937238493724,0.016,0.0,0.048,8.928571428571429,20.833333333333332,0.5555555555555555,,,,,,,,,,,,,,,,,,,,,,,,0,0,0,0,0,0,,,,,,
2026-06-24,3,SH006,黄浦区第2支行,综合支行,黄浦区,0,6,15,121,211,129,7.57,19.21,1,0,3,4.632,0.29734000000000005,461,0.737527114967462,0.008264462809917356,0.0,0.024793388429752067,8.066666666666666,20.166666666666668,0.5377777777777778,,,,,,,,,,,,,,,,,,,,,,,,0,0,0,0,0,0,,,,,,
2026-06-25,4,SH006,黄浦区第2支行,综合支行,黄浦区,0,6,15,119,208,127,8.51,22.97,0,0,0,4.674,0.29052,454,0.737885462555066,0.0,0.0,0.0,7.933333333333334,19.833333333333332,0.5288888888888889,,,,,,,,,,,,,,,,,,,,,,,,0,0,0,0,0,0,,,,,,
2026-06-26,5,SH006,黄浦区第2支行,综合支行,黄浦区,0,6,15,124,217,133,8.08,23.69,2,0,5,4.6370000000000005,0.29714,474,0.7383966244725738,0.016129032258064516,0.0,0.04032258064516129,8.266666666666667,20.666666666666668,0.5511111111111111,,,,,,,,,,,5.0,623.0,0.008025682182985553,,,,,,,,,,,0,0,0,0,0,0,,,,,,
2026-06-27,6,SH006,黄浦区第2支行,综合支行,黄浦区,0,6,15,135,235,144,8.99,28.11,0,0,3,4.537,0.28006000000000003,514,0.7373540856031129,0.0,0.0,0.022222222222222223,9.0,22.5,0.6,,,,,,,124.6,8.486,0.008078699013596374,0.0,5.0,758.0,0.006596306068601583,,,,,,,0.0834670947030498,0.05939193966533108,-0.18349401834378745,,0,0,0,0,0,0,,0.0834670947030498,,,,
2026-06-28,7,SH006,黄浦区第2支行,综合支行,黄浦区,0,6,14,40,70,43,3.33,9.8,0,0,0,4.5760000000000005,0.26984,153,0.738562091503268,0.0,0.0,0.0,2.857142857142857,6.666666666666667,0.17777777777777778,,,,,,,126.33333333333333,8.57,0.006732249177996978,0.0,5.0,798.0,0.006265664160401002,,,,,,,-0.683377308707124,-0.6114352392065344,-0.06930596376630217,,0,0,0,0,0,0,,-0.683377308707124,,,,
2026-06-29,1,SH006,黄浦区第2支行,综合支行,黄浦区,0,6,14,140,244,150,10.07,25.09,2,0,7,4.662,0.28998,534,0.7378277153558053,0.014285714285714285,0.0,0.05,10.0,23.333333333333332,0.6222222222222222,,,,,,,114.0,7.821428571428571,0.0057704992954259815,0.0,7.0,804.0,0.008706467661691543,,,,,,,0.22807017543859648,0.2874885844748859,0.5087893119738829,,0,0,0,0,0,0,,0.22807017543859648,,,,
2026-06-30,2,SH006,黄浦区第2支行,综合支行,黄浦区,0,6,15,132,231,141,10.33,20.8,1,0,3,4.538,0.27018000000000003,504,0.7380952380952381,0.007575757575757576,0.0,0.022727272727272728,8.8,22.0,0.5866666666666667,,,,,,,117.25,8.102500000000001,0.006834901169212019,0.0,6.0,811.0,0.007398273736128237,,,,,,,0.1257995735607676,0.2749151496451711,0.08242585415191415,,0,0,0,0,0,0,,0.1257995735607676,,,,
2026-07-01,3,SH006,黄浦区第2支行,综合支行,黄浦区,0,6,16,129,225,138,8.7,18.54,1,0,1,4.59,0.29061000000000003,492,0.7378048780487805,0.007751937984496124,0.0,0.007751937984496124,8.0625,21.5,0.5733333333333334,,,,,,,118.88888888888889,8.350000000000001,0.006917218547717081,0.0,6.0,819.0,0.007326007326007326,,,,,,,0.08504672897196265,0.0419161676646704,0.059097276668402976,,0,0,0,0,0,0,,0.08504672897196265,,,,
2026-07-02,4,SH006,黄浦区第2支行,综合支行,黄浦区,0,6,15,128,223,137,8.75,26.99,3,0,11,4.556,0.28935,488,0.7377049180327869,0.0234375,0.0,0.0859375,8.533333333333333,21.333333333333332,0.5688888888888889,,,,,,,119.9,8.385,0.007000690491394986,0.0,9.0,828.0,0.010869565217391304,,,,,,,0.06755629691409502,0.043530113297555184,0.5526418759337824,,0,0,0,0,0,0,,0.06755629691409502,,,,
2026-07-03,5,SH006,黄浦区第2支行,综合支行,黄浦区,0,6,15,134,235,144,9.63,25.44,1,0,3,4.605,0.2887,513,0.7387914230019493,0.007462686567164179,0.0,0.022388059701492536,8.933333333333334,22.333333333333332,0.5955555555555555,,,,,,,120.63636363636364,8.418181818181818,0.008494945901268168,0.0,8.0,838.0,0.00954653937947494,,,,,,,0.11077618688771662,0.14395248380129602,0.12379048559329679,,0,0,0,0,0,0,,0.11077618688771662,,,,
2026-07-04,6,SH006,黄浦区第2支行,综合支行,黄浦区,0,6,15,146,255,156,10.38,31.91,1,0,5,4.677,0.27377,557,0.7378815080789947,0.00684931506849315,0.0,0.03424657534246575,9.733333333333333,24.333333333333332,0.6488888888888888,,,,,,,121.75,8.519166666666667,0.008408924290092835,0.0,9.0,849.0,0.01060070671378092,,,,,,,0.19917864476386038,0.21842903257360857,0.26064956088026414,,0,0,0,0,0,0,,0.19917864476386038,,,,
2026-07-05,7,SH006,黄浦区第2支行,综合支行,黄浦区,0,6,15,43,75,46,2.56,6.27,0,0,0,4.633,0.28673000000000004,164,0.7378048780487805,0.0,0.0,0.0,2.8666666666666667,7.166666666666667,0.19111111111111112,,,,,,,123.61538461538461,8.662307692307692,0.008288954349969783,0.0,9.0,852.0,0.01056338028169014,,,,,,,-0.6521468574984443,-0.7044667436284521,0.2743923824032941,,0,0,0,0,0,0,,-0.6521468574984443,,,,
2026-07-06,1,SH006,黄浦区第2支行,综合支行,黄浦区,0,6,15,151,264,162,11.03,31.21,0,0,2,4.458,0.28358,577,0.7383015597920277,0.0,0.0,0.013245033112582781,10.066666666666666,25.166666666666668,0.6711111111111111,137.0,9.940000000000001,0.007142857142857143,0.0,0.7383095691788772,0.278575,117.85714285714286,8.226428571428572,0.007696886182114798,0.0,7.0,863.0,0.008111239860950173,0.10218978102189781,0.10965794768611649,-1.0,,-1.084827717787224e-05,0.01796643632773932,0.2812121212121212,0.34080055570026896,0.053833936092001204,0.0,0,0,0,0,0,0,0.10218978102189781,0.2812121212121212,,0.7383095691788772,9.940000000000001,0.278575
2026-07-07,2,SH006,黄浦区第2支行,综合支行,黄浦区,0,6,16,141,247,151,10.62,31.88,0,0,2,4.601,0.25828,539,0.738404452690167,0.0,0.0,0.014184397163120567,8.8125,23.5,0.6266666666666667,128.5,9.395,0.011787878787878788,0.0,0.7382944809723053,0.274555,120.06666666666666,8.413333333333334,0.007183760436640479,0.0,6.0,872.0,0.006880733944954129,0.09727626459143969,0.13038850452368278,-1.0,,0.0001489537314660906,-0.05927774034346482,0.1743475846751805,0.26228209191759094,-0.042182154368730865,0.0,0,0,0,0,1,0,0.09727626459143969,0.1743475846751805,,0.7382944809723053,9.395,0.274555
2026-07-08,3,SH006,黄浦区第2支行,综合支行,黄浦区,0,6,14,137,239,146,9.5,25.22,0,0,2,4.606,0.28298,522,0.7375478927203065,0.0,0.0,0.014598540145985401,9.785714285714286,22.833333333333332,0.6088888888888888,125.0,8.135,0.00800820039720674,0.0,0.7376659965081213,0.29397500000000004,121.375,8.55125,0.006734775409350449,0.0,5.0,880.0,0.005681818181818182,0.096,0.16779348494161037,-1.0,,-0.00016010469287428805,-0.037401139552683156,0.12873326467559218,0.1109486917117381,-0.1563463016257912,0.0,0,0,0,0,2,0,0.096,0.12873326467559218,,0.7376659965081213,8.135,0.29397500000000004
2026-07-09,4,SH006,黄浦区第2支行,综合支行,黄浦区,0,6,14,135,235,144,9.79,29.66,2,0,5,4.552,0.28906000000000004,514,0.7373540856031129,0.014814814814814815,0.0,0.037037037037037035,9.642857142857142,22.5,0.6,123.5,8.629999999999999,0.01171875,0.0,0.7377951902939265,0.289935,122.29411764705883,8.607058823529412,0.006338612149976892,0.0,4.0,887.0,0.004509582863585118,0.0931174089068826,0.13441483198146006,0.26419753086419756,,-0.0005978687535735615,-0.003017917809163982,0.10389610389610388,0.13743849097867672,-0.28855358919514296,0.0,0,0,0,0,3,0,0.0931174089068826,0.10389610389610388,,0.7377951902939265,8.629999999999999,0.289935
2026-07-10,5,SH006,黄浦区第2支行,综合支行,黄浦区,0,6,16,140,244,149,9.38,20.7,1,0,6,4.627,0.28584000000000004,533,0.7373358348968105,0.007142857142857143,0.0,0.04285714285714286,8.75,23.333333333333332,0.6222222222222222,129.0,8.855,0.011795859412614348,0.0,0.7385940237372616,0.29292,123.0,8.672777777777778,0.006809512298023445,0.0,4.0,893.0,0.004479283314669653,0.08527131782945736,0.059288537549407154,-0.39446064139941694,,-0.0017034917695172257,-0.02417042195821376,0.13821138211382114,0.08154506437768246,-0.3422020375864763,0.0,0,0,0,0,3,0,0.08527131782945736,0.13821138211382114,,0.7385940237372616,8.855,0.29292
2026-07-11,6,SH006,黄浦区第2支行,综合支行,黄浦区,0,6,15,150,261,160,10.33,24.32,0,0,4,4.5120000000000005,0.28348,571,0.7373029772329247,0.0,0.0,0.02666666666666667,10.0,25.0,0.6666666666666666,140.5,9.685,0.003424657534246575,0.0,0.7376177968410538,0.276915,123.89473684210526,8.71,0.006827056763541008,0.0,3.0,897.0,0.0033444816053511705,0.06761565836298933,0.0665978316985028,-1.0,,-0.00042680587355311335,0.02370763591715865,0.21070518266779953,0.18599311136624558,-0.5101136959616431,0.0,0,0,0,0,3,0,0.06761565836298933,0.21070518266779953,,0.7376177968410538,9.685,0.276915
2026-07-12,7,SH006,黄浦区第2支行,综合支行,黄浦区,0,6,14,44,76,47,2.22,5.58,0,0,0,4.468,0.28234000000000004,167,0.7365269461077845,0.0,0.0,0.0,3.142857142857143,7.333333333333333,0.19555555555555554,41.5,2.9450000000000003,0.0,0.0,0.7381834847760242,0.278285,125.2,8.791,0.006485703925363957,0.0,3.0,898.0,0.0033407572383073497,0.060240963855421686,-0.24617996604414263,,,-0.0022440744102293214,0.014571392637044867,-0.6485623003194888,-0.7474690023888066,-0.48490444880740113,0.0,0,0,0,0,2,1,0.060240963855421686,-0.6485623003194888,,0.7381834847760242,2.9450000000000003,0.278285
2026-07-13,1,SH006,黄浦区第2支行,综合支行,黄浦区,0,6,14,151,263,161,10.8,34.11,0,0,2,4.633,0.29499000000000003,575,0.7373913043478261,0.0,0.0,0.013245033112582781,10.785714285714286,25.166666666666668,0.6711111111111111,140.0,10.07,0.0,0.0,0.7383015597920277,0.28358,121.33333333333333,8.478095238095237,0.006176860881299007,0.0,3.0,898.0,0.0033407572383073497,0.07857142857142857,0.07249255213505466,,,-0.0012329046744233567,0.04023555963043949,0.24450549450549455,0.27387104021568204,-0.4591496712477712,0.0,0,0,0,0,1,1,0.07857142857142857,0.24450549450549455,,0.7383015597920277,10.07,0.28358
2026-07-14,2,SH006,黄浦区第2支行,综合支行,黄浦区,0,6,15,139,244,149,9.61,21.21,0,0,1,4.624,0.31120000000000003,532,0.7387218045112782,0.0,0.0,0.007194244604316547,9.266666666666667,23.166666666666668,0.6177777777777778,132.0,10.33,0.007575757575757576,0.0,0.738404452690167,0.27018000000000003,122.14285714285714,8.525238095238095,0.006176860881299007,0.0,3.0,896.0,0.0033482142857142855,0.05303030303030303,-0.06969990319457896,-1.0,,0.00042978048135418817,0.15182470945295728,0.13801169590643278,0.12724124448416468,-0.45794241604966357,0.0,0,0,0,0,0,1,0.05303030303030303,0.13801169590643278,,0.738404452690167,10.33,0.27018000000000003
2026-07-15,3,SH006,黄浦区第2支行,综合支行,黄浦区,0,6,15,133,233,143,7.78,21.69,0,0,3,4.631,0.29381,509,0.7387033398821218,0.0,0.0,0.022556390977443608,8.866666666666667,22.166666666666668,0.5911111111111111,129.0,8.7,0.007751937984496124,0.0,0.7375478927203065,0.29061000000000003,122.80952380952381,8.58,0.005414956119394245,0.0,3.0,892.0,0.0033632286995515697,0.031007751937984496,-0.10574712643678151,-1.0,,0.0015666062817339362,0.011011321014417881,0.08297789841023652,-0.09324009324009322,-0.3789001008695516,0.0,0,0,0,0,0,1,0.031007751937984496,0.08297789841023652,,0.7375478927203065,8.7,0.29061000000000003
2026-07-16,4,SH006,黄浦区第2支行,综合支行,黄浦区,0,6,16,130,227,139,8.3,26.41,0,0,7,4.619,0.29628000000000004,496,0.7379032258064516,0.0,0.0,0.05384615384615385,8.125,21.666666666666668,0.5777777777777778,128.0,8.75,0.014814814814814815,0.0,0.7377049180327869,0.28935,123.38095238095238,8.59,0.005021410271302942,0.0,1.0,887.0,0.0011273957158962795,0.015625,-0.051428571428571344,-1.0,,0.0002688172043010331,0.023950233281493163,0.0536472404477036,-0.03376018626309653,-0.775482253991617,0.0,0,0,0,0,0,1,0.015625,0.0536472404477036,,0.7377049180327869,8.75,0.28935
2026-07-17,5,SH006,黄浦区第2支行,综合支行,黄浦区,0,6,15,134,233,143,9.52,23.33,1,0,2,4.58,0.27152000000000004,510,0.7372549019607844,0.007462686567164179,0.0,0.014925373134328358,8.933333333333334,22.333333333333332,0.5955555555555555,134.0,9.38,0.007462686567164179,0.0,0.7383966244725738,0.2887,123.9047619047619,8.58,0.005021410271302942,0.0,1.0,881.0,0.0011350737797956867,0.0,0.014925373134328228,0.0,,-0.001546218487394863,-0.059508139937651444,0.08147578785549583,0.1095571095571095,-0.7739531887520593,0.0,0,0,0,0,0,0,0.0,0.08147578785549583,,0.7383966244725738,9.38,0.2887
2026-07-18,6,SH006,黄浦区第2支行,综合支行,黄浦区,0,6,15,142,248,152,10.63,23.82,0,0,4,4.594,0.29708,542,0.7380073800738007,0.0,0.0,0.028169014084507043,9.466666666666667,23.666666666666668,0.6311111111111112,146.0,10.33,0.0,0.0,0.7373540856031129,0.28006000000000003,124.38095238095238,8.64857142857143,0.004608727143164831,0.0,1.0,873.0,0.001145475372279496,-0.0273972602739726,0.02904162633107461,,,0.0008859983058932826,0.0607726915660929,0.1416539050535988,0.22910472414932273,-0.751455155252933,0.0,0,0,0,0,0,0,-0.0273972602739726,0.1416539050535988,,0.7373540856031129,10.33,0.28006000000000003
2026-07-19,7,SH006,黄浦区第2支行,综合支行,黄浦区,0,6,15,41,72,44,3.03,6.39,0,0,0,4.517,0.27673000000000003,157,0.7388535031847133,0.0,0.0,0.0,2.7333333333333334,6.833333333333333,0.1822222222222222,43.0,2.56,0.0,0.0,0.7378048780487805,0.28234000000000004,124.71428571428571,8.726666666666667,0.004608727143164831,0.0,1.0,870.0,0.0011494252873563218,-0.046511627906976744,0.1835937499999999,,,0.001421277043743692,-0.019869660692781763,-0.6712485681557846,-0.6527883880825058,-0.7505981040641501,0.0,0,0,0,0,1,0,-0.046511627906976744,-0.6712485681557846,,0.7378048780487805,2.56,0.28234000000000004
2026-07-20,1,SH006,黄浦区第2支行,综合支行,黄浦区,0,6,16,143,249,153,10.93,33.08,2,0,4,4.599,0.30467000000000005,545,0.7376146788990826,0.013986013986013986,0.0,0.027972027972027972,8.9375,23.833333333333332,0.6355555555555555,145.5,10.435,0.0,0.0,0.7380646375739165,0.28678000000000003,124.76190476190476,8.712380952380952,0.004608727143164831,0.0,3.0,862.0,0.0034802784222737818,-0.01718213058419244,0.04743651173933869,,,-0.0006096467056231515,0.06238231396889607,0.14618320610687024,0.25453651071272404,-0.24485040789725268,0.0,0,0,0,0,1,0,-0.01718213058419244,0.14618320610687024,,0.7380646375739165,10.435,0.28678000000000003
2026-07-21,2,SH006,黄浦区第2支行,综合支行,黄浦区,0,6,15,132,231,142,8.69,18.24,1,0,5,4.543,0.30018,505,0.7386138613861386,0.007575757575757576,0.0,0.03787878787878788,8.8,22.0,0.5866666666666667,135.5,9.969999999999999,0.003787878787878788,0.0,0.7384490882697696,0.274555,124.9047619047619,8.753333333333334,0.004594455700321959,0.0,4.0,855.0,0.004678362573099415,-0.025830258302583026,-0.12838515546639914,1.0,,0.00022313402370778223,0.09333284769900388,0.05680518490278313,-0.007235338918507351,0.01826263615330458,0.0,0,0,0,0,1,0,-0.025830258302583026,0.05680518490278313,,0.7384490882697696,9.969999999999999,0.274555
2026-07-22,3,SH006,黄浦区第2支行,综合支行,黄浦区,0,6,15,127,222,136,8.75,25.62,2,0,6,4.639,0.28684000000000004,485,0.7381443298969073,0.015748031496062992,0.0,0.047244094488188976,8.466666666666667,21.166666666666668,0.5644444444444445,131.0,8.24,0.003875968992248062,0.0,0.7376763853845435,0.29221,124.9047619047619,8.675238095238095,0.00459445570032196,0.0,6.0,849.0,0.007067137809187279,-0.030534351145038167,0.06189320388349512,3.062992125984252,,0.0006343493185291888,-0.018377194483419408,0.016774685474647406,0.008617850477549708,0.5381882577934192,0.0,0,0,0,0,1,0,-0.030534351145038167,0.016774685474647406,,0.7376763853845435,8.24,0.29221
2026-07-23,4,SH006,黄浦区第2支行,综合支行,黄浦区,0,6,15,125,218,134,8.04,18.28,0,0,2,4.514,0.27586000000000005,477,0.7379454926624738,0.0,0.0,0.016,8.333333333333334,20.833333333333332,0.5555555555555555,129.0,8.629999999999999,0.007407407407407408,0.0,0.7377951902939265,0.289935,124.80952380952381,8.677619047619048,0.00497522205801562,0.0,6.0,844.0,0.0071090047393364926,-0.031007751937984496,-0.06836616454229431,-1.0,,0.0002037182818817464,-0.04854536361598272,0.001526135062953066,-0.07347857103660226,0.4288818984236329,0.0,0,0,0,0,1,0,-0.031007751937984496,0.001526135062953066,,0.7377951902939265,8.629999999999999,0.289935
2026-07-24,5,SH006,黄浦区第2支行,综合支行,黄浦区,0,6,15,130,227,139,7.91,22.4,3,0,5,4.631,0.27108000000000004,496,0.7379032258064516,0.023076923076923078,0.0,0.038461538461538464,8.666666666666666,21.666666666666668,0.5777777777777778,134.0,9.45,0.007462686567164179,0.0,0.7378662296846922,0.28727,124.66666666666667,8.643809523809525,0.0038591506294441916,0.0,8.0,840.0,0.009523809523809525,-0.029850746268656716,-0.1629629629629629,2.0923076923076924,,5.0139334571872935e-05,-0.0563581299822466,0.04278074866310157,-0.08489422653151175,1.4678512030978115,0.0,0,0,0,0,0,1,-0.029850746268656716,0.04278074866310157,,0.7378662296846922,9.45,0.28727
2026-07-25,6,SH006,黄浦区第2支行,综合支行,黄浦区,0,6,16,140,244,150,10.08,21.27,2,0,7,4.474,0.2883,534,0.7378277153558053,0.014285714285714285,0.0,0.05,8.75,23.333333333333332,0.6222222222222222,144.0,10.355,0.0,0.0,0.7376177968410538,0.28177,124.47619047619048,8.561904761904762,0.004602685701337473,0.0,10.0,838.0,0.011933174224343675,-0.027777777777777776,-0.026557218734910706,,,0.00028458981826428095,0.02317492990737119,0.12471308339709253,0.17730812013348168,1.592654593138104,0.0,0,0,0,0,0,1,-0.027777777777777776,0.12471308339709253,,0.7376177968410538,10.355,0.28177
2026-07-26,7,SH006,黄浦区第2支行,综合支行,黄浦区,0,6,15,41,72,44,3.41,7.37,0,0,0,4.612,0.27715,157,0.7388535031847133,0.0,0.0,0.0,2.7333333333333334,6.833333333333333,0.1822222222222222,42.0,2.795,0.0,0.0,0.7381834847760242,0.27953500000000003,124.19047619047619,8.547619047619047,0.004956799949776575,0.0,10.0,838.0,0.011933174224343675,-0.023809523809523808,0.22003577817531314,,,0.0009076583566379441,-0.008532026400987446,-0.6698619631901841,-0.601058495821727,1.4074351083871273,0.0,0,0,0,0,1,1,-0.023809523809523808,-0.6698619631901841,,0.7381834847760242,2.795,0.27953500000000003
2026-07-27,1,SH006,黄浦区第2支行,综合支行,黄浦区,0,6,14,144,252,155,10.67,22.23,0,0,5,4.5969999999999995,0.28538,551,0.7386569872958257,0.0,0.0,0.034722222222222224,10.285714285714286,24.0,0.64,147.0,10.865,0.006993006993006993,0.0,0.737721197127444,0.292485,124.0952380952381,8.588095238095239,0.004956799949776575,0.0,8.0,839.0,0.009535160905840286,-0.02040816326530612,-0.017947537965945722,-1.0,,0.001268487569593427,-0.024291844026189283,0.1603990790483499,0.24241752148599935,0.9236525585968177,0.0,0,0,0,0,1,1,-0.02040816326530612,0.1603990790483499,,0.737721197127444,10.865,0.292485
2026-07-28,2,SH006,黄浦区第2支行,综合支行,黄浦区,0,6,16,136,237,145,9.24,21.26,0,0,2,4.568,0.30247,518,0.7374517374517374,0.0,0.0,0.014705882352941176,8.5,22.666666666666668,0.6044444444444445,135.5,9.969999999999999,0.003787878787878788,0.0,0.7385091570381528,0.28518,123.76190476190476,8.57095238095238,0.004956799949776575,0.0,7.0,843.0,0.00830367734282325,0.0036900369003690036,-0.07321965897693067,-1.0,,-0.0014318300272080937,0.06062837506136485,0.09888418622547136,0.07805989221623427,0.6752092936890732,0.0,0,0,0,0,1,1,0.0036900369003690036,0.09888418622547136,,0.7385091570381528,9.969999999999999,0.28518
2026-07-29,3,SH006,黄浦区第2支行,综合支行,黄浦区,0,6,15,132,231,142,8.74,19.74,0,0,0,4.665,0.27651000000000003,505,0.7386138613861386,0.0,0.0,0.0,8.8,22.0,0.5866666666666667,131.0,8.725,0.003875968992248062,0.0,0.7379746039728439,0.288725,123.52380952380952,8.505238095238095,0.004956799949776575,0.0,5.0,848.0,0.00589622641509434,0.007633587786259542,0.001719197707736455,-1.0,,0.0008662322657898123,-0.04230669322019214,0.06861989205859681,0.02760203795980073,0.18952277171486606,0.0,0,0,0,0,1,0,0.007633587786259542,0.06861989205859681,,0.7379746039728439,8.725,0.288725
2026-07-30,4,SH006,黄浦区第2支行,综合支行,黄浦区,0,6,14,131,230,141,8.62,24.48,0,0,2,4.608,0.29509,502,0.7390438247011952,0.0,0.0,0.015267175572519083,9.357142857142858,21.833333333333332,0.5822222222222222,129.0,8.525,0.007407407407407408,0.0,0.7378040719196193,0.28920500000000005,123.28571428571429,8.46904761904762,0.004956799949776575,0.0,5.0,854.0,0.00585480093676815,0.015503875968992248,0.011143695014662622,-1.0,,0.001680327920053848,0.020348887467367342,0.06257242178447271,0.017824008996345023,0.18116546886909418,0.0,0,0,0,0,1,0,0.015503875968992248,0.06257242178447271,,0.7378040719196193,8.525,0.28920500000000005
2026-07-31,5,SH006,黄浦区第2支行,综合支行,黄浦区,0,6,15,138,241,148,10.65,25.02,1,0,4,4.466,0.29293,527,0.7381404174573055,0.007246376811594203,0.0,0.028985507246376812,9.2,23.0,0.6133333333333333,134.0,9.45,0.007462686567164179,0.0,0.7376195303516311,0.27868000000000004,123.0952380952381,8.413333333333332,0.004251332577642535,0.0,3.0,862.0,0.0034802784222737818,0.029850746268656716,0.12698412698412712,-0.02898550724637678,,0.0007061731478640847,0.05113391703746226,0.12108317214700187,0.2658478605388275,-0.18136763974281245,0.0,0,0,0,0,1,0,0.029850746268656716,0.12108317214700187,,0.7376195303516311,9.45,0.27868000000000004
2026-08-01,6,SH006,黄浦区第2支行,综合支行,黄浦区,0,6,14,149,260,159,10.83,23.49,1,0,3,4.5120000000000005,0.28178000000000003,568,0.7376760563380281,0.006711409395973154,0.0,0.020134228187919462,10.642857142857142,24.833333333333332,0.6622222222222222,144.0,10.355,0.003424657534246575,0.0,0.7378546117174,0.28589,123.0,8.473809523809523,0.004256262085677633,0.0,2.0,871.0,0.002296211251435132,0.034722222222222224,0.045871559633027484,0.9597315436241611,,-0.00024199263179535907,-0.014376158662422426,0.21138211382113822,0.27805563360494534,-0.4605099015960724,0.0,0,0,0,0,1,0,0.034722222222222224,0.21138211382113822,,0.7378546117174,10.355,0.28589
2026-08-02,7,SH006,黄浦区第2支行,综合支行,黄浦区,0,6,15,44,77,47,3.05,8.24,0,0,1,4.615,0.28300000000000003,168,0.7380952380952381,0.0,0.0,0.022727272727272728,2.933333333333333,7.333333333333333,0.19555555555555554,42.0,2.795,0.0,0.0,0.7383291906167468,0.279745,122.95238095238095,8.497619047619049,0.0045758530092954025,0.0,2.0,874.0,0.002288329519450801,0.047619047619047616,0.0912343470483005,,,-0.00031686749553174213,0.011635596704141299,-0.6421378776142526,-0.6410759316335108,-0.4999119257541095,0.0,0,0,0,0,1,0,0.047619047619047616,-0.6421378776142526,,0.7383291906167468,2.795,0.279745
2026-08-03,1,SH006,黄浦区第2支行,综合支行,黄浦区,0,6,14,155,270,166,11.25,28.32,1,0,7,4.601,0.27685000000000004,591,0.7377326565143824,0.0064516129032258064,0.0,0.04516129032258064,11.071428571428571,25.833333333333332,0.6888888888888889,147.5,10.865,0.0,0.0,0.7379581193455551,0.290185,122.95238095238095,8.537142857142857,0.0045758530092954025,0.0,3.0,885.0,0.003389830508474576,0.05084745762711865,0.035434882650713276,,,-0.00030552252934448233,-0.045953443492944106,0.26065065840433777,0.31777108433734935,-0.2591915645916808,0.0,0,0,0,0,1,0,0.05084745762711865,0.26065065840433777,,0.7379581193455551,10.865,0.290185
2026-08-04,2,SH006,黄浦区第2支行,综合支行,黄浦区,0,6,16,146,255,156,10.94,32.22,0,0,3,4.48,0.28911000000000003,557,0.7378815080789947,0.0,0.0,0.02054794520547945,9.125,24.333333333333332,0.6488888888888888,137.5,9.425,0.0,0.0,0.7385091570381528,0.301325,123.14285714285714,8.558571428571428,0.004883072671353774,0.0,3.0,895.0,0.0033519553072625698,0.06181818181818182,0.16074270557029163,,,-0.0008498864952133518,-0.04053762548743044,0.18561484918793508,0.2782507093974295,-0.3135561289254211,0.0,0,0,0,0,2,0,0.06181818181818182,0.18561484918793508,,0.7385091570381528,9.425,0.301325
2026-08-05,3,SH006,黄浦区第2支行,综合支行,黄浦区,0,6,16,142,248,152,9.73,23.62,1,0,6,4.5760000000000005,0.30344000000000004,542,0.7380073800738007,0.007042253521126761,0.0,0.04225352112676056,8.875,23.666666666666668,0.6311111111111112,132.5,8.745000000000001,0.0,0.0,0.7383790956415229,0.28491,123.47619047619048,8.621904761904762,0.004883072671353774,0.0,4.0,905.0,0.004419889502762431,0.07169811320754717,0.11263579188107482,,,-0.0005034210338785948,0.06503808220139709,0.15001928268414957,0.12852093228763947,-0.09485485876722186,0.0,0,0,0,0,1,0,0.07169811320754717,0.15001928268414957,,0.7383790956415229,8.745000000000001,0.28491
2026-08-06,4,SH006,黄浦区第2支行,综合支行,黄浦区,0,6,15,140,245,150,10.94,25.08,0,0,4,4.604,0.27328,535,0.7383177570093458,0.0,0.0,0.02857142857142857,9.333333333333334,23.333333333333332,0.6222222222222222,130.5,8.46,0.0,0.0,0.7379243592344626,0.29207500000000003,123.9047619047619,8.714761904761906,0.005218418077121715,0.0,4.0,914.0,0.00437636761487965,0.07279693486590039,0.29314420803782487,,,0.0005331139566814657,-0.06434991012582386,0.12990007686395086,0.25534123818370563,-0.16136124967329352,0.0,0,0,0,0,2,0,0.07279693486590039,0.12990007686395086,,0.7379243592344626,8.46,0.29207500000000003
2026-08-07,5,SH006,黄浦区第2支行,综合支行,黄浦区,0,6,16,146,256,157,10.27,30.68,1,0,6,4.5809999999999995,0.29579,559,0.738819320214669,0.00684931506849315,0.0,0.0410958904109589,9.125,24.333333333333332,0.6488888888888888,136.0,9.45,0.007354531689379191,0.0,0.7376195303516311,0.27868000000000004,124.38095238095238,8.84047619047619,0.005218418077121715,0.0,4.0,922.0,0.004338394793926247,0.07352941176470588,0.0867724867724868,-0.06869460112812253,,0.0016265700861607785,0.061396583895507235,0.17381316998468607,0.16170212765957445,-0.16863794165009788,0.0,0,0,0,0,2,0,0.07352941176470588,0.17381316998468607,,0.7376195303516311,9.45,0.27868000000000004
2026-08-08,6,SH006,黄浦区第2支行,综合支行,黄浦区,0,6,15,158,276,169,12.1,34.07,0,0,2,4.524,0.26463000000000003,603,0.7379767827529021,0.0,0.0,0.012658227848101266,10.533333333333333,26.333333333333332,0.7022222222222222,145.5,10.48,0.003355704697986577,0.0,0.7377518858469168,0.28589,124.95238095238095,8.876190476190475,0.005189209910518333,0.0,3.0,931.0,0.00322234156820623,0.0859106529209622,0.15458015267175565,-1.0,,0.00030484084188710334,-0.07436426597642432,0.2644817073170732,0.363197424892704,-0.37903040659915005,0.0,0,0,0,0,3,0,0.0859106529209622,0.2644817073170732,,0.7377518858469168,10.48,0.28589
2026-08-09,7,SH006,黄浦区第2支行,综合支行,黄浦区,0,6,15,46,81,50,3.1,6.89,0,0,1,4.584,0.28177,177,0.7401129943502824,0.0,0.0,0.021739130434782608,3.066666666666667,7.666666666666667,0.20444444444444446,42.5,3.04,0.0,0.0,0.7384743706399757,0.279745,125.71428571428571,8.946190476190477,0.005189209910518333,0.0,3.0,933.0,0.003215434083601286,0.08235294117647059,0.019736842105263174,,,0.002218931049545703,0.007238735276769911,-0.634090909090909,-0.6534837919838187,-0.3803615311294842,0.0,0,0,0,0,2,0,0.08235294117647059,-0.634090909090909,,0.7384743706399757,3.04,0.279745
2026-08-10,1,SH006,黄浦区第2支行,综合支行,黄浦区,0,6,14,161,281,172,13.08,30.33,0,0,2,4.506,0.27941000000000005,614,0.737785016286645,0.0,0.0,0.012422360248447204,11.5,26.833333333333332,0.7155555555555555,147.5,10.865,0.0032258064516129032,0.0,0.7376736677067325,0.290185,125.95238095238095,8.949523809523809,0.005189209910518333,0.0,2.0,939.0,0.002129925452609159,0.09152542372881356,0.20386562356189597,-1.0,,0.0001509455803927787,-0.037131485087099535,0.27826086956521745,0.4615302756198788,-0.5895472549121822,0.0,0,0,0,0,3,0,0.09152542372881356,0.27826086956521745,,0.7376736677067325,10.865,0.290185
2026-08-11,2,SH006,黄浦区第2支行,综合支行,黄浦区,0,6,15,150,261,160,9.9,31.13,1,0,3,4.641,0.30525,571,0.7373029772329247,0.006666666666666667,0.0,0.02,10.0,25.0,0.6666666666666666,137.5,9.425,0.0,0.0,0.7382476847325666,0.301325,126.80952380952381,9.05190476190476,0.004523209244517667,0.0,3.0,943.0,0.003181336161187699,0.09090909090909091,0.05039787798408484,,,-0.0012796619876757926,0.013025802704720856,0.18287645512579798,0.0936924614656218,-0.2966639416375394,0.0,0,0,0,0,2,0,0.09090909090909091,0.18287645512579798,,0.7382476847325666,9.425,0.301325
2026-08-12,3,SH006,黄浦区第2支行,综合支行,黄浦区,0,6,15,143,251,154,8.89,25.6,0,1,4,4.571,0.28812000000000004,548,0.7390510948905109,0.0,69.93006993006993,0.027972027972027972,9.533333333333333,23.833333333333332,0.6355555555555555,132.5,8.745000000000001,0.0035211267605633804,0.0,0.7383790956415229,0.29032500000000006,127.66666666666667,9.10952380952381,0.004479919201227624,0.0,2.0,944.0,0.00211864406779661,0.07924528301886792,0.016580903373356153,-1.0,,0.0009101005878343904,-0.007594936708860801,0.12010443864229761,-0.02409827496079446,-0.5270798484008278,69.93006993006993,0,0,0,0,2,0,0.07924528301886792,0.12010443864229761,,0.7383790956415229,8.745000000000001,0.29032500000000006
2026-08-13,4,SH006,黄浦区第2支行,综合支行,黄浦区,0,6,15,140,244,150,9.45,19.32,0,0,0,4.635,0.28209,534,0.7378277153558053,0.0,0.0,0.0,9.333333333333334,23.333333333333332,0.6222222222222222,130.5,8.46,0.0,0.0,0.7381316248359098,0.28547500000000003,128.42857142857142,9.116190476190477,0.003730012939510338,3.33000333000333,2.0,944.0,0.00211864406779661,0.07279693486590039,0.11702127659574449,,,-0.00041172803044723,-0.011857430598126023,0.09010011123470534,0.03661721688257402,-0.4320008798482244,0.0,0,0,0,0,1,0,0.07279693486590039,0.09010011123470534,,0.7381316248359098,8.46,0.28547500000000003
2026-08-14,5,SH006,黄浦区第2支行,综合支行,黄浦区,0,6,16,144,252,154,9.43,27.71,0,0,3,4.566,0.31129,550,0.7381818181818182,0.0,0.0,0.020833333333333332,9.0,24.0,0.64,136.0,9.895,0.007354531689379191,0.0,0.7380218216318786,0.28222500000000006,129.14285714285714,9.183333333333334,0.003730012939510338,3.33000333000333,1.0,942.0,0.0010615711252653928,0.058823529411764705,-0.04699343102577058,-1.0,,0.0002167910829327685,0.10298520683851518,0.11504424778761066,0.026860254083484515,-0.715397468458983,0.0,0,0,0,0,1,0,0.058823529411764705,0.11504424778761066,,0.7380218216318786,9.895,0.28222500000000006
2026-08-15,6,SH006,黄浦区第2支行,综合支行,黄浦区,0,6,16,154,268,165,10.87,34.53,0,0,3,4.572,0.29371,587,0.737649063032368,0.0,0.0,0.01948051948051948,9.625,25.666666666666668,0.6844444444444445,145.5,10.73,0.003355704697986577,0.0,0.7379022490543536,0.28504,129.8095238095238,9.255714285714285,0.0026311118406092395,3.33000333000333,1.0,938.0,0.0010660980810234541,0.058419243986254296,0.013047530288909487,-1.0,,-0.00034311593752440545,0.030416783609318026,0.18635363169479102,0.1744096311159129,-0.594810807899144,0.0,0,0,0,0,0,0,0.058419243986254296,0.18635363169479102,,0.7379022490543536,10.73,0.28504
2026-08-16,7,SH006,黄浦区第2支行,综合支行,黄浦区,0,6,15,45,78,48,3.66,11.54,0,0,0,4.616,0.29189000000000004,171,0.7368421052631579,0.0,0.0,0.0,3.0,7.5,0.2,42.5,3.075,0.0,0.0,0.7388535031847133,0.27946000000000004,130.47619047619048,9.293333333333333,0.001950839731765702,3.33000333000333,1.0,937.0,0.0010672358591248667,0.058823529411764705,0.19024390243902436,,,-0.0027223230490017987,0.0444786373720747,-0.6551094890510949,-0.6061692969870874,-0.45293514287874737,0.0,0,0,0,0,1,0,0.058823529411764705,-0.6551094890510949,,0.7388535031847133,3.075,0.27946000000000004
2026-08-17,1,SH006,黄浦区第2支行,综合支行,黄浦区,0,6,15,154,268,164,12.16,31.37,1,0,0,4.618,0.28925,586,0.7372013651877133,0.006493506493506494,0.0,0.0,10.266666666666667,25.666666666666668,0.6844444444444445,149.5,11.09,0.0032258064516129032,0.0,0.7377588364005137,0.28239500000000006,130.66666666666666,9.305238095238096,0.001950839731765702,3.33000333000333,2.0,930.0,0.002150537634408602,0.030100334448160536,0.0964833183047791,1.012987012987013,,-0.00075562797122192,0.02427450910958035,0.17857142857142866,0.3067908500076761,0.10236509918841658,0.0,0,0,0,0,1,0,0.030100334448160536,0.17857142857142866,,0.7377588364005137,11.09,0.28239500000000006
2026-08-18,2,SH006,黄浦区第2支行,综合支行,黄浦区,0,6,16,142,248,152,10.03,28.11,2,0,9,4.624,0.28264,542,0.7380073800738007,0.014084507042253521,0.0,0.06338028169014084,8.875,23.666666666666668,0.6311111111111112,141.0,9.57,0.0033333333333333335,0.0,0.7376666227653661,0.301325,131.14285714285714,9.376190476190477,0.002260054326694583,3.33000333000333,3.0,922.0,0.0032537960954446853,0.0070921985815602835,0.04806687565308245,3.225352112676056,,0.00046193944245058065,-0.06200945822616778,0.08278867102396517,0.06973082783138637,0.4396981776112826,0.0,0,0,0,0,1,0,0.0070921985815602835,0.08278867102396517,,0.7376666227653661,9.57,0.301325
2026-08-19,3,SH006,黄浦区第2支行,综合支行,黄浦区,0,6,15,136,237,145,9.25,25.54,0,0,3,4.587,0.2969,518,0.7374517374517374,0.0,0.0,0.022058823529411766,9.066666666666666,22.666666666666668,0.6044444444444445,137.0,8.82,0.0035211267605633804,0.0,0.7383790956415229,0.28748000000000007,131.42857142857142,9.413809523809524,0.0029307451382304646,3.33000333000333,3.0,915.0,0.003278688524590164,-0.0072992700729927005,0.04875283446712015,-1.0,,-0.0012559377632160578,0.03276749686934718,0.03478260869565227,-0.017400981334412514,0.11872181644896689,0.0,0,0,0,0,1,0,-0.0072992700729927005,0.03478260869565227,,0.7383790956415229,8.82,0.28748000000000007
2026-08-20,4,SH006,黄浦区第2支行,综合支行,黄浦区,0,6,15,132,231,142,8.44,18.65,0,0,2,4.5,0.27073,505,0.7386138613861386,0.0,0.0,0.015151515151515152,8.8,22.0,0.5866666666666667,135.5,9.035,0.0,0.0,0.7381316248359098,0.27897500000000003,131.61904761904762,9.438095238095238,0.0029307451382304646,3.33000333000333,3.0,907.0,0.0033076074972436605,-0.025830258302583026,-0.06585500830105154,,,0.0006533205379677849,-0.029554619589568964,0.002894356005788702,-0.1057517658930374,0.12858926356207798,0.0,0,0,0,0,1,0,-0.025830258302583026,0.002894356005788702,,0.7381316248359098,9.035,0.27897500000000003
2026-08-21,5,SH006,黄浦区第2支行,综合支行,黄浦区,0,6,14,137,239,146,9.34,20.05,1,0,3,4.505,0.27857000000000004,522,0.7375478927203065,0.0072992700729927005,0.0,0.021897810218978103,9.785714285714286,22.833333333333332,0.6088888888888888,141.0,9.85,0.007047845940043677,0.0,0.7381611178195618,0.29436,131.66666666666666,9.42952380952381,0.0029307451382304646,3.33000333000333,4.0,900.0,0.0044444444444444444,-0.028368794326241134,-0.05177664974619287,0.03567389739899242,,-0.000830746952733996,-0.053641799157494126,0.04050632911392413,-0.009493990506009497,0.5164895734085996,0.0,0,0,0,0,0,0,-0.028368794326241134,0.04050632911392413,,0.7381611178195618,9.85,0.29436
2026-08-22,6,SH006,黄浦区第2支行,综合支行,黄浦区,0,6,15,147,256,157,10.15,26.84,1,0,3,4.656,0.28562000000000004,560,0.7375,0.006802721088435374,0.0,0.02040816326530612,9.8,24.5,0.6533333333333333,151.5,10.85,0.003355704697986577,0.0,0.7377518858469168,0.28504,131.61904761904762,9.367142857142857,0.0029332638649637263,3.33000333000333,5.0,893.0,0.005599104143337066,-0.0297029702970297,-0.06451612903225801,1.0272108843537415,,-0.0003414235215780619,0.0020348021330340474,0.11685962373371923,0.0835748055513192,0.9088307091003237,0.0,0,0,0,0,0,0,-0.0297029702970297,0.11685962373371923,,0.7377518858469168,10.85,0.28504
2026-08-23,7,SH006,黄浦区第2支行,综合支行,黄浦区,0,6,14,43,75,46,3.17,7.37,0,0,0,4.53,0.27786,164,0.7378048780487805,0.0,0.0,0.0,3.0714285714285716,7.166666666666667,0.19111111111111112,44.5,3.255,0.0,0.0,0.7384743706399757,0.282385,131.52380952380952,9.334761904761905,0.002937612040795261,3.33000333000333,5.0,891.0,0.005611672278338945,-0.033707865168539325,-0.026113671274961586,,,-0.0009065887968664408,-0.016024222249765397,-0.6730629978276611,-0.6604091210529001,0.9102836591110142,0.0,0,0,0,0,0,0,-0.033707865168539325,-0.6730629978276611,,0.7384743706399757,3.255,0.282385
2026-08-24,1,SH006,黄浦区第2支行,综合支行,黄浦区,0,6,14,149,261,160,10.42,31.76,0,0,2,4.579,0.28363000000000005,570,0.7385964912280701,0.0,0.0,0.013422818791946308,10.642857142857142,24.833333333333332,0.6622222222222222,154.5,11.705,0.0032258064516129032,0.0,0.7377588364005137,0.28239500000000006,131.47619047619048,9.34047619047619,0.002937612040795261,3.33000333000333,4.0,886.0,0.004514672686230248,-0.03559870550161812,-0.10978214438274243,-1.0,,0.0011354046691509144,0.004373306892827372,0.13328504165157548,0.11557481519245479,0.5368512327475518,0.0,0,0,0,0,0,0,-0.03559870550161812,0.13328504165157548,,0.7377588364005137,11.705,0.28239500000000006
2026-08-25,2,SH006,黄浦区第2支行,综合支行,黄浦区,0,6,14,140,244,150,9.1,25.31,0,0,3,4.629,0.28122,534,0.7378277153558053,0.0,0.0,0.02142857142857143,10.0,23.333333333333332,0.6222222222222222,144.0,9.965,0.0033333333333333335,0.0,0.7376666227653661,0.29579,131.1904761904762,9.300952380952381,0.002630392378736889,3.33000333000333,2.0,884.0,0.0022624434389140274,-0.027777777777777776,-0.08680381334671353,-1.0,,0.00021838129239908825,-0.049257919469894086,0.06715063520871133,-0.021605570346098786,-0.13988367013120315,0.0,0,0,0,0,0,0,-0.027777777777777776,0.06715063520871133,,0.7376666227653661,9.965,0.29579
2026-08-26,3,SH006,黄浦区第2支行,综合支行,黄浦区,0,6,15,135,237,145,9.44,30.04,1,0,2,4.587,0.29251000000000005,517,0.7388781431334622,0.007407407407407408,0.0,0.014814814814814815,9.0,22.5,0.6,139.0,9.07,0.0,0.0,0.7383106207299697,0.29251000000000005,130.9047619047619,9.213333333333335,0.002630392378736889,3.33000333000333,3.0,883.0,0.0033975084937712344,-0.02877697841726619,0.04079382579933839,,,0.000768677014196882,0.0,0.03128410331029471,0.024602026049203845,0.2916356210713755,0.0,0,0,0,0,0,0,-0.02877697841726619,0.03128410331029471,,0.7383106207299697,9.07,0.29251000000000005
2026-08-27,4,SH006,黄浦区第2支行,综合支行,黄浦区,0,6,15,134,234,143,9.36,19.23,1,0,5,4.599,0.29708,511,0.7377690802348337,0.007462686567164179,0.0,0.03731343283582089,8.933333333333334,22.333333333333332,0.5955555555555555,136.0,9.035,0.0,0.0,0.7384658091977422,0.277685,130.57142857142858,9.199523809523809,0.0026477806590359675,3.33000333000333,4.0,885.0,0.004519774011299435,-0.014705882352941176,0.035971223021582656,,,-0.0009434816808450835,0.06984532833966543,0.026258205689277805,0.017443967079041355,0.707004693109679,0.0,0,0,0,0,0,0,-0.014705882352941176,0.026258205689277805,,0.7384658091977422,9.035,0.277685
2026-08-28,5,SH006,黄浦区第2支行,综合支行,黄浦区,0,6,15,140,245,150,10.18,28.33,0,0,3,4.562,0.27496000000000004,535,0.7383177570093458,0.0,0.0,0.02142857142857143,9.333333333333334,23.333333333333332,0.6222222222222222,141.0,9.85,0.007047845940043677,0.0,0.7381611178195618,0.29436,130.28571428571428,9.124285714285714,0.0030031466860437855,3.33000333000333,3.0,888.0,0.0033783783783783786,-0.0070921985815602835,0.033502538071066,-1.0,,0.00021220189739418663,-0.0659056937083842,0.074561403508772,0.11570377328949433,0.1249461753161671,0.0,0,0,0,0,0,0,-0.0070921985815602835,0.074561403508772,,0.7381611178195618,9.85,0.29436
2026-08-29,6,SH006,黄浦区第2支行,综合支行,黄浦区,0,6,14,152,266,163,10.9,26.03,0,0,1,4.432,0.28115,581,0.7383820998278829,0.0,0.0,0.006578947368421052,10.857142857142858,25.333333333333332,0.6755555555555556,151.5,10.85,0.003355704697986577,0.0,0.737662559685198,0.28370000000000006,130.0,9.12,0.00267698882563935,3.33000333000333,2.0,893.0,0.0022396416573348264,0.0033003300330033004,0.004608294930875642,-1.0,,0.0009754326463200275,-0.008988367994360421,0.16923076923076924,0.19517543859649136,-0.16337280309717803,0.0,0,0,0,0,0,0,0.0033003300330033004,0.16923076923076924,,0.737662559685198,10.85,0.28370000000000006
2026-08-30,7,SH006,黄浦区第2支行,综合支行,黄浦区,0,6,16,45,79,48,1.57,4.04,0,0,0,4.594,0.28919,172,0.7383720930232558,0.0,0.0,0.0,2.8125,7.5,0.2,44.5,3.135,0.0,0.0,0.7379500580720093,0.282385,129.71428571428572,9.062857142857142,0.00267698882563935,3.33000333000333,2.0,895.0,0.0022346368715083797,0.011235955056179775,-0.4992025518341307,,,0.0005719017793007665,0.024098305504895817,-0.6530837004405287,-0.8267654476670869,-0.16524236107908385,0.0,0,0,0,0,0,1,0.011235955056179775,-0.6530837004405287,,0.7379500580720093,3.135,0.282385
2026-08-31,1,SH006,黄浦区第2支行,综合支行,黄浦区,0,6,15,159,277,170,12.12,24.63,2,0,7,4.468,0.27469000000000005,606,0.7376237623762376,0.012578616352201259,0.0,0.0440251572327044,10.6,26.5,0.7066666666666667,154.5,11.705,0.0032258064516129032,0.0,0.7377588364005137,0.28152000000000005,129.66666666666666,8.99,0.00267698882563935,3.33000333000333,4.0,905.0,0.004419889502762431,0.02912621359223301,0.035454933788978994,2.8993710691823904,,-0.00018308696231285747,-0.024261153736857066,0.2262210796915168,0.3481646273637374,0.651067595213746,0.0,0,0,0,0,0,1,0.02912621359223301,0.2262210796915168,,0.7377588364005137,11.705,0.28152000000000005
2026-09-01,2,SH006,黄浦区第2支行,综合支行,黄浦区,0,6,14,148,259,159,10.66,27.84,0,0,4,4.539,0.30282000000000003,566,0.7385159010600707,0.0,0.0,0.02702702702702703,10.571428571428571,24.666666666666668,0.6577777777777778,144.0,9.965,0.0033333333333333335,0.0,0.7378546117174,0.285875,129.57142857142858,8.944285714285716,0.003275970556696552,3.33000333000333,4.0,913.0,0.004381161007667032,0.027777777777777776,0.0697441043652785,-1.0,,0.0008962325804694026,0.0592741582859643,0.14222712238147728,0.1918223925890431,0.33736275459231835,0.0,0,0,0,0,0,1,0.027777777777777776,0.14222712238147728,,0.7378546117174,9.965,0.285875
2026-09-02,3,SH006,黄浦区第2支行,综合支行,黄浦区,0,6,14,145,253,155,10.23,20.86,1,0,5,4.586,0.29656000000000005,553,0.7377938517179023,0.006896551724137931,0.0,0.034482758620689655,10.357142857142858,24.166666666666668,0.6444444444444445,139.0,9.344999999999999,0.0035211267605633804,0.0,0.7384427616036315,0.294705,129.47619047619048,8.98047619047619,0.0029585102392362347,3.33000333000333,4.0,923.0,0.004333694474539545,0.04316546762589928,0.09470304975922972,0.9586206896551723,,-0.0008787544810108086,0.006294430023243756,0.1198970209635895,0.1391378121851636,0.46482321307034785,0.0,0,0,0,0,0,1,0.04316546762589928,0.1198970209635895,,0.7384427616036315,9.344999999999999,0.294705
2026-09-03,4,SH006,黄浦区第2支行,综合支行,黄浦区,0,6,14,144,251,154,10.23,24.46,0,0,3,4.7219999999999995,0.28524000000000005,549,0.7377049180327869,0.0,0.0,0.020833333333333332,10.285714285714286,24.0,0.64,137.0,9.405,0.0,0.0,0.7380727361825755,0.277685,129.57142857142858,9.044285714285714,0.003286917464195184,0.0,3.0,933.0,0.003215434083601286,0.051094890510948905,0.08771929824561416,,,-0.0004983494603675535,0.027207087167113935,0.1113561190738698,0.13110093192228728,-0.021747847754796237,0.0,0,0,0,0,0,1,0.051094890510948905,0.1113561190738698,,0.7380727361825755,9.405,0.277685
2026-09-04,5,SH006,黄浦区第2支行,综合支行,黄浦区,0,6,15,151,263,161,10.15,28.57,0,0,3,4.5600000000000005,0.29663,575,0.7373913043478261,0.0,0.0,0.019867549668874173,10.066666666666666,25.166666666666668,0.6711111111111111,142.0,9.805,0.003424657534246575,0.0,0.738249787595582,0.28718,129.76190476190476,9.081428571428571,0.003286917464195184,0.0,3.0,944.0,0.0031779661016949155,0.06338028169014084,0.03518612952575224,-1.0,,-0.0011628628442304821,0.03290619123894427,0.16366972477064223,0.11766556551832635,-0.033146972410195784,0.0,0,0,0,0,0,0,0.06338028169014084,0.16366972477064223,,0.738249787595582,9.805,0.28718
2026-09-05,6,SH006,黄浦区第2支行,综合支行,黄浦区,0,6,16,163,285,175,11.26,30.53,2,0,6,4.522,0.29403,623,0.7383627608346709,0.012269938650306749,0.0,0.03680981595092025,10.1875,27.166666666666668,0.7244444444444444,153.0,10.885,0.0,0.0,0.7378129228926351,0.283385,130.0952380952381,9.115714285714287,0.003286917464195184,0.0,5.0,955.0,0.005235602094240838,0.06535947712418301,0.034451079467156635,,,0.0007452267708731789,0.03756373837711952,0.25292825768667637,0.23522958783889658,0.5928608342840753,0.0,0,0,0,0,0,0,0.06535947712418301,0.25292825768667637,,0.7378129228926351,10.885,0.283385
2026-09-06,7,SH006,黄浦区第2支行,综合支行,黄浦区,0,6,15,48,84,52,3.04,8.31,1,0,3,4.643,0.27567,184,0.7391304347826086,0.020833333333333332,0.0,0.0625,3.2,8.0,0.21333333333333335,45.0,3.135,0.0,0.0,0.7380884855360181,0.28548,130.52380952380952,9.134285714285713,0.0038712002570669337,0.0,6.0,958.0,0.006263048016701462,0.06666666666666667,-0.030303030303030224,,,0.001411686087791795,-0.034363177805800706,-0.6322510032834732,-0.6671879887394432,0.6178568921274931,0.0,0,0,0,0,0,0,0.06666666666666667,-0.6322510032834732,,0.7380884855360181,3.135,0.28548
2026-09-07,1,SH006,黄浦区第2支行,综合支行,黄浦区,0,6,16,168,294,180,13.0,40.56,0,0,1,4.514,0.28813,642,0.7383177570093458,0.0,0.0,0.005952380952380952,10.5,28.0,0.7466666666666667,156.5,12.14,0.003246753246753247,0.0,0.7377043893314412,0.28152000000000005,130.66666666666666,9.104761904761904,0.004863263749130426,0.0,4.0,967.0,0.004136504653567736,0.07348242811501597,0.07084019769357491,-1.0,,0.0008314545592719299,0.023479681727763387,0.2857142857142858,0.4278242677824268,-0.14943855259600883,0.0,0,0,0,0,0,0,0.07348242811501597,0.2857142857142858,,0.7377043893314412,12.14,0.28152000000000005
2026-09-08,2,SH006,黄浦区第2支行,综合支行,黄浦区,0,6,14,157,275,169,11.32,35.25,2,0,7,4.543,0.28314,601,0.7387687188019967,0.012738853503184714,0.0,0.044585987261146494,11.214285714285714,26.166666666666668,0.6977777777777778,145.0,9.965,0.0033333333333333335,0.0,0.737917547714803,0.29273000000000005,131.33333333333334,9.144761904761904,0.004554049154201545,0.0,6.0,976.0,0.006147540983606557,0.08275862068965517,0.13597591570496742,2.8216560509554136,,0.0011534772276788963,-0.032760564342568375,0.1954314720812182,0.237867111018538,0.34990659420855486,0.0,0,0,0,0,1,0,0.08275862068965517,0.1954314720812182,,0.737917547714803,9.965,0.29273000000000005
2026-09-09,3,SH006,黄浦区第2支行,综合支行,黄浦区,0,6,15,152,265,163,10.69,26.73,0,0,3,4.514,0.28252000000000005,580,0.7379310344827587,0.0,0.0,0.019736842105263157,10.133333333333333,25.333333333333332,0.6755555555555556,139.5,9.344999999999999,0.0034482758620689655,0.0,0.7383359974256822,0.29453500000000005,132.04761904761904,9.206190476190475,0.004489970414245888,0.0,5.0,983.0,0.00508646998982706,0.08960573476702509,0.14392723381487435,-1.0,,-0.0005484805621499487,-0.04079311457042455,0.15109989181392003,0.1611751926757359,0.1328515603774546,0.0,0,0,0,0,2,0,0.08960573476702509,0.15109989181392003,,0.7383359974256822,9.344999999999999,0.29453500000000005
2026-09-10,4,SH006,黄浦区第2支行,综合支行,黄浦区,0,6,15,149,260,159,10.38,28.48,0,0,1,4.67,0.28525,568,0.7376760563380281,0.0,0.0,0.006711409395973154,9.933333333333334,24.833333333333332,0.6622222222222222,137.0,9.405,0.0,0.0,0.7377983977953195,0.28366500000000006,132.8095238095238,9.274761904761904,0.004489970414245888,0.0,5.0,988.0,0.005060728744939271,0.08759124087591241,0.10366826156299856,,,-0.00016581962993817353,0.00558757689528122,0.1219074937253497,0.11916619602608218,0.12711850592210308,0.0,0,0,0,0,2,0,0.08759124087591241,0.1219074937253497,,0.7377983977953195,9.405,0.28366500000000006
2026-09-11,5,SH006,黄浦区第2支行,综合支行,黄浦区,0,6,16,154,270,165,11.11,31.78,2,0,8,4.519,0.28482,589,0.7385398981324278,0.012987012987012988,0.0,0.05194805194805195,9.625,25.666666666666668,0.6844444444444445,142.0,9.79,0.0,0.0,0.7378648554510623,0.2876,133.61904761904762,9.367142857142857,0.004489970414245888,0.0,7.0,991.0,0.007063572149344097,0.08450704225352113,0.13483146067415736,,,0.0009148595117094655,-0.009666203059805301,0.1525302922309337,0.18606069849016307,0.5731890185584793,0.0,0,0,0,0,3,0,0.08450704225352113,0.1525302922309337,,0.7378648554510623,9.79,0.2876
2026-09-12,6,SH006,黄浦区第2支行,综合支行,黄浦区,0,6,16,165,288,177,12.96,38.19,0,0,3,4.495,0.27835000000000004,630,0.7380952380952381,0.0,0.0,0.01818181818181818,10.3125,27.5,0.7333333333333333,153.0,10.885,0.003401360544217687,0.0,0.7380059119335194,0.28966500000000006,134.42857142857142,9.45142857142857,0.0047608153149135204,0.0,5.0,993.0,0.005035246727089627,0.0784313725490196,0.1906293063849335,-1.0,,0.00012103718991182935,-0.039062365145944515,0.22741764080765153,0.37122128174123364,0.057643784524981506,0.0,0,0,0,1,4,0,0.0784313725490196,0.22741764080765153,,0.7380059119335194,10.885,0.28966500000000006
2026-09-13,7,SH006,黄浦区第2支行,综合支行,黄浦区,0,6,15,48,84,51,3.6,8.06,0,0,1,4.606,0.29653,183,0.7377049180327869,0.0,0.0,0.020833333333333332,3.2,8.0,0.21333333333333335,45.0,3.105,0.0,0.0,0.7380884855360181,0.283525,135.28571428571428,9.585238095238095,0.004436876215464218,0.0,4.0,993.0,0.004028197381671702,0.06666666666666667,0.1594202898550725,,,-0.0005196768554825128,0.04586897099021246,-0.64519535374868,-0.6244224750360177,-0.0921095865528349,0.0,0,0,0,1,4,0,0.06666666666666667,-0.64519535374868,,0.7380884855360181,3.105,0.283525
2026-09-14,1,SH006,黄浦区第2支行,综合支行,黄浦区,0,6,16,166,289,177,13.78,29.25,0,0,2,4.531,0.27842,632,0.7373417721518988,0.0,0.0,0.012048192771084338,10.375,27.666666666666668,0.7377777777777778,156.5,12.14,0.003246753246753247,0.0,0.7379707596927917,0.28588,135.52380952380952,9.605714285714285,0.004436876215464218,0.0,4.0,991.0,0.004036326942482341,0.06070287539936102,0.13509060955518934,-1.0,,-0.0008523204105739246,-0.026094864978312655,0.22487702037948,0.434562760261749,-0.09027731528452577,0.0,0,0,0,1,4,0,0.06070287539936102,0.22487702037948,,0.7379707596927917,12.14,0.28588
2026-09-15,2,SH006,黄浦区第2支行,综合支行,黄浦区,0,6,14,153,268,164,11.49,33.15,0,0,0,4.471,0.29097,585,0.7384615384615385,0.0,0.0,0.0,10.928571428571429,25.5,0.68,145.0,10.344999999999999,0.006369426751592357,0.0,0.7382616405669358,0.28289,136.33333333333334,9.765714285714287,0.004436876215464218,0.0,2.0,987.0,0.002026342451874367,0.05517241379310345,0.11068148864185612,-1.0,,0.00027076836126718084,0.028562338718229816,0.12224938875305616,0.17656524283206543,-0.5432952479467907,0.0,0,0,0,1,4,0,0.05517241379310345,0.12224938875305616,,0.7382616405669358,10.344999999999999,0.28289
2026-09-16,3,SH006,黄浦区第2支行,综合支行,黄浦区,0,6,15,146,256,157,11.12,34.11,0,0,5,4.605,0.30566000000000004,559,0.738819320214669,0.0,0.0,0.03424657534246575,9.733333333333333,24.333333333333332,0.6488888888888888,140.5,9.835,0.0034482758620689655,0.0,0.7378624431003304,0.29453500000000005,136.95238095238096,9.879523809523809,0.004436876215464218,0.0,2.0,981.0,0.0020387359836901123,0.03914590747330961,0.13065582104727994,-1.0,,0.0012968231725116418,0.03777140238002273,0.06606397774687058,0.12556032197426134,-0.5405019467109913,0.0,0,0,0,1,4,0,0.03914590747330961,0.06606397774687058,,0.7378624431003304,9.835,0.29453500000000005
2026-09-17,4,SH006,黄浦区第2支行,综合支行,黄浦区,0,6,16,142,249,152,9.53,28.15,0,0,5,4.6370000000000005,0.27773000000000003,543,0.7384898710865562,0.0,0.0,0.035211267605633804,8.875,23.666666666666668,0.6311111111111112,139.0,9.795,0.0,0.0,0.7377369991338103,0.285245,137.47619047619048,9.959523809523809,0.004084142529397198,0.0,2.0,974.0,0.002053388090349076,0.02158273381294964,-0.027054619703930635,,,0.0010205153782849856,-0.026345772932040854,0.032906130931763033,-0.043126942385847473,-0.4972290816079459,0.0,0,0,0,0,3,0,0.02158273381294964,0.032906130931763033,,0.7377369991338103,9.795,0.285245
2026-09-18,5,SH006,黄浦区第2支行,综合支行,黄浦区,0,6,15,147,256,157,10.31,23.45,3,0,9,4.556,0.28447,560,0.7375,0.02040816326530612,0.0,0.061224489795918366,9.8,24.5,0.6533333333333333,145.5,10.165,0.0036496350364963502,0.0,0.7379328248648261,0.28169500000000003,137.85714285714286,9.967619047619047,0.0037287765023893797,0.0,3.0,967.0,0.0031023784901758012,0.010309278350515464,0.014264633546483165,4.591836734693877,,-0.0005865369451553838,0.009851080068868711,0.06632124352331603,0.034349321612841655,-0.16799022730704993,0.0,0,0,0,0,2,0,0.010309278350515464,0.06632124352331603,,0.7379328248648261,10.165,0.28169500000000003
2026-09-19,6,SH006,黄浦区第2支行,综合支行,黄浦区,0,6,15,156,273,167,10.61,28.85,1,0,8,4.647,0.27954,596,0.738255033557047,0.00641025641025641,0.0,0.05128205128205128,10.4,26.0,0.6933333333333334,157.5,11.08,0.003401360544217687,0.0,0.7382289994649545,0.283385,138.1904761904762,9.973809523809523,0.00470059380073729,0.0,4.0,958.0,0.0041753653444676405,-0.009523809523809525,-0.04241877256317695,0.8846153846153846,,3.5265604726219934e-05,-0.013568114049790875,0.12887663680220526,0.06378610646932445,-0.11173661850706337,0.0,0,0,0,0,1,0,-0.009523809523809525,0.12887663680220526,,0.7382289994649545,11.08,0.283385
2026-06-22,1,SH007,黄浦区第3支行,综合支行,黄浦区,0,7,14,125,209,128,7.8,18.61,0,0,0,4.583,0.29031,462,0.7294372294372294,0.0,0.0,0.0,8.928571428571429,17.857142857142858,0.4761904761904762,,,,,,,,,,,,,,,,,,,,,,,,0,0,0,0,0,0,,,,,,
2026-06-23,2,SH007,黄浦区第3支行,综合支行,黄浦区,0,7,14,116,194,119,7.41,16.06,0,0,2,4.539,0.29660000000000003,429,0.7296037296037297,0.0,0.0,0.017241379310344827,8.285714285714286,16.571428571428573,0.44190476190476197,,,,,,,,,,,,,,,,,,,,,,,,0,0,0,0,0,0,,,,,,
2026-06-24,3,SH007,黄浦区第3支行,综合支行,黄浦区,0,7,14,112,188,115,6.36,13.11,0,0,0,4.615,0.30182000000000003,415,0.7301204819277108,0.0,0.0,0.0,8.0,16.0,0.4266666666666667,,,,,,,,,,,,,,,,,,,,,,,,0,0,0,0,0,0,,,,,,
2026-06-25,4,SH007,黄浦区第3支行,综合支行,黄浦区,0,7,15,111,185,113,5.89,14.85,3,0,5,4.622,0.28338,409,0.7286063569682152,0.02702702702702703,0.0,0.04504504504504504,7.4,15.857142857142858,0.4228571428571429,,,,,,,,,,,,,,,,,,,,,,,,0,0,0,0,0,0,,,,,,
2026-06-26,5,SH007,黄浦区第3支行,综合支行,黄浦区,0,7,15,116,193,118,5.93,17.48,0,0,1,4.62,0.27940000000000004,427,0.7283372365339579,0.0,0.0,0.008620689655172414,7.733333333333333,16.571428571428573,0.44190476190476197,,,,,,,,,,,3.0,580.0,0.005172413793103448,,,,,,,,,,,0,0,0,0,0,0,,,,,,
2026-06-27,6,SH007,黄浦区第3支行,综合支行,黄浦区,0,7,14,125,209,128,7.09,18.72,0,0,3,4.579,0.28168000000000004,462,0.7294372294372294,0.0,0.0,0.024,8.928571428571429,17.857142857142858,0.4761904761904762,,,,,,,116.0,6.678,0.005405405405405406,0.0,3.0,705.0,0.00425531914893617,,,,,,,0.07758620689655173,0.06169511829889187,-0.21276595744680854,,0,0,0,0,0,0,,0.07758620689655173,,,,
2026-06-28,7,SH007,黄浦区第3支行,综合支行,黄浦区,0,7,15,37,62,38,2.1,6.14,0,1,0,4.661,0.29187,137,0.7299270072992701,0.0,270.27027027027026,0.0,2.466666666666667,5.285714285714286,0.14095238095238094,,,,,,,117.5,6.746666666666666,0.0045045045045045045,0.0,3.0,742.0,0.004043126684636119,,,,,,,-0.6851063829787234,-0.6887351778656127,-0.10242587601078161,,0,0,0,0,0,0,,-0.6851063829787234,,,,
2026-06-29,1,SH007,黄浦区第3支行,综合支行,黄浦区,0,7,14,130,217,133,8.33,23.36,0,0,3,4.645,0.29421,480,0.7291666666666666,0.0,0.0,0.023076923076923078,9.285714285714286,18.571428571428573,0.49523809523809526,,,,,,,106.0,6.082857142857143,0.003861003861003861,38.61003861003861,3.0,747.0,0.004016064257028112,,,,,,,0.22641509433962265,0.3694222639736966,0.040160642570281006,,0,0,0,0,0,0,,0.22641509433962265,,,,
2026-06-30,2,SH007,黄浦区第3支行,综合支行,黄浦区,0,7,14,123,205,126,6.73,18.56,1,0,7,4.676,0.2904,454,0.7290748898678414,0.008130081300813009,0.0,0.056910569105691054,8.785714285714286,17.571428571428573,0.46857142857142864,,,,,,,109.0,6.36375,0.0033783783783783786,33.78378378378378,4.0,754.0,0.005305039787798408,,,,,,,0.12844036697247707,0.05755254370457684,0.5702917771883288,,0,0,0,0,0,0,,0.12844036697247707,,,,
2026-07-01,3,SH007,黄浦区第3支行,综合支行,黄浦区,0,7,14,120,200,122,6.47,18.48,0,0,5,4.642,0.28904,442,0.7285067873303167,0.0,0.0,0.041666666666666664,8.571428571428571,17.142857142857142,0.45714285714285713,,,,,,,110.55555555555556,6.404444444444445,0.003906345369760004,30.03003003003003,4.0,762.0,0.005249343832020997,,,,,,,0.08542713567839194,0.010235947258847957,0.3437992125984251,,0,0,0,0,0,0,,0.08542713567839194,,,,
2026-07-02,4,SH007,黄浦区第3支行,综合支行,黄浦区,0,7,15,119,198,122,6.35,15.96,0,0,2,4.646,0.28399,439,0.7289293849658315,0.0,0.0,0.01680672268907563,7.933333333333334,17.0,0.4533333333333333,,,,,,,111.5,6.411,0.003515710832784004,27.027027027027025,1.0,770.0,0.0012987012987012987,,,,,,,0.06726457399103139,-0.009514896272032437,-0.6306006493506494,,0,0,0,0,0,0,,0.06726457399103139,,,,
2026-07-03,5,SH007,黄浦区第3支行,综合支行,黄浦区,0,7,14,125,208,128,7.48,18.95,0,0,2,4.64,0.28569,461,0.7288503253796096,0.0,0.0,0.016,8.928571428571429,17.857142857142858,0.4761904761904762,,,,,,,112.18181818181819,6.405454545454545,0.003196100757076367,24.570024570024568,1.0,779.0,0.0012836970474967907,,,,,,,0.11426256077795781,0.16775475447062171,-0.5983552631578948,,0,0,0,0,0,0,,0.11426256077795781,,,,
2026-07-04,6,SH007,黄浦区第3支行,综合支行,黄浦区,0,7,14,135,226,139,8.21,24.54,0,0,4,4.629,0.28813,500,0.73,0.0,0.0,0.02962962962962963,9.642857142857142,19.285714285714285,0.5142857142857142,,,,,,,113.25,6.495,0.002929759027320003,22.52252252252252,1.0,789.0,0.0012674271229404308,,,,,,,0.19205298013245034,0.26404926866820644,-0.5673954372623574,,0,0,0,0,0,0,,0.19205298013245034,,,,
2026-07-05,7,SH007,黄浦区第3支行,综合支行,黄浦区,0,7,14,40,67,41,3.56,8.44,0,0,0,4.547,0.29071,148,0.7297297297297297,0.0,0.0,0.0,2.857142857142857,5.714285714285714,0.1523809523809524,,,,,,,114.92307692307692,6.626923076923077,0.0027043929482953874,20.79002079002079,1.0,792.0,0.0012626262626262627,,,,,,,-0.6519410977242303,-0.46279744631456765,-0.5331202651515151,,0,0,0,0,0,0,,-0.6519410977242303,,,,
2026-07-06,1,SH007,黄浦区第3支行,综合支行,黄浦区,0,7,13,140,234,144,8.87,23.19,0,0,1,4.721,0.29884000000000005,518,0.7297297297297297,0.0,0.0,0.007142857142857143,10.76923076923077,20.0,0.5333333333333333,127.5,8.065,0.0,0.0,0.729301948051948,0.29226,109.57142857142857,6.407857142857144,0.002511222023417146,19.305019305019304,1.0,802.0,0.0012468827930174563,0.09803921568627451,0.09981401115933042,,,0.0005865631909037617,0.0225141996852119,0.2777053455019557,0.3842381005462041,-0.5034756857855363,0.0,0,0,0,0,0,0,0.09803921568627451,0.2777053455019557,,0.729301948051948,8.065,0.29226
2026-07-07,2,SH007,黄浦区第3支行,综合支行,黄浦区,0,7,14,131,220,135,7.6,20.92,0,0,2,4.631,0.2886,486,0.7304526748971193,0.0,0.0,0.015267175572519083,9.357142857142858,18.714285714285715,0.4990476190476191,119.5,7.07,0.0040650406504065045,0.0,0.7293393097357855,0.2935,111.6,6.572,0.0023438072218560026,18.01801801801802,0.0,810.0,0.0,0.09623430962343096,0.07496463932107487,-1.0,,0.0015265393575688258,-0.01669505962521281,0.17383512544802873,0.15642118076688977,-1.0,0.0,0,0,0,0,0,0,0.09623430962343096,0.17383512544802873,,0.7293393097357855,7.07,0.2935
2026-07-08,3,SH007,黄浦区第3支行,综合支行,黄浦区,0,7,15,127,212,130,7.67,23.6,0,0,3,4.625,0.28189000000000003,469,0.7292110874200426,0.0,0.0,0.023622047244094488,8.466666666666667,18.142857142857142,0.4838095238095238,116.0,6.415,0.0,0.0,0.7293136346290138,0.29543,112.8125,6.63625,0.0021973192704900025,16.89189189189189,0.0,817.0,0.0,0.09482758620689655,0.19563522992985188,,,-0.00014060783194235174,-0.04583149984767964,0.1257617728531856,0.15577321529478236,-1.0,0.0,0,0,0,0,1,0,0.09482758620689655,0.1257617728531856,,0.7293136346290138,6.415,0.29543
2026-07-09,4,SH007,黄浦区第3支行,综合支行,黄浦区,0,7,15,125,209,128,8.09,23.31,0,0,1,4.619,0.27771,462,0.7294372294372294,0.0,0.0,0.008,8.333333333333334,17.857142857142858,0.4761904761904762,115.0,6.119999999999999,0.013513513513513514,0.0,0.7287678709670233,0.283685,113.6470588235294,6.697058823529411,0.0020680651957552965,15.89825119236884,0.0,823.0,0.0,0.08695652173913043,0.32189542483660144,-1.0,,0.0009184796652985179,-0.02106209351922029,0.099896480331263,0.2079929732103646,-1.0,0.0,0,0,0,0,2,0,0.08695652173913043,0.099896480331263,,0.7287678709670233,6.119999999999999,0.283685
2026-07-10,5,SH007,黄浦区第3支行,综合支行,黄浦区,0,7,14,130,217,133,7.8,23.5,0,0,3,4.572,0.30018,480,0.7291666666666666,0.0,0.0,0.023076923076923078,9.285714285714286,18.571428571428573,0.49523809523809526,120.5,6.705,0.0,0.0,0.7285937809567837,0.28254500000000005,114.27777777777777,6.774444444444445,0.001953172684880002,15.015015015015015,0.0,828.0,0.0,0.07883817427385892,0.16331096196868006,,,0.0007862895962831148,0.06241483657470475,0.13757899854156544,0.15138592750533042,-1.0,0.0,0,0,0,0,3,0,0.07883817427385892,0.13757899854156544,,0.7285937809567837,6.705,0.28254500000000005
2026-07-11,6,SH007,黄浦区第3支行,综合支行,黄浦区,0,7,14,314,219,134,69.68,139.42,1,0,5,3.0,0.28949,667,0.5292353823088456,0.0031847133757961785,0.0,0.01592356687898089,22.428571428571427,44.857142857142854,1.196190476190476,130.0,7.65,0.0,0.0,0.7297186147186148,0.284905,115.10526315789474,6.82842105263158,0.0018503741225178968,14.22475106685633,1.0,1007.0,0.0009930486593843098,1.4153846153846155,8.108496732026145,,,-0.2747404662098103,0.016093083659465456,1.7279378143575674,9.20440881763527,-0.4633254716981133,0.0,0,1,0,1,4,0,1.4153846153846155,1.7279378143575674,,0.7297186147186148,7.65,0.284905
2026-07-12,7,SH007,黄浦区第3支行,综合支行,黄浦区,0,7,14,92,64,39,6.63,13.3,0,0,1,4.615,0.28537,195,0.5282051282051282,0.0,0.0,0.010869565217391304,6.571428571428571,13.142857142857142,0.35047619047619044,38.5,2.83,0.0,135.13513513513513,0.7298283685145,0.29129000000000005,125.05,9.971,0.001917091085181811,13.513513513513512,1.0,1059.0,0.0009442870632672333,1.3896103896103895,1.342756183745583,,-1.0,-0.276261171814625,-0.02032338906244648,-0.2642942822870851,-0.3350717079530639,-0.5074375596620752,-135.13513513513513,0,2,0,1,5,0,1.3896103896103895,-0.2642942822870851,-1.0,0.7298283685145,2.83,0.29129000000000005
2026-07-13,1,SH007,黄浦区第3支行,综合支行,黄浦区,0,7,15,140,234,143,9.19,18.94,1,0,8,4.584,0.28543,517,0.7292069632495164,0.007142857142857143,0.0,0.05714285714285714,9.333333333333334,20.0,0.5333333333333333,130.0,8.33,0.0,0.0,0.7294372294372294,0.29421,123.47619047619048,9.811904761904762,0.0018258010335064866,12.87001287001287,2.0,1059.0,0.0018885741265344666,0.07692307692307693,0.10324129651860738,,,-0.0003156764947282712,-0.02984262941436392,0.13382182799845735,-0.06338267410822619,0.034381124709642115,0.0,0,2,0,1,4,0,0.07692307692307693,0.13382182799845735,,0.7294372294372294,8.33,0.29421
2026-07-14,2,SH007,黄浦区第3支行,综合支行,黄浦区,0,7,15,130,216,133,7.68,21.5,0,0,4,4.624,0.28671,479,0.7286012526096033,0.0,0.0,0.03076923076923077,8.666666666666666,18.571428571428573,0.49523809523809526,123.0,7.41,0.0,0.0,0.7296037296037297,0.2904,124.19047619047619,9.878095238095238,0.0021659370879282555,12.87001287001287,2.0,1058.0,0.001890359168241966,0.056910569105691054,0.036437246963562694,,,-0.0013740020143137742,-0.012706611570247835,0.046779141104294486,-0.22252217508677208,-0.12723265196492067,0.0,0,2,0,0,3,0,0.056910569105691054,0.046779141104294486,,0.7296037296037297,7.41,0.2904
2026-07-15,3,SH007,黄浦区第3支行,综合支行,黄浦区,0,7,14,124,207,127,7.64,22.65,0,0,5,4.606,0.27717,458,0.7292576419213974,0.0,0.0,0.04032258064516129,8.857142857142858,17.714285714285715,0.4723809523809524,120.0,6.47,0.0,0.0,0.7292110874200426,0.28904,124.85714285714286,9.89095238095238,0.0021659370879282555,12.87001287001287,2.0,1055.0,0.0018957345971563982,0.03333333333333333,0.18083462132921174,,,6.384228402167245e-05,-0.04106698034874063,-0.006864988558352435,-0.22757691011506417,-0.12475084907951287,0.0,0,2,0,0,3,0,0.03333333333333333,-0.006864988558352435,,0.7292110874200426,6.47,0.28904
2026-07-16,4,SH007,黄浦区第3支行,综合支行,黄浦区,0,7,15,121,201,123,7.03,19.19,0,0,6,4.682,0.29283000000000003,445,0.7280898876404495,0.0,0.0,0.049586776859504134,8.066666666666666,17.285714285714285,0.46095238095238095,119.0,6.35,0.0,0.0,0.7289293849658315,0.28338,125.42857142857143,9.951904761904762,0.0021659370879282555,12.87001287001287,2.0,1051.0,0.0019029495718363464,0.01680672268907563,0.10708661417322844,,,-0.0011516853932584607,0.03334744865551561,-0.03530751708428247,-0.29360256471601515,-0.12141973908552431,0.0,0,1,0,0,2,0,0.01680672268907563,-0.03530751708428247,,0.7289293849658315,6.35,0.28338
2026-07-17,5,SH007,黄浦区第3支行,综合支行,黄浦区,0,7,15,124,207,127,7.17,21.66,0,0,1,4.667,0.28285000000000005,458,0.7292576419213974,0.0,0.0,0.008064516129032258,8.266666666666667,17.714285714285715,0.4723809523809524,125.0,7.48,0.0,0.0,0.7288503253796096,0.28569,125.9047619047619,10.006190476190476,0.0008789358009269682,12.87001287001287,2.0,1045.0,0.0019138755980861245,-0.008,-0.04144385026737974,,,0.0005588479933457993,-0.009940844971822443,-0.015128593040847148,-0.2834435825441393,1.1774919124555614,0.0,0,0,0,0,1,0,-0.008,-0.015128593040847148,,0.7288503253796096,7.48,0.28569
2026-07-18,6,SH007,黄浦区第3支行,综合支行,黄浦区,0,7,14,132,221,135,7.12,19.16,1,0,7,4.559,0.28404,488,0.7295081967213115,0.007575757575757576,0.0,0.05303030303030303,9.428571428571429,18.857142857142858,0.5028571428571429,135.0,8.21,0.0,0.0,0.7294372294372294,0.28813,126.28571428571429,10.065238095238096,0.0008789358009269682,12.87001287001287,2.0,863.0,0.002317497103128621,-0.022222222222222223,-0.1327649208282583,,,9.729046067037289e-05,-0.014194981431992442,0.04524886877828049,-0.29261484600463644,1.6367080515829218,0.0,0,0,0,0,1,1,-0.022222222222222223,0.04524886877828049,,0.7294372294372294,8.21,0.28813
2026-07-19,7,SH007,黄浦区第3支行,综合支行,黄浦区,0,7,14,38,64,39,3.26,8.69,0,0,0,4.557,0.29281,141,0.7304964539007093,0.0,0.0,0.0,2.7142857142857144,5.428571428571429,0.14476190476190476,40.0,3.56,0.0,0.0,0.7297297297297297,0.29071,126.61904761904762,10.066666666666666,0.001239686161677329,12.87001287001287,2.0,809.0,0.002472187886279357,-0.05,-0.08426966292134838,,,0.0010506960861571752,0.007223693715386436,-0.6998871756299361,-0.676158940397351,0.9942046323518042,0.0,0,0,0,0,1,1,-0.05,-0.6998871756299361,,0.7297297297297297,3.56,0.29071
2026-07-20,1,SH007,黄浦区第3支行,综合支行,黄浦区,0,7,15,133,221,136,8.06,16.73,0,0,3,4.652,0.29519,490,0.7285714285714285,0.0,0.0,0.022556390977443608,8.866666666666667,19.0,0.5066666666666667,135.0,8.6,0.0,0.0,0.7293220963433729,0.29226,126.66666666666667,10.121904761904762,0.001239686161677329,0.0,1.0,802.0,0.0012468827930174563,-0.014814814814814815,-0.06279069767441851,,,-0.0010292678306443382,0.010025319920618586,0.04999999999999996,-0.20370718855852463,0.00580520422232526,0.0,0,0,0,0,0,1,-0.014814814814814815,0.04999999999999996,,0.7293220963433729,8.6,0.29226
2026-07-21,2,SH007,黄浦区第3支行,综合支行,黄浦区,0,7,13,123,205,126,7.3,15.56,0,0,2,4.539,0.27962000000000004,454,0.7290748898678414,0.0,0.0,0.016260162601626018,9.461538461538462,17.571428571428573,0.46857142857142864,126.5,7.505,0.0,0.0,0.7293393097357855,0.2895,126.80952380952381,10.10904761904762,0.001239686161677329,0.0,1.0,795.0,0.0012578616352201257,-0.02766798418972332,-0.0273151232511659,,,-0.0003625471223262481,-0.034127806563039535,-0.03004130679684567,-0.2778746054924868,0.014661350674597281,0.0,0,0,0,0,0,1,-0.02766798418972332,-0.03004130679684567,,0.7293393097357855,7.505,0.2895
2026-07-22,3,SH007,黄浦区第3支行,综合支行,黄浦区,0,7,14,118,197,121,7.77,24.56,1,0,5,4.508,0.30424,436,0.7293577981651376,0.00847457627118644,0.0,0.0423728813559322,8.428571428571429,16.857142857142858,0.44952380952380955,122.0,7.055,0.0,0.0,0.72923436467072,0.285465,126.80952380952381,10.136190476190475,0.0008525394330671857,0.0,2.0,789.0,0.0025348542458808617,-0.03278688524590164,0.10134656272147412,,,0.00016926450589489702,0.06576988422398537,-0.0694705219677056,-0.23343981959973684,1.9732985332551751,0.0,0,0,0,0,0,1,-0.03278688524590164,-0.0694705219677056,,0.72923436467072,7.055,0.285465
2026-07-23,4,SH007,黄浦区第3支行,综合支行,黄浦区,0,7,14,116,194,119,6.23,13.29,0,0,2,4.674,0.28887,429,0.7296037296037297,0.0,0.0,0.017241379310344827,8.285714285714286,16.571428571428573,0.44190476190476197,120.0,6.6899999999999995,0.0,0.0,0.7287678709670233,0.283685,126.71428571428571,10.198095238095238,0.0012560906840760637,0.0,2.0,784.0,0.002551020408163265,-0.03333333333333333,-0.06875934230194307,,,0.0011469477044826308,0.01827731462713924,-0.08455467869222093,-0.3891016062756817,1.0309205700699122,0.0,0,0,0,0,0,0,-0.03333333333333333,-0.08455467869222093,,0.7287678709670233,6.6899999999999995,0.283685
2026-07-24,5,SH007,黄浦区第3支行,综合支行,黄浦区,0,7,15,121,201,123,7.1,21.85,1,0,6,4.586,0.27322,445,0.7280898876404495,0.008264462809917356,0.0,0.049586776859504134,8.066666666666666,17.285714285714285,0.46095238095238095,124.5,7.325,0.0,0.0,0.7290084960231381,0.28427,126.57142857142857,10.192380952380953,0.0012560906840760637,0.0,3.0,781.0,0.0038412291933418692,-0.028112449799196786,-0.030716723549488126,,,-0.001260079118007275,-0.038871495409293993,-0.044018058690744905,-0.30340123341431513,2.0580827021795347,0.0,0,0,0,0,0,0,-0.028112449799196786,-0.044018058690744905,,0.7290084960231381,7.325,0.28427
2026-07-25,6,SH007,黄浦区第3支行,综合支行,黄浦区,0,7,14,130,217,133,8.55,18.31,0,0,1,4.676,0.31167,480,0.7291666666666666,0.0,0.0,0.007692307692307693,9.285714285714286,18.571428571428573,0.49523809523809526,133.5,7.665000000000001,0.0015923566878980893,0.0,0.7294727130792704,0.28608500000000003,126.38095238095238,10.174285714285714,0.0016496365321673663,0.0,2.0,779.0,0.0025673940949935813,-0.026217228464419477,0.1154598825831702,-1.0,,-0.00041954470279209914,0.08943146267717625,0.028636021100226085,-0.1596461668070766,0.5563392571213394,0.0,0,0,0,0,0,0,-0.026217228464419477,0.028636021100226085,,0.7294727130792704,7.665000000000001,0.28608500000000003
2026-07-26,7,SH007,黄浦区第3支行,综合支行,黄浦区,0,7,13,38,64,39,2.65,7.28,0,0,0,4.536,0.30768,141,0.7304964539007093,0.0,0.0,0.0,2.923076923076923,5.428571428571429,0.14476190476190476,39.0,3.41,0.0,0.0,0.7298283685145,0.29129000000000005,126.14285714285714,10.19047619047619,0.0016496365321673663,0.0,2.0,779.0,0.0025673940949935813,-0.02564102564102564,-0.22287390029325518,,,0.0009154006819016298,0.05626695046173901,-0.6987542468856172,-0.7399532710280373,0.5563392571213394,0.0,0,0,0,0,0,1,-0.02564102564102564,-0.6987542468856172,,0.7298283685145,3.41,0.29129000000000005
2026-07-27,1,SH007,黄浦区第3支行,综合支行,黄浦区,0,7,13,134,224,137,7.57,16.79,0,0,1,4.622,0.28222,495,0.7292929292929293,0.0,0.0,0.007462686567164179,10.307692307692308,19.142857142857142,0.5104761904761904,136.5,8.6,0.0,0.0,0.7291868149580916,0.2947,126.04761904761905,10.147142857142857,0.0016496365321673663,0.0,2.0,780.0,0.002564102564102564,-0.018315018315018316,-0.11976744186046505,,,0.0001455242095180476,-0.04234815066168982,0.0630902908953532,-0.2539771927354638,0.5543439503814404,0.0,0,0,0,0,0,1,-0.018315018315018316,0.0630902908953532,,0.7291868149580916,8.6,0.2947
2026-07-28,2,SH007,黄浦区第3支行,综合支行,黄浦区,0,7,15,126,211,129,7.68,20.69,1,0,4,4.553,0.29939000000000004,466,0.7296137339055794,0.007936507936507936,0.0,0.031746031746031744,8.4,18.0,0.48,126.5,7.449999999999999,0.0,0.0,0.7290748898678414,0.287655,125.76190476190476,10.085238095238095,0.0016496365321673663,0.0,3.0,783.0,0.0038314176245210726,-0.003952569169960474,0.03087248322147657,,,0.0007390791333324315,0.04079539726408389,0.0018932222642938496,-0.23849095802445822,1.3225829143630716,0.0,0,0,0,0,0,1,-0.003952569169960474,0.0018932222642938496,,0.7290748898678414,7.449999999999999,0.287655
2026-07-29,3,SH007,黄浦区第3支行,综合支行,黄浦区,0,7,13,123,205,126,6.34,13.41,0,0,5,4.553,0.28104,454,0.7290748898678414,0.0,0.0,0.04065040650406504,9.461538461538462,17.571428571428573,0.46857142857142864,122.0,7.654999999999999,0.0,0.0,0.72923436467072,0.285465,125.52380952380952,10.08904761904762,0.002027565481524887,0.0,2.0,788.0,0.0025380710659898475,0.00819672131147541,-0.1717831482691051,,,-0.00021868799744592305,-0.015501024644001934,-0.020106221547799653,-0.37159578987114744,0.25178253877207485,0.0,0,0,0,0,0,2,0.00819672131147541,-0.020106221547799653,,0.72923436467072,7.654999999999999,0.285465
2026-07-30,4,SH007,黄浦区第3支行,综合支行,黄浦区,0,7,15,122,204,125,7.05,17.59,0,0,1,4.628,0.29329000000000005,451,0.729490022172949,0.0,0.0,0.00819672131147541,8.133333333333333,17.428571428571427,0.4647619047619047,120.0,6.6899999999999995,0.0,0.0,0.7291833072015305,0.28643,125.33333333333333,10.025714285714287,0.002027565481524887,0.0,2.0,794.0,0.0025188916876574307,0.016666666666666666,0.05381165919282516,,,0.0004206280758066957,0.023950005236881726,-0.026595744680851026,-0.29680820746651476,0.2423232248770718,0.0,0,0,0,0,0,2,0.016666666666666666,-0.026595744680851026,,0.7291833072015305,6.6899999999999995,0.28643
2026-07-31,5,SH007,黄浦区第3支行,综合支行,黄浦区,0,7,14,128,214,131,8.38,24.06,1,0,6,4.614,0.29221,473,0.7293868921775899,0.0078125,0.0,0.046875,9.142857142857142,18.285714285714285,0.4876190476190476,124.5,7.325,0.0,0.0,0.7290084960231381,0.28427,125.19047619047619,9.976190476190476,0.002027565481524887,0.0,2.0,801.0,0.0024968789013732834,0.028112449799196786,0.14402730375426628,,,0.0005190558910026445,0.02793119217645197,0.02244199315329023,-0.15999999999999992,0.23146646760598633,0.0,0,0,0,0,1,1,0.028112449799196786,0.02244199315329023,,0.7290084960231381,7.325,0.28427
2026-08-01,6,SH007,黄浦区第3支行,综合支行,黄浦区,0,7,15,138,231,141,9.22,24.92,0,0,3,4.63,0.2878,510,0.7294117647058823,0.0,0.0,0.021739130434782608,9.2,19.714285714285715,0.5257142857142857,133.5,8.38,0.0015923566878980893,0.0,0.7293374316939891,0.28881,125.0952380952381,10.003809523809522,0.0023995892910486966,0.0,2.0,809.0,0.002472187886279357,0.033707865168539325,0.10023866348448685,-1.0,,0.00010191854779829649,-0.003497108825871718,0.10315949752569464,-0.07835110434120315,0.030254592109357412,0.0,0,0,0,0,1,1,0.033707865168539325,0.10315949752569464,,0.7293374316939891,8.38,0.28881
2026-08-02,7,SH007,黄浦区第3支行,综合支行,黄浦区,0,7,15,41,68,42,3.5300000000000002,10.29,1,0,0,4.608,0.27354,151,0.7284768211920529,0.024390243902439025,0.0,0.0,2.7333333333333334,5.857142857142857,0.15619047619047619,39.0,3.41,0.0,0.0,0.7301130918152194,0.29176,116.71428571428571,7.124761904761904,0.0022479362731536406,0.0,3.0,812.0,0.003694581280788177,0.05128205128205128,0.03519061583577716,,,-0.002241119412197349,-0.06244858788044973,-0.6487148102815178,-0.5045448469455954,0.643543602597342,0.0,0,0,0,0,1,1,0.05128205128205128,-0.6487148102815178,,0.7301130918152194,3.41,0.29176
2026-08-03,1,SH007,黄浦区第3支行,综合支行,黄浦区,0,7,14,144,240,147,10.32,30.1,0,0,6,4.661,0.31035,531,0.7288135593220338,0.0,0.0,0.041666666666666664,10.285714285714286,20.571428571428573,0.5485714285714286,137.0,8.465,0.0,0.0,0.7292499462712229,0.29031,114.28571428571429,6.977142857142856,0.00340937645898407,0.0,3.0,822.0,0.0036496350364963502,0.051094890510948905,0.21913762551683408,,,-0.0005984051852459306,0.06902965795184458,0.25999999999999995,0.4791154791154794,0.07046994674911108,0.0,0,0,0,0,2,0,0.051094890510948905,0.25999999999999995,,0.7292499462712229,8.465,0.29031
2026-08-04,2,SH007,黄浦区第3支行,综合支行,黄浦区,0,7,14,135,226,139,7.63,19.23,0,0,3,4.575,0.29847,500,0.73,0.0,0.0,0.022222222222222223,9.642857142857142,19.285714285714285,0.5142857142857142,128.0,7.64,0.0,0.0,0.7293443118867105,0.287655,114.47619047619048,7.030952380952381,0.003069240404562301,0.0,2.0,831.0,0.0024067388688327317,0.0546875,-0.0013089005235601815,,,0.0008990103886508139,0.03759712155185906,0.17928452579034937,0.08520149001015916,-0.2158519530580882,0.0,0,0,0,0,2,0,0.0546875,0.17928452579034937,,0.7293443118867105,7.64,0.287655
2026-08-05,3,SH007,黄浦区第3支行,综合支行,黄浦区,0,7,16,132,220,135,7.17,21.35,0,0,4,4.721,0.30368,487,0.728952772073922,0.0,0.0,0.030303030303030304,8.25,18.857142857142858,0.5028571428571429,123.5,7.654999999999999,0.0,0.0,0.72923436467072,0.281465,114.71428571428571,7.028571428571429,0.003069240404562301,0.0,2.0,840.0,0.002380952380952381,0.06882591093117409,-0.06335728282168511,,,-0.0003861482815955931,0.07892633187074763,0.1506849315068494,0.02012195121951207,-0.22425353927532293,0.0,0,0,0,0,1,0,0.06882591093117409,0.1506849315068494,,0.72923436467072,7.654999999999999,0.281465
2026-08-06,4,SH007,黄浦区第3支行,综合支行,黄浦区,0,7,14,130,218,133,8.43,24.52,0,0,3,4.591,0.30149000000000004,481,0.7297297297297297,0.0,0.0,0.023076923076923078,9.285714285714286,18.571428571428573,0.49523809523809526,121.5,7.04,0.0,0.0,0.7294636258050893,0.29085000000000005,115.0952380952381,7.006190476190476,0.003069240404562301,0.0,2.0,848.0,0.0023584905660377358,0.06995884773662552,0.19744318181818177,,,0.0003647939598725647,0.036582430806257456,0.12949937939594533,0.20322164072588872,-0.23157190211234827,0.0,0,0,0,0,2,0,0.06995884773662552,0.12949937939594533,,0.7294636258050893,7.04,0.29085000000000005
2026-08-07,5,SH007,黄浦区第3支行,综合支行,黄浦区,0,7,14,136,227,139,7.86,20.28,1,0,7,4.668,0.29446,502,0.7290836653386454,0.007352941176470588,0.0,0.051470588235294115,9.714285714285714,19.428571428571427,0.518095238095238,126.0,7.484999999999999,0.00390625,0.0,0.729212154294032,0.28753000000000006,115.52380952380952,7.072857142857143,0.003069240404562301,0.0,2.0,856.0,0.002336448598130841,0.07936507936507936,0.05010020040080172,0.8823529411764706,,-0.0001762024324881462,0.02410183285222389,0.17724649629018968,0.11129064835386794,-0.2387534731206441,0.0,0,0,0,0,2,0,0.07936507936507936,0.17724649629018968,,0.729212154294032,7.484999999999999,0.28753000000000006
2026-08-08,6,SH007,黄浦区第3支行,综合支行,黄浦区,0,7,13,147,245,150,8.42,19.84,0,0,3,4.579,0.27384000000000003,542,0.7287822878228782,0.0,0.0,0.02040816326530612,11.307692307692308,21.0,0.56,135.0,8.885000000000002,0.0015923566878980893,0.0,0.7292892156862745,0.28864500000000004,116.0952380952381,7.105714285714287,0.00341938046058471,0.0,2.0,865.0,0.0023121387283236996,0.08888888888888889,-0.05233539673607221,-1.0,,-0.0006950985322321068,-0.05129137868315755,0.26620180475799826,0.18496180136710877,-0.3238135519063221,0.0,0,0,0,0,1,0,0.08888888888888889,0.26620180475799826,,0.7292892156862745,8.885000000000002,0.28864500000000004
2026-08-09,7,SH007,黄浦区第3支行,综合支行,黄浦区,0,7,14,43,72,44,4.06,10.76,1,0,4,4.586,0.30022000000000004,159,0.7295597484276729,0.023255813953488372,0.0,0.09302325581395349,3.0714285714285716,6.142857142857143,0.16380952380952382,39.5,3.395,0.0,0.0,0.7294866375463811,0.28909,116.80952380952381,7.1676190476190484,0.0030586300998343497,0.0,2.0,867.0,0.002306805074971165,0.08860759493670886,0.1958762886597937,,,0.00010022237218451616,0.03850012106956321,-0.6318793314309009,-0.4335636460271062,-0.24580449427470888,0.0,0,0,0,0,2,0,0.08860759493670886,-0.6318793314309009,,0.7294866375463811,3.395,0.28909
2026-08-10,1,SH007,黄浦区第3支行,综合支行,黄浦区,0,7,13,149,250,153,8.65,25.51,1,0,5,4.535,0.28691,552,0.730072463768116,0.006711409395973154,0.0,0.03355704697986577,11.461538461538462,21.285714285714285,0.5676190476190476,137.0,8.625,0.0,0.0,0.7290102612857752,0.29031,117.04761904761905,7.2057142857142855,0.004166049811905225,0.0,3.0,872.0,0.0034403669724770644,0.08759124087591241,0.0028985507246377224,,,0.0014570473678482319,-0.011711618614584458,0.2729861676159479,0.20043616177636805,-0.17418966939722935,0.0,0,0,0,0,2,0,0.08759124087591241,0.2729861676159479,,0.7290102612857752,8.625,0.29031
2026-08-11,2,SH007,黄浦区第3支行,综合支行,黄浦区,0,7,13,139,232,142,8.63,23.41,0,0,2,4.73,0.29769,513,0.7290448343079922,0.0,0.0,0.014388489208633094,10.692307692307692,19.857142857142858,0.5295238095238095,128.0,7.654999999999999,0.0,0.0,0.7293443118867105,0.29259,117.80952380952381,7.233809523809524,0.004485640735522994,0.0,3.0,876.0,0.003424657534246575,0.0859375,0.12736773350751163,,,-0.0004106120714694845,0.017430534194606766,0.17987065481002423,0.19300901849779487,-0.2365287957357369,0.0,0,0,0,0,2,0,0.0859375,0.17987065481002423,,0.7293443118867105,7.654999999999999,0.29259
2026-08-12,3,SH007,黄浦区第3支行,综合支行,黄浦区,0,7,13,133,223,136,8.74,18.69,0,0,4,4.638,0.27455,492,0.7296747967479674,0.0,0.0,0.03007518796992481,10.23076923076923,19.0,0.5066666666666667,123.5,7.404999999999999,0.0,0.0,0.7291662658946194,0.29236,118.57142857142857,7.297142857142857,0.004485640735522994,0.0,3.0,877.0,0.0034207525655644243,0.07692307692307693,0.18028359216745454,,,0.0006974141250543045,-0.06091804624435625,0.12168674698795183,0.1977290524667189,-0.23739934442931068,0.0,0,0,0,0,3,0,0.07692307692307693,0.12168674698795183,,0.7291662658946194,7.404999999999999,0.29236
2026-08-13,4,SH007,黄浦区第3支行,综合支行,黄浦区,0,7,15,130,217,133,8.75,20.72,2,0,8,4.622,0.28009,480,0.7291666666666666,0.015384615384615385,0.0,0.06153846153846154,8.666666666666666,18.571428571428573,0.49523809523809526,121.5,7.04,0.0,0.0,0.7295468758883393,0.29306000000000004,119.28571428571429,7.343333333333334,0.004082089484514116,0.0,5.0,877.0,0.005701254275940707,0.06995884773662552,0.24289772727272727,,,-0.0005211580423941028,-0.04425714870674959,0.08982035928143707,0.191556967771221,0.3966509792519449,0.0,0,0,0,1,4,0,0.06995884773662552,0.08982035928143707,,0.7295468758883393,7.04,0.29306000000000004
2026-08-14,5,SH007,黄浦区第3支行,综合支行,黄浦区,0,7,15,134,224,137,7.94,21.46,0,0,4,4.6690000000000005,0.29755000000000004,495,0.7292929292929293,0.0,0.0,0.029850746268656716,8.933333333333334,19.142857142857142,0.5104761904761904,126.0,7.515000000000001,0.007582720588235294,0.0,0.7291706536300214,0.28753000000000006,119.95238095238095,7.463333333333334,0.004814690217114849,0.0,4.0,875.0,0.004571428571428572,0.06349206349206349,0.0565535595475715,-1.0,,0.00016769142079316662,0.03484853754390836,0.11710996427153636,0.06386779812416256,-0.05052488004764069,0.0,0,0,0,0,3,0,0.06349206349206349,0.11710996427153636,,0.7291706536300214,7.515000000000001,0.28753000000000006
2026-08-15,6,SH007,黄浦区第3支行,综合支行,黄浦区,0,7,15,143,239,146,7.57,20.59,0,0,0,4.677,0.27639,528,0.7291666666666666,0.0,0.0,0.0,9.533333333333333,20.428571428571427,0.5447619047619047,135.0,8.485,0.0,0.0,0.7292892156862745,0.28592,120.57142857142857,7.503333333333335,0.004421144369023545,0.0,4.0,871.0,0.004592422502870264,0.05925925925925926,-0.10783736004714192,,,-0.00016803898504452974,-0.03333100167879121,0.1860189573459716,0.008884940026654669,0.03874067878144123,0.0,0,0,0,0,3,0,0.05925925925925926,0.1860189573459716,,0.7292892156862745,8.485,0.28592
2026-08-16,7,SH007,黄浦区第3支行,综合支行,黄浦区,0,7,14,42,69,42,3.27,7.93,0,0,1,4.5969999999999995,0.28425,153,0.7254901960784313,0.0,0.0,0.023809523809523808,3.0,6.0,0.16,39.5,3.395,0.011627906976744186,0.0,0.7300281011641911,0.29651500000000003,121.19047619047619,7.456666666666667,0.004421144369023545,0.0,3.0,870.0,0.0034482758620689655,0.06329113924050633,-0.036818851251840944,-1.0,,-0.0062160690506613435,-0.04136384331315456,-0.6534381139489195,-0.561466249441216,-0.2200490248115213,0.0,0,0,0,0,2,0,0.06329113924050633,-0.6534381139489195,,0.7300281011641911,3.395,0.29651500000000003
2026-08-17,1,SH007,黄浦区第3支行,综合支行,黄浦区,0,7,14,143,238,146,8.17,19.65,2,0,10,4.591,0.28884000000000004,527,0.7286527514231499,0.013986013986013986,0.0,0.06993006993006994,10.214285714285714,20.428571428571427,0.5447619047619047,139.0,8.355,0.0,0.0,0.7290532443074815,0.29105000000000003,121.38095238095238,7.486190476190477,0.004421144369023545,0.0,4.0,864.0,0.004629629629629629,0.02877697841726619,-0.022142429682824715,,,-0.0005493328333132392,-0.007593197045181205,0.17810906237740293,0.09134278989886127,0.04715640187342041,0.0,0,0,0,0,1,0,0.02877697841726619,0.17810906237740293,,0.7290532443074815,8.355,0.29105000000000003
2026-08-18,2,SH007,黄浦区第3支行,综合支行,黄浦区,0,7,14,132,220,135,6.52,20.1,0,0,3,4.655,0.30301,487,0.728952772073922,0.0,0.0,0.022727272727272728,9.428571428571429,18.857142857142858,0.5028571428571429,130.5,7.654999999999999,0.0,0.0,0.7293443118867105,0.29808,121.80952380952381,7.5147619047619045,0.005087145035024211,0.0,4.0,857.0,0.004667444574095682,0.011494252873563218,-0.14826910516002612,,,-0.0005368380974626942,0.016539184111647846,0.0836591086786552,-0.13237437424751286,-0.08250216143612105,0.0,0,0,0,0,0,1,0.011494252873563218,0.0836591086786552,,0.7293443118867105,7.654999999999999,0.29808
2026-08-19,3,SH007,黄浦区第3支行,综合支行,黄浦区,0,7,14,126,211,129,7.65,19.45,1,0,4,4.618,0.28761000000000003,466,0.7296137339055794,0.007936507936507936,0.0,0.031746031746031744,9.0,18.0,0.48,127.5,7.47,0.0,0.0,0.7292163440164895,0.29236,122.0952380952381,7.45952380952381,0.004709216085666691,0.0,5.0,850.0,0.0058823529411764705,-0.011764705882352941,0.024096385542168756,,,0.0005449547207089163,-0.016247092625530087,0.03198127925116999,0.02553463134376,0.24911510412113452,0.0,0,0,0,0,0,1,-0.011764705882352941,0.03198127925116999,,0.7292163440164895,7.47,0.29236
2026-08-20,4,SH007,黄浦区第3支行,综合支行,黄浦区,0,7,13,123,206,126,7.66,19.31,0,0,0,4.609,0.28650000000000003,455,0.7296703296703296,0.0,0.0,0.0,9.461538461538462,17.571428571428573,0.46857142857142864,126.0,7.74,0.0,0.0,0.7295468758883393,0.29108,122.23809523809524,7.521904761904761,0.005087145035024211,0.0,3.0,843.0,0.0035587188612099642,-0.023809523809523808,-0.010335917312661508,,,0.0001692198076237073,-0.015734505977737987,0.006232956758862463,0.01835907824765781,-0.30044871205583246,0.0,0,0,0,0,0,1,-0.023809523809523808,0.006232956758862463,,0.7295468758883393,7.74,0.29108
2026-08-21,5,SH007,黄浦区第3支行,综合支行,黄浦区,0,7,15,127,212,130,7.06,15.61,0,0,3,4.608,0.29884000000000005,469,0.7292110874200426,0.0,0.0,0.023622047244094488,8.466666666666667,18.142857142857142,0.4838095238095238,131.0,7.9,0.007582720588235294,0.0,0.7291882973157874,0.293335,122.28571428571429,7.550952380952382,0.005087145035024211,0.0,3.0,836.0,0.0035885167464114833,-0.030534351145038167,-0.10632911392405073,-1.0,,3.125407297278756e-05,0.018766938824211352,0.03855140186915883,-0.06501860377120536,-0.29459122519505593,0.0,0,0,0,0,0,1,-0.030534351145038167,0.03855140186915883,,0.7291882973157874,7.9,0.293335
2026-08-22,6,SH007,黄浦区第3支行,综合支行,黄浦区,0,7,14,136,227,139,7.48,19.36,1,0,6,4.601,0.29113,502,0.7290836653386454,0.007352941176470588,0.0,0.04411764705882353,9.714285714285714,19.428571428571427,0.518095238095238,140.5,8.485,0.0,0.0,0.7291666666666666,0.282095,122.23809523809524,7.488095238095239,0.004715121225500402,0.0,4.0,829.0,0.0048250904704463205,-0.03202846975088968,-0.11844431349440178,,,-0.00011383039271477864,0.03202821744447798,0.11258278145695362,-0.0010810810810811483,0.02332267606422941,0.0,0,0,0,0,0,1,-0.03202846975088968,0.11258278145695362,,0.7291666666666666,8.485,0.282095
2026-08-23,7,SH007,黄浦区第3支行,综合支行,黄浦区,0,7,13,40,67,41,2.54,5.38,0,0,0,4.493,0.28565,148,0.7297297297297297,0.0,0.0,0.0,3.076923076923077,5.714285714285714,0.1523809523809524,41.5,3.4000000000000004,0.011627906976744186,0.0,0.729018284809863,0.292235,122.14285714285714,7.405238095238096,0.005065261281522811,0.0,4.0,827.0,0.0048367593712212815,-0.03614457831325301,-0.2529411764705883,-1.0,,0.0009758944798652033,-0.022533235238763348,-0.672514619883041,-0.6569995498681758,-0.04511157423113876,0.0,0,0,0,0,0,1,-0.03614457831325301,-0.672514619883041,,0.729018284809863,3.4000000000000004,0.292235
2026-08-24,1,SH007,黄浦区第3支行,综合支行,黄浦区,0,7,14,139,232,142,9.58,22.0,0,0,5,4.582,0.292,513,0.7290448343079922,0.0,0.0,0.03597122302158273,9.928571428571429,19.857142857142858,0.5295238095238095,143.5,8.41,0.003355704697986577,0.0,0.7290532443074815,0.287875,122.0952380952381,7.358095238095238,0.0039038210956923816,0.0,2.0,823.0,0.002430133657351154,-0.0313588850174216,0.13912009512485135,-1.0,,-1.1535507941337963e-05,0.014329135909682987,0.13845553822152878,0.3019673828630598,-0.3774987127272169,0.0,0,0,0,0,1,1,-0.0313588850174216,0.13845553822152878,,0.7290532443074815,8.41,0.287875
2026-08-25,2,SH007,黄浦区第3支行,综合支行,黄浦区,0,7,14,130,217,133,6.93,16.97,0,0,1,4.542,0.27331,480,0.7291666666666666,0.0,0.0,0.007692307692307693,9.285714285714286,18.571428571428573,0.49523809523809526,133.5,7.654999999999999,0.0,0.0,0.7293292841067858,0.29893000000000003,121.85714285714286,7.322857142857143,0.0039038210956923816,0.0,2.0,821.0,0.00243605359317905,-0.026217228464419477,-0.09470934030045718,,,-0.0002229684775626389,-0.08570568360485742,0.06682297772567405,-0.05364806866952795,-0.3759822662295974,0.0,0,0,0,0,1,1,-0.026217228464419477,0.06682297772567405,,0.7293292841067858,7.654999999999999,0.29893000000000003
2026-08-26,3,SH007,黄浦区第3支行,综合支行,黄浦区,0,7,15,126,210,129,7.5600000000000005,18.19,1,0,4,4.66,0.3053,465,0.7290322580645161,0.007936507936507936,0.0,0.031746031746031744,8.4,18.0,0.48,129.0,7.41,0.0,0.0,0.7293443118867105,0.28432500000000005,121.61904761904762,7.289523809523809,0.0039038210956923816,0.0,2.0,821.0,0.00243605359317905,-0.023255813953488372,0.020242914979757134,,,-0.00042785529016755875,0.07377121252088266,0.0360219263899765,0.03710478181343105,-0.3759822662295974,0.0,0,0,0,0,1,1,-0.023255813953488372,0.0360219263899765,,0.7293443118867105,7.41,0.28432500000000005
2026-08-27,4,SH007,黄浦区第3支行,综合支行,黄浦区,0,7,15,124,208,127,7.08,19.53,2,0,4,4.594,0.29401000000000005,459,0.7298474945533769,0.016129032258064516,0.0,0.03225806451612903,8.266666666666667,17.714285714285715,0.4723809523809524,126.5,8.045,0.0,0.0,0.7295801759216394,0.289895,121.33333333333333,7.308095238095238,0.004281750045049902,0.0,4.0,822.0,0.004866180048661801,-0.019762845849802372,-0.11995027967681789,,,0.00036640062402994747,0.014194794667034737,0.021978021978022018,-0.031211311657001403,0.1364932556695021,0.0,0,0,0,0,1,1,-0.019762845849802372,0.021978021978022018,,0.7295801759216394,8.045,0.289895
2026-08-28,5,SH007,黄浦区第3支行,综合支行,黄浦区,0,7,14,130,218,134,8.16,25.8,1,0,11,4.648,0.27303,482,0.7302904564315352,0.007692307692307693,0.0,0.08461538461538462,9.285714285714286,18.571428571428573,0.49523809523809526,131.0,7.9,0.003676470588235294,0.0,0.729252008356486,0.296005,121.04761904761905,7.243809523809524,0.005049799200195832,0.0,5.0,825.0,0.006060606060606061,-0.007633587786259542,0.032911392405063265,1.0923076923076924,,0.0014239906961512777,-0.07761693214641652,0.07395751376868605,0.1264790954509597,0.20016773347562603,0.0,0,0,0,0,1,0,-0.007633587786259542,0.07395751376868605,,0.729252008356486,7.9,0.296005
2026-08-29,6,SH007,黄浦区第3支行,综合支行,黄浦区,0,7,12,142,237,145,8.82,18.78,2,0,9,4.664,0.29368,524,0.7290076335877863,0.014084507042253521,0.0,0.06338028169014084,11.833333333333334,20.285714285714285,0.540952380952381,140.5,7.995,0.0,0.0,0.7291251660026561,0.282095,120.76190476190476,7.258095238095238,0.005065959510473789,0.0,6.0,831.0,0.007220216606498195,0.010676156583629894,0.1031894934333959,,,-0.00016119648635108666,0.04106772541165215,0.17586750788643535,0.2151948563180686,0.42524167269211577,0.0,0,0,0,0,0,0,0.010676156583629894,0.17586750788643535,,0.7291251660026561,7.995,0.282095
2026-08-30,7,SH007,黄浦区第3支行,综合支行,黄浦区,0,7,14,42,70,43,3.59,10.71,0,0,2,4.596,0.29095000000000004,155,0.7290322580645161,0.0,0.0,0.047619047619047616,3.0,6.0,0.16,41.5,3.4000000000000004,0.011627906976744186,0.0,0.729018284809863,0.28495000000000004,120.52380952380952,7.277142857142857,0.005736650322009672,0.0,6.0,833.0,0.007202881152460984,0.012048192771084338,0.05588235294117632,-1.0,,1.9167221103071193e-05,0.021056325671170398,-0.651521137890162,-0.5066745190420102,0.2555900653079479,0.0,0,0,0,0,0,0,0.012048192771084338,-0.651521137890162,,0.729018284809863,3.4000000000000004,0.28495000000000004
2026-08-31,1,SH007,黄浦区第3支行,综合支行,黄浦区,0,7,14,148,247,151,9.75,27.22,0,0,2,4.641,0.30227000000000004,546,0.7289377289377289,0.0,0.0,0.013513513513513514,10.571428571428571,21.142857142857142,0.5638095238095238,143.5,9.115,0.003355704697986577,0.0,0.728929196815013,0.29042,120.47619047619048,7.254761904761905,0.004629230609938796,0.0,6.0,842.0,0.007125890736342043,0.0313588850174216,0.06966538672517825,-1.0,,1.1705008872163221e-05,0.04080297500172174,0.22845849802371537,0.34394486380045947,0.5393250707888704,0.0,0,0,0,0,0,0,0.0313588850174216,0.22845849802371537,,0.728929196815013,9.115,0.29042
2026-09-01,2,SH007,黄浦区第3支行,综合支行,黄浦区,0,7,14,138,230,141,8.45,25.35,2,0,7,4.623,0.29106000000000004,509,0.7288801571709234,0.014492753623188406,0.0,0.050724637681159424,9.857142857142858,19.714285714285715,0.5257142857142857,133.5,7.279999999999999,0.0,0.0,0.7291057504873294,0.29808,120.42857142857143,7.307142857142857,0.0043096396863210274,0.0,8.0,850.0,0.009411764705882352,0.033707865168539325,0.16071428571428573,,,-0.00030941096851211413,-0.02355072463768106,0.14590747330960852,0.15640273704789828,1.1838866798437182,0.0,0,0,0,0,1,0,0.033707865168539325,0.14590747330960852,,0.7291057504873294,7.279999999999999,0.29808
2026-09-02,3,SH007,黄浦区第3支行,综合支行,黄浦区,0,7,14,134,224,138,8.02,19.65,1,0,6,4.668,0.31127000000000005,496,0.7298387096774194,0.007462686567164179,0.0,0.04477611940298507,9.571428571428571,19.142857142857142,0.5104761904761904,129.0,7.605,0.003968253968253968,0.0,0.7293229959850478,0.29564500000000005,120.38095238095238,7.298571428571429,0.0049997708112347605,0.0,8.0,858.0,0.009324009324009324,0.03875968992248062,0.05456936226166984,0.8805970149253732,,0.0007071128912849344,0.052850547108863666,0.11313291139240507,0.09884517518105293,0.8648873470475409,0.0,0,0,0,0,1,0,0.03875968992248062,0.11313291139240507,,0.7293229959850478,7.605,0.29564500000000005
2026-09-03,4,SH007,黄浦区第3支行,综合支行,黄浦区,0,7,14,133,223,137,7.62,22.84,0,0,6,4.665,0.29513,493,0.7302231237322515,0.0,0.0,0.045112781954887216,9.5,19.0,0.5066666666666667,127.0,8.045,0.007692307692307693,0.0,0.7297000297000297,0.29025500000000004,120.42857142857143,7.264285714285713,0.005355136838242579,0.0,6.0,867.0,0.006920415224913495,0.047244094488188976,-0.052827843380981954,-1.0,,0.0007168617389763233,0.016795576303594982,0.10438908659549227,0.04896755162241903,0.29229475062015436,0.0,0,0,0,0,1,0,0.047244094488188976,0.10438908659549227,,0.7297000297000297,8.045,0.29025500000000004
2026-09-04,5,SH007,黄浦区第3支行,综合支行,黄浦区,0,7,13,140,234,143,8.01,17.63,0,0,3,4.574,0.29408,517,0.7292069632495164,0.0,0.0,0.02142857142857143,10.76923076923077,20.0,0.5333333333333333,132.0,7.9,0.003676470588235294,0.0,0.729252008356486,0.296005,120.57142857142857,7.21047619047619,0.004622536105641846,0.0,5.0,877.0,0.005701254275940707,0.06060606060606061,0.01392405063291132,-1.0,,-6.17689172650806e-05,-0.006503268525869529,0.16113744075829387,0.11088363492273148,0.23336068029458465,0.0,0,0,0,0,1,0,0.06060606060606061,0.16113744075829387,,0.729252008356486,7.9,0.296005
2026-09-05,6,SH007,黄浦区第3支行,综合支行,黄浦区,0,7,14,152,253,155,8.89,23.2,0,0,2,4.6,0.28385000000000005,560,0.7285714285714285,0.0,0.0,0.013157894736842105,10.857142857142858,21.714285714285715,0.579047619047619,142.5,7.995,0.003676470588235294,0.0,0.7290456494632158,0.28376,120.85714285714286,7.213809523809523,0.004622536105641846,0.0,3.0,887.0,0.0033821871476888386,0.06666666666666667,0.11194496560350224,-1.0,,-0.0006504680360364831,0.0003171694389626251,0.2576832151300236,0.23235857152287298,-0.2683265051059635,0.0,0,0,0,0,1,0,0.06666666666666667,0.2576832151300236,,0.7290456494632158,7.995,0.28376
2026-09-06,7,SH007,黄浦区第3支行,综合支行,黄浦区,0,7,14,45,75,46,3.68,9.99,0,0,0,4.625,0.29891,166,0.7289156626506024,0.0,0.0,0.0,3.2142857142857144,6.428571428571429,0.17142857142857143,42.0,3.4299999999999997,0.0,0.0,0.7292960032460944,0.2883,121.28571428571429,7.276666666666666,0.004622536105641846,0.0,3.0,890.0,0.0033707865168539327,0.07142857142857142,0.07288629737609344,,,-0.0005215174549143066,0.036801942421089175,-0.6289752650176679,-0.49427393495190103,-0.2707928202572916,0.0,0,0,0,0,0,0,0.07142857142857142,-0.6289752650176679,,0.7292960032460944,3.4299999999999997,0.2883
2026-09-07,1,SH007,黄浦区第3支行,综合支行,黄浦区,0,7,14,156,261,160,10.01,20.64,2,0,3,4.564,0.28735000000000005,577,0.729636048526863,0.01282051282051282,0.0,0.019230769230769232,11.142857142857142,22.285714285714285,0.5942857142857143,145.5,9.115,0.003355704697986577,0.0,0.7289912816228605,0.29042,121.42857142857143,7.296190476190477,0.004622536105641846,0.0,5.0,898.0,0.005567928730512249,0.07216494845360824,0.09818979703784965,2.8205128205128203,,0.0008844644925891848,-0.010570897321121002,0.28470588235294114,0.3719488317452029,0.20451816995361993,0.0,0,0,0,0,0,0,0.07216494845360824,0.28470588235294114,,0.7289912816228605,9.115,0.29042
2026-09-08,2,SH007,黄浦区第3支行,综合支行,黄浦区,0,7,14,146,244,150,9.94,30.66,1,0,4,4.564,0.27685000000000004,540,0.7296296296296296,0.00684931506849315,0.0,0.0273972602739726,10.428571428571429,20.857142857142858,0.5561904761904762,135.0,7.6899999999999995,0.0,0.0,0.7289988031909571,0.29437500000000005,122.04761904761905,7.383809523809524,0.004567036050141791,0.0,4.0,906.0,0.004415011037527594,0.08148148148148149,0.2925877763328999,,,0.0008653326122227866,-0.05953290870488326,0.19625438938743656,0.3461885721656132,-0.03328745622874539,0.0,0,0,0,0,1,0,0.08148148148148149,0.19625438938743656,,0.7289988031909571,7.6899999999999995,0.29437500000000005
2026-09-09,3,SH007,黄浦区第3支行,综合支行,黄浦区,0,7,13,141,236,145,8.8,27.98,0,0,7,4.636,0.30864,522,0.7298850574712644,0.0,0.0,0.04964539007092199,10.846153846153847,20.142857142857142,0.5371428571428571,129.5,7.835,0.007699597251836058,0.0,0.7296442653267734,0.296455,122.71428571428571,7.546666666666666,0.004893193910546227,0.0,3.0,913.0,0.0032858707557502738,0.0888030888030888,0.12316528398213156,-1.0,,0.00033001307066146874,0.04110235954866675,0.14901047729918515,0.16607773851590127,-0.32848139358052286,0.0,0,0,0,0,2,0,0.0888030888030888,0.14901047729918515,,0.7296442653267734,7.835,0.296455
2026-09-10,4,SH007,黄浦区第3支行,综合支行,黄浦区,0,7,14,138,231,142,8.91,23.03,0,0,6,4.6370000000000005,0.28559,511,0.7299412915851272,0.0,0.0,0.043478260869565216,9.857142857142858,19.714285714285715,0.5257142857142857,127.0,7.640000000000001,0.007692307692307693,0.0,0.7297589121118533,0.29025500000000004,123.42857142857143,7.601428571428571,0.004515264961188706,0.0,3.0,918.0,0.0032679738562091504,0.08661417322834646,0.16623036649214654,-1.0,,0.00024991743197235014,-0.016072074555132657,0.11805555555555554,0.17214809246382262,-0.2762387402955836,0.0,0,0,0,0,3,0,0.08661417322834646,0.11805555555555554,,0.7297589121118533,7.640000000000001,0.29025500000000004
2026-09-11,5,SH007,黄浦区第3支行,综合支行,黄浦区,0,7,14,143,240,147,8.32,19.46,0,0,2,4.598,0.26944,530,0.730188679245283,0.0,0.0,0.013986013986013986,10.214285714285714,20.428571428571427,0.5447619047619047,132.0,7.975,0.0,0.0,0.729252008356486,0.29581500000000005,124.14285714285714,7.660952380952381,0.004515264961188706,0.0,3.0,921.0,0.003257328990228013,0.08333333333333333,0.043260188087774376,,,0.0012844268895576749,-0.08916045501411367,0.15189873417721522,0.08602685231228252,-0.2785962688288227,0.0,0,0,0,0,3,0,0.08333333333333333,0.15189873417721522,,0.729252008356486,7.975,0.29581500000000005
2026-09-12,6,SH007,黄浦区第3支行,综合支行,黄浦区,0,7,15,153,256,157,9.78,29.71,0,0,5,4.714,0.29783000000000004,566,0.7296819787985865,0.0,0.0,0.032679738562091505,10.2,21.857142857142858,0.5828571428571429,142.5,8.195,0.003676470588235294,0.0,0.7290456494632158,0.28749,124.9047619047619,7.72095238095238,0.004515264961188706,0.0,3.0,922.0,0.0032537960954446853,0.07368421052631578,0.19341061622940806,-1.0,,0.000872825091047784,0.035966468398900886,0.22493328250095318,0.2666831133588257,-0.2793787023767308,0.0,0,0,0,1,4,0,0.07368421052631578,0.22493328250095318,,0.7290456494632158,8.195,0.28749
2026-09-13,7,SH007,黄浦区第3支行,综合支行,黄浦区,0,7,13,45,75,46,3.58,7.67,0,0,0,4.62,0.28077,166,0.7289156626506024,0.0,0.0,0.0,3.4615384615384617,6.428571428571429,0.17142857142857143,42.0,3.4299999999999997,0.0,0.0,0.7289739603575592,0.2883,125.71428571428571,7.83047619047619,0.004165124905166297,0.0,3.0,922.0,0.0032537960954446853,0.07142857142857142,0.043731778425656086,,,-7.997227627756696e-05,-0.026118626430801182,-0.6420454545454545,-0.542811967891024,-0.21879987526694014,0.0,0,0,0,0,3,0,0.07142857142857142,-0.6420454545454545,,0.7289739603575592,3.4299999999999997,0.2883
2026-09-14,1,SH007,黄浦区第3支行,综合支行,黄浦区,0,7,14,154,257,158,10.77,27.95,0,0,2,4.663,0.29494000000000004,569,0.7293497363796133,0.0,0.0,0.012987012987012988,11.0,22.0,0.5866666666666667,145.5,9.665,0.00641025641025641,0.0,0.7289912816228605,0.29042,125.95238095238095,7.880000000000001,0.004165124905166297,0.0,1.0,920.0,0.0010869565217391304,0.058419243986254296,0.11433005690636322,-1.0,,0.0004917133658372394,0.015563666414158886,0.22268431001890363,0.3667512690355328,-0.7390338713754054,0.0,0,0,0,0,2,0,0.058419243986254296,0.22268431001890363,,0.7289912816228605,9.665,0.29042
2026-09-15,2,SH007,黄浦区第3支行,综合支行,黄浦区,0,7,13,142,238,146,9.2,20.72,0,0,7,4.618,0.29965,526,0.7300380228136882,0.0,0.0,0.04929577464788732,10.923076923076923,20.285714285714285,0.540952380952381,135.0,7.6899999999999995,0.003424657534246575,0.0,0.7290597193702943,0.28395500000000007,126.66666666666667,7.936666666666666,0.004165124905166297,0.0,0.0,916.0,0.0,0.05185185185185185,0.19635890767230169,-1.0,,0.0013418701066613228,0.05527284252786517,0.12105263157894733,0.1591768164636708,-1.0,0.0,0,0,0,0,2,0,0.05185185185185185,0.12105263157894733,,0.7290597193702943,7.6899999999999995,0.28395500000000007
2026-09-16,3,SH007,黄浦区第3支行,综合支行,黄浦区,0,7,14,136,227,139,7.47,17.86,0,0,5,4.657,0.29743,502,0.7290836653386454,0.0,0.0,0.03676470588235294,9.714285714285714,19.428571428571427,0.518095238095238,130.0,7.835,0.007699597251836058,0.0,0.7297262217914994,0.30697,127.23809523809524,8.044761904761904,0.004165124905166297,0.0,0.0,911.0,0.0,0.046153846153846156,-0.04658583280153162,-1.0,,-0.0008805445572127617,-0.031077955500537487,0.06886227544910177,-0.07144548360364619,-1.0,0.0,0,0,0,0,2,0,0.046153846153846156,0.06886227544910177,,0.7297262217914994,7.835,0.30697
2026-09-17,4,SH007,黄浦区第3支行,综合支行,黄浦区,0,7,13,132,221,135,7.61,23.58,1,0,6,4.662,0.28202000000000005,488,0.7295081967213115,0.007575757575757576,0.0,0.045454545454545456,10.153846153846153,18.857142857142858,0.5028571428571429,128.5,7.640000000000001,0.0,0.0,0.7298943930692521,0.29025500000000004,127.71428571428571,8.040476190476191,0.003787195955808776,0.0,1.0,905.0,0.0011049723756906078,0.027237354085603113,-0.00392670157068066,,,-0.0005291126382223468,-0.028371604278996026,0.03355704697986582,-0.053538643766656846,-0.7082346969673411,0.0,0,0,0,0,1,0,0.027237354085603113,0.03355704697986582,,0.7298943930692521,7.640000000000001,0.29025500000000004
2026-09-18,5,SH007,黄浦区第3支行,综合支行,黄浦区,0,7,15,136,227,139,8.47,22.92,0,0,1,4.657,0.31141,502,0.7290836653386454,0.0,0.0,0.007352941176470588,9.066666666666666,19.428571428571427,0.518095238095238,135.0,8.085,0.0,0.0,0.7296998833326628,0.283555,128.0952380952381,8.065714285714286,0.0033798971614132068,0.0,1.0,898.0,0.0011135857461024498,0.007407407407407408,0.04761904761904759,,,-0.0008444814205025923,0.09823491033485574,0.061710037174721136,0.05012398157987962,-0.6705267370807118,0.0,0,0,0,0,1,0,0.007407407407407408,0.061710037174721136,,0.7296998833326628,8.085,0.283555
2026-09-19,6,SH007,黄浦区第3支行,综合支行,黄浦区,0,7,14,145,242,149,9.07,25.25,0,0,3,4.676,0.28794000000000003,536,0.7294776119402985,0.0,0.0,0.020689655172413793,10.357142857142858,20.714285714285715,0.5523809523809524,147.0,8.855,0.003676470588235294,0.0,0.7290456494632158,0.292405,128.38095238095238,8.08047619047619,0.0030135967951128405,0.0,1.0,890.0,0.0011235955056179776,-0.013605442176870748,0.02428006775832861,-1.0,,0.0005925040186450682,-0.015269916725090187,0.12945103857566767,0.12245860097825452,-0.6271579836293575,0.0,0,0,0,0,1,0,-0.013605442176870748,0.12945103857566767,,0.7290456494632158,8.855,0.292405
2026-06-22,1,SH008,静安区第1支行,综合支行,静安区,0,6,17,136,232,142,7.33,14.66,0,0,1,4.6129999999999995,0.27792,510,0.7333333333333333,0.0,0.0,0.007352941176470588,8.0,22.666666666666668,0.6044444444444445,,,,,,,,,,,,,,,,,,,,,,,,0,0,0,0,0,0,,,,,,
2026-06-23,2,SH008,静安区第1支行,综合支行,静安区,0,6,17,127,216,132,5.3,12.4,0,0,3,4.54,0.26586000000000004,475,0.7326315789473684,0.0,0.0,0.023622047244094488,7.470588235294118,21.166666666666668,0.5644444444444445,,,,,,,,,,,,,,,,,,,,,,,,0,0,0,0,0,0,,,,,,
2026-06-24,3,SH008,静安区第1支行,综合支行,静安区,0,6,17,123,209,128,5.49,11.51,0,0,3,4.631,0.26715,460,0.7326086956521739,0.0,0.0,0.024390243902439025,7.235294117647059,20.5,0.5466666666666666,,,,,,,,,,,,,,,,,,,,,,,,0,0,0,0,0,0,,,,,,
2026-06-25,4,SH008,静安区第1支行,综合支行,静安区,0,6,15,121,206,126,4.52,13.38,0,0,1,4.616,0.2727,453,0.7328918322295805,0.0,0.0,0.008264462809917356,8.066666666666666,20.166666666666668,0.5377777777777778,,,,,,,,,,,,,,,,,,,,,,,,0,0,0,0,0,0,,,,,,
2026-06-26,5,SH008,静安区第1支行,综合支行,静安区,0,6,16,126,215,132,6.6,17.17,1,0,4,4.603,0.26719000000000004,473,0.733615221987315,0.007936507936507936,0.0,0.031746031746031744,7.875,21.0,0.56,,,,,,,,,,,1.0,633.0,0.001579778830963665,,,,,,,,,,,0,0,0,0,0,0,,,,,,
2026-06-27,6,SH008,静安区第1支行,综合支行,静安区,0,6,17,137,233,143,7.36,18.35,2,0,7,4.548,0.26143,513,0.732943469785575,0.014598540145985401,0.0,0.051094890510948905,8.058823529411764,22.833333333333332,0.6088888888888888,,,,,,,126.6,5.848,0.0015873015873015873,0.0,3.0,770.0,0.003896103896103896,,,,,,,0.08214849921011064,0.2585499316005473,1.4545454545454546,,0,0,0,0,0,0,,0.08214849921011064,,,,
2026-06-28,7,SH008,静安区第1支行,综合支行,静安区,0,6,16,40,69,42,1.0,3.03,0,0,1,4.545,0.27761,151,0.7350993377483444,0.0,0.0,0.025,2.5,6.666666666666667,0.17777777777777778,,,,,,,128.33333333333334,6.1000000000000005,0.003755841347082223,0.0,3.0,810.0,0.003703703703703704,,,,,,,-0.6883116883116883,-0.8360655737704918,-0.013881748071979394,,0,0,0,0,0,0,,-0.6883116883116883,,,,
2026-06-29,1,SH008,静安区第1支行,综合支行,静安区,0,6,16,142,242,148,6.58,17.59,0,0,0,4.681,0.23854000000000003,532,0.7330827067669173,0.0,0.0,0.0,8.875,23.666666666666668,0.6311111111111112,,,,,,,115.71428571428571,5.371428571428572,0.003219292583213334,0.0,3.0,816.0,0.003676470588235294,,,,,,,0.22716049382716055,0.22499999999999992,0.1420119461666415,,0,0,0,0,0,0,,0.22716049382716055,,,,
2026-06-30,2,SH008,静安区第1支行,综合支行,静安区,0,6,17,134,228,140,6.16,14.59,0,0,5,4.583,0.26219000000000003,502,0.7330677290836654,0.0,0.0,0.03731343283582089,7.882352941176471,22.333333333333332,0.5955555555555555,,,,,,,119.0,5.5225,0.002816881010311667,0.0,3.0,823.0,0.0036452004860267314,,,,,,,0.12605042016806722,0.11543684925305571,0.2940555432348265,,0,0,0,0,0,0,,0.12605042016806722,,,,
2026-07-01,3,SH008,静安区第1支行,综合支行,静安区,0,6,16,131,222,136,6.69,16.34,2,0,3,4.545,0.25226000000000004,489,0.7321063394683026,0.015267175572519083,0.0,0.022900763358778626,8.1875,21.833333333333332,0.5822222222222222,,,,,,,120.66666666666667,5.593333333333334,0.0025038942313881487,0.0,5.0,831.0,0.006016847172081829,,,,,,,0.08563535911602206,0.19606674612634087,1.402995740257812,,0,0,0,0,0,0,,0.08563535911602206,,,,
2026-07-02,4,SH008,静安区第1支行,综合支行,静安区,0,6,16,130,221,135,7.85,21.32,1,0,4,4.666,0.24617000000000003,486,0.7325102880658436,0.007692307692307693,0.0,0.03076923076923077,8.125,21.666666666666668,0.5777777777777778,,,,,,,121.7,5.703,0.0037802223655012423,0.0,6.0,840.0,0.007142857142857143,,,,,,,0.06820049301561214,0.3764685253375415,0.8895335914743281,,0,0,0,0,0,0,,0.06820049301561214,,,,
2026-07-03,5,SH008,静安区第1支行,综合支行,静安区,0,6,15,136,232,142,7.44,19.36,0,0,4,4.668,0.26711,510,0.7333333333333333,0.0,0.0,0.029411764705882353,9.066666666666666,22.666666666666668,0.6044444444444445,,,,,,,122.45454545454545,5.8981818181818175,0.004135866486120011,0.0,5.0,850.0,0.0058823529411764705,,,,,,,0.11061618411284337,0.2614056720098646,0.42227824832297595,,0,0,0,0,0,0,,0.11061618411284337,,,,
2026-07-04,6,SH008,静安区第1支行,综合支行,静安区,0,6,15,148,252,154,7.37,15.45,1,0,6,4.657,0.25275000000000003,554,0.7328519855595668,0.006756756756756757,0.0,0.04054054054054054,9.866666666666667,24.666666666666668,0.6577777777777778,,,,,,,123.58333333333333,6.026666666666666,0.0037912109456100097,0.0,4.0,861.0,0.004645760743321719,,,,,,,0.19757248819959547,0.22289823008849566,0.22540286203309937,,0,0,0,0,0,0,,0.19757248819959547,,,,
2026-07-05,7,SH008,静安区第1支行,综合支行,静安区,0,6,16,44,74,46,1.0,2.39,0,0,1,4.575,0.25322,164,0.7317073170731707,0.0,0.0,0.022727272727272728,2.75,7.333333333333333,0.19555555555555554,,,,,,,125.46153846153847,6.13,0.00401932985415976,0.0,4.0,865.0,0.004624277456647399,,,,,,,-0.6492949110974863,-0.8368678629690048,0.15050956861914574,,0,0,0,0,0,0,,-0.6492949110974863,,,,
2026-07-06,1,SH008,静安区第1支行,综合支行,静安区,0,6,16,153,261,160,9.37,28.85,1,0,6,4.568,0.26583,574,0.7334494773519163,0.006535947712418301,0.0,0.0392156862745098,9.5625,25.5,0.68,139.0,6.955,0.0,0.0,0.7332080200501253,0.25823,119.64285714285714,5.763571428571429,0.0037322348645769192,0.0,5.0,876.0,0.005707762557077625,0.10071942446043165,0.347232207045291,,,0.00032931623112159903,0.02943112728962551,0.2788059701492538,0.6257280951790802,0.529314945115237,0.0,0,0,0,0,1,0,0.10071942446043165,0.2788059701492538,,0.7332080200501253,6.955,0.25823
2026-07-07,2,SH008,静安区第1支行,综合支行,静安区,0,6,16,144,244,150,6.87,15.04,0,0,4,4.661,0.2594,538,0.7323420074349443,0.0,0.0,0.027777777777777776,9.0,24.0,0.64,130.5,5.73,0.0,0.0,0.7328496540155169,0.26402500000000007,121.86666666666666,6.0040000000000004,0.003919149054433011,0.0,5.0,886.0,0.0056433408577878106,0.10344827586206896,0.19895287958115176,,,-0.0006927022176937879,-0.017517280560553145,0.18161925601750553,0.14423717521652224,0.43994034914404156,0.0,0,0,0,0,2,0,0.10344827586206896,0.18161925601750553,,0.7328496540155169,5.73,0.26402500000000007
2026-07-08,3,SH008,静安区第1支行,综合支行,静安区,0,6,16,139,236,145,6.68,17.39,0,0,3,4.6129999999999995,0.25114000000000003,520,0.7326923076923076,0.0,0.0,0.02158273381294964,8.6875,23.166666666666668,0.6177777777777778,127.0,6.09,0.007633587786259542,0.0,0.7323575175602383,0.259705,123.25,6.0581249999999995,0.003674202238530948,0.0,3.0,894.0,0.003355704697986577,0.09448818897637795,0.09688013136288996,-1.0,,0.0004571402956095789,-0.032979726997939926,0.12778904665314403,0.1026513979160219,-0.08668481478899635,0.0,0,0,0,0,2,0,0.09448818897637795,0.12778904665314403,,0.7323575175602383,6.09,0.259705
2026-07-09,4,SH008,静安区第1支行,综合支行,静安区,0,6,15,137,232,142,7.18,16.79,1,0,5,4.572,0.27313000000000004,511,0.7318982387475538,0.0072992700729927005,0.0,0.0364963503649635,9.133333333333333,22.833333333333332,0.6088888888888888,125.5,6.185,0.0038461538461538464,0.0,0.7327010601477121,0.259435,124.17647058823529,6.094705882352941,0.003458072695087951,0.0,3.0,901.0,0.003329633740288568,0.09163346613545817,0.16087308003233633,0.897810218978102,,-0.001095701158118232,0.05278778884884465,0.10326859308384656,0.17807161470900487,-0.03714177408179569,0.0,0,0,0,0,3,0,0.09163346613545817,0.10326859308384656,,0.7327010601477121,6.185,0.259435
2026-07-10,5,SH008,静安区第1支行,综合支行,静安区,0,6,17,142,241,148,7.99,18.36,0,0,3,4.679,0.254,531,0.7325800376647834,0.0,0.0,0.02112676056338028,8.352941176470589,23.666666666666668,0.6311111111111112,131.0,7.02,0.003968253968253968,0.0,0.7334742776603241,0.26715,124.88888888888889,6.154999999999999,0.003671472549415993,0.0,3.0,907.0,0.0033076074972436605,0.08396946564885496,0.13817663817663828,-1.0,,-0.0012191838524906685,-0.04922328279992512,0.13701067615658366,0.29813160032493924,-0.09910602551834717,0.0,0,0,0,1,4,0,0.08396946564885496,0.13701067615658366,,0.7334742776603241,7.02,0.26715
2026-07-11,6,SH008,静安区第1支行,综合支行,静安区,0,6,17,152,258,158,9.29,26.15,0,0,1,4.636,0.26121,568,0.7323943661971831,0.0,0.0,0.006578947368421052,8.941176470588236,25.333333333333332,0.6755555555555556,142.5,7.365,0.010677648451371079,0.0,0.7328977276725709,0.25709000000000004,125.78947368421052,6.251578947368421,0.003478237152078309,0.0,2.0,911.0,0.0021953896816684962,0.06666666666666667,0.26137135098438546,-1.0,,-0.0006868099823235449,0.016025516356139705,0.20836820083682014,0.48602458326317544,-0.3688211626522615,0.0,0,0,0,1,4,0,0.06666666666666667,0.20836820083682014,,0.7328977276725709,7.365,0.25709000000000004
2026-07-12,7,SH008,静安区第1支行,综合支行,静安区,0,6,16,44,75,46,1.0,2.22,0,0,1,4.699,0.28281,165,0.7333333333333333,0.0,0.0,0.022727272727272728,2.75,7.333333333333333,0.19555555555555554,42.0,1.0,0.0,0.0,0.7334033274107575,0.265415,127.1,6.403499999999999,0.003304325294474394,0.0,2.0,911.0,0.0021953896816684962,0.047619047619047616,0.0,,,-9.543736005583968e-05,0.06553887308554525,-0.6538158929976396,-0.84383540251425,-0.3356012238444859,0.0,0,0,0,0,3,0,0.047619047619047616,-0.6538158929976396,,0.7334033274107575,1.0,0.265415
2026-07-13,1,SH008,静安区第1支行,综合支行,静安区,0,6,16,153,260,159,9.0,18.08,1,0,9,4.6129999999999995,0.25041,572,0.7325174825174825,0.006535947712418301,0.0,0.058823529411764705,9.5625,25.5,0.68,142.0,7.33,0.0,0.0,0.7333333333333333,0.26583,123.14285714285714,6.146190476190476,0.003146976470927994,0.0,2.0,911.0,0.0021953896816684962,0.07746478873239436,0.22783083219645292,,,-0.0011125238397965218,-0.05800699695293981,0.2424593967517402,0.46432168590687223,-0.30238128503671013,0.0,0,0,0,1,4,0,0.07746478873239436,0.2424593967517402,,0.7333333333333333,7.33,0.26583
2026-07-14,2,SH008,静安区第1支行,综合支行,静安区,0,6,17,142,241,148,7.64,23.56,0,0,2,4.62,0.25795,531,0.7325800376647834,0.0,0.0,0.014084507042253521,8.352941176470589,23.666666666666668,0.6311111111111112,134.0,6.16,0.0,0.0,0.7326315789473684,0.26219000000000003,123.95238095238095,6.225714285714286,0.003458212076281246,0.0,2.0,909.0,0.0022002200220022,0.05970149253731343,0.24025974025974017,,,-7.035088858584666e-05,-0.016171478698653728,0.14560122935074918,0.22716842588343267,-0.36376949317458146,0.0,0,0,0,1,4,0,0.05970149253731343,0.14560122935074918,,0.7326315789473684,6.16,0.26219000000000003
2026-07-15,3,SH008,静安区第1支行,综合支行,静安区,0,6,16,135,230,141,6.89,19.74,1,0,5,4.647,0.27741000000000005,506,0.733201581027668,0.007407407407407408,0.0,0.037037037037037035,8.4375,22.5,0.6,131.0,6.68,0.0,0.0,0.7326086956521739,0.25226000000000004,124.66666666666667,6.337142857142858,0.003458212076281246,0.0,3.0,905.0,0.0033149171270718232,0.030534351145038167,0.03143712574850299,,,0.0008092797410304782,0.09969872353920559,0.08288770053475931,0.08724075743913415,-0.041436136954189816,0.0,0,0,0,0,3,0,0.030534351145038167,0.08288770053475931,,0.7326086956521739,6.68,0.25226000000000004
2026-07-16,4,SH008,静安区第1支行,综合支行,静安区,0,6,17,132,224,137,6.46,20.23,1,0,8,4.587,0.26375000000000004,493,0.7322515212981744,0.007575757575757576,0.0,0.06060606060606061,7.764705882352941,22.0,0.5866666666666667,130.0,7.18,0.0072992700729927005,0.0,0.7325102880658436,0.2727,125.23809523809524,6.403809523809524,0.003810945762348266,0.0,3.0,900.0,0.0033333333333333335,0.015384615384615385,-0.1002785515320334,0.03787878787878794,,-0.0003532602502450688,-0.032819948661532664,0.053992395437262336,0.008774538964901869,-0.12532648292549634,0.0,0,0,0,0,2,0,0.015384615384615385,0.053992395437262336,,0.7325102880658436,7.18,0.2727
2026-07-17,5,SH008,静安区第1支行,综合支行,静安区,0,6,17,136,231,141,6.06,17.44,2,0,3,4.573,0.26556,508,0.7322834645669292,0.014705882352941176,0.0,0.022058823529411766,8.0,22.666666666666668,0.6044444444444445,136.0,7.44,0.0,0.0,0.7333333333333333,0.26711,125.76190476190476,6.496190476190477,0.004171696123098627,0.0,5.0,894.0,0.005592841163310962,0.0,-0.18548387096774202,,,-0.001431639226914704,-0.005802852757290988,0.08140855736463463,-0.06714557982700498,0.34066360498874165,0.0,0,0,0,0,2,1,0.0,0.08140855736463463,,0.7333333333333333,7.44,0.26711
2026-07-18,6,SH008,静安区第1支行,综合支行,静安区,0,6,16,144,246,150,7.15,21.22,0,0,2,4.681,0.2806,540,0.7333333333333333,0.0,0.0,0.013888888888888888,9.0,24.0,0.64,148.0,7.37,0.006756756756756757,0.0,0.7328519855595668,0.26121,126.23809523809524,6.47047619047619,0.004494047285785924,0.0,5.0,886.0,0.0056433408577878106,-0.02702702702702703,-0.02985074626865668,-1.0,,0.000656814449917857,0.07423146127636775,0.14070162202942282,0.10501913453046818,0.25573686677417706,0.0,0,0,0,0,1,1,-0.02702702702702703,0.14070162202942282,,0.7328519855595668,7.37,0.26121
2026-07-19,7,SH008,静安区第1支行,综合支行,静安区,0,6,17,42,71,44,1.0,2.26,0,0,1,4.641,0.27141000000000004,157,0.732484076433121,0.0,0.0,0.023809523809523808,2.4705882352941178,7.0,0.18666666666666668,44.0,1.0,0.0,0.0,0.7333333333333333,0.27761,126.57142857142857,6.460476190476191,0.0037988787074056665,0.0,5.0,884.0,0.005656108597285068,-0.045454545454545456,0.0,,,-0.0011580775911986102,-0.022333489427614216,-0.6681715575620767,-0.8452126483378787,0.48888896775220875,0.0,0,0,0,0,0,1,-0.045454545454545456,-0.6681715575620767,,0.7333333333333333,1.0,0.27761
2026-07-20,1,SH008,静安区第1支行,综合支行,静安区,0,6,16,145,246,151,8.37,17.49,1,0,5,4.6129999999999995,0.23991,542,0.7324723247232472,0.006896551724137931,0.0,0.034482758620689655,9.0625,24.166666666666668,0.6444444444444445,147.5,8.165,0.0032679738562091504,0.0,0.7332080200501253,0.25812,126.66666666666667,6.460476190476191,0.0037988787074056665,0.0,5.0,876.0,0.005707762557077625,-0.01694915254237288,0.02510716472749542,1.110344827586207,,-0.0010033923617308782,-0.07054858205485821,0.1447368421052631,0.2955701334119552,0.5024861272750599,0.0,0,0,0,0,0,1,-0.01694915254237288,0.1447368421052631,,0.7332080200501253,8.165,0.25812
2026-07-21,2,SH008,静安区第1支行,综合支行,静安区,0,6,16,134,229,140,6.44,18.59,0,0,2,4.629,0.26705,503,0.7335984095427436,0.0,0.0,0.014925373134328358,8.375,22.333333333333332,0.5955555555555555,138.0,6.515000000000001,0.0,0.0,0.7326058083060759,0.260795,126.80952380952381,6.5457142857142845,0.004127285932364616,0.0,5.0,868.0,0.00576036866359447,-0.028985507246376812,-0.011511895625479688,,,0.0013548913009067596,0.023984355528288544,0.05670296657904618,-0.016150152771715165,0.39567957199762616,0.0,0,0,0,0,0,1,-0.028985507246376812,0.05670296657904618,,0.7326058083060759,6.515000000000001,0.260795
2026-07-22,3,SH008,静安区第1支行,综合支行,静安区,0,6,16,129,220,135,6.57,16.16,0,0,4,4.639,0.27115,484,0.7334710743801653,0.0,0.0,0.031007751937984496,8.0625,21.5,0.5733333333333334,133.0,6.6850000000000005,0.003703703703703704,0.0,0.7326505016722408,0.259705,126.80952380952381,6.559047619047618,0.004127285932364616,0.0,4.0,862.0,0.004640371229698376,-0.03007518796992481,-0.017202692595362782,-1.0,,0.0011200056589760774,0.044069232398298,0.01727375140818625,0.0016698126905766322,0.12431542319623147,0.0,0,0,0,0,0,0,-0.03007518796992481,0.01727375140818625,,0.7326505016722408,6.6850000000000005,0.259705
2026-07-23,4,SH008,静安区第1支行,综合支行,静安区,0,6,16,127,215,132,6.43,20.33,0,0,2,4.611,0.25207,474,0.7320675105485233,0.0,0.0,0.015748031496062992,7.9375,21.166666666666668,0.5644444444444445,131.0,6.82,0.007437513824375138,0.0,0.732380904682009,0.26822500000000005,126.71428571428571,6.553333333333334,0.003400277571768469,0.0,3.0,857.0,0.003500583430571762,-0.030534351145038167,-0.05718475073313791,-1.0,,-0.00042791139348699543,-0.06022928511510869,0.0022547914317926072,-0.018819938962360217,0.02949931489008539,0.0,0,0,0,0,0,0,-0.030534351145038167,0.0022547914317926072,,0.732380904682009,6.82,0.26822500000000005
2026-07-24,5,SH008,静安区第1支行,综合支行,静安区,0,6,17,132,224,137,5.41,15.56,0,0,2,4.584,0.25324,493,0.7322515212981744,0.0,0.0,0.015151515151515152,7.764705882352941,22.0,0.5866666666666667,136.0,7.02,0.003968253968253968,0.0,0.7329566854990583,0.266335,126.57142857142857,6.485714285714285,0.003033977205468103,0.0,1.0,853.0,0.0011723329425556857,-0.029411764705882353,-0.22934472934472927,-1.0,,-0.000962081682089879,-0.04916740195618288,0.04288939051918737,-0.16585903083700426,-0.6135986320388949,0.0,0,0,0,0,0,1,-0.029411764705882353,0.04288939051918737,,0.7329566854990583,7.02,0.266335
2026-07-25,6,SH008,静安区第1支行,综合支行,静安区,0,6,16,142,242,148,7.85,17.27,0,0,2,4.61,0.25908000000000003,532,0.7330827067669173,0.0,0.0,0.014084507042253521,8.875,23.666666666666668,0.6311111111111112,146.0,7.365,0.0033783783783783786,0.0,0.7328977276725709,0.26132,126.38095238095238,6.38904761904762,0.003033977205468103,0.0,1.0,851.0,0.0011750881316098707,-0.0273972602739726,0.06585200271554642,-1.0,,0.00025239414363294394,-0.008571865911525962,0.12358703843255464,0.2286651263322648,-0.6126905207158371,0.0,0,0,0,0,0,1,-0.0273972602739726,0.12358703843255464,,0.7328977276725709,7.365,0.26132
2026-07-26,7,SH008,静安区第1支行,综合支行,静安区,0,6,16,42,71,44,1.0,3.03,0,0,2,4.624,0.25914000000000004,157,0.732484076433121,0.0,0.0,0.047619047619047616,2.625,7.0,0.18666666666666668,43.0,1.0,0.0,0.0,0.7329087048832271,0.27451000000000003,126.0952380952381,6.411904761904762,0.0027122268837177807,0.0,1.0,851.0,0.0011750881316098707,-0.023255813953488372,0.0,,,-0.0005793742757821552,-0.05599067429237548,-0.6669184290030211,-0.844040103973264,-0.5667441619046558,0.0,0,0,0,0,0,1,-0.023255813953488372,-0.6669184290030211,,0.7329087048832271,1.0,0.27451000000000003
2026-07-27,1,SH008,静安区第1支行,综合支行,静安区,0,6,16,147,249,153,9.02,21.87,1,0,5,4.647,0.26291000000000003,549,0.73224043715847,0.006802721088435374,0.0,0.034013605442176874,9.1875,24.5,0.6533333333333333,149.0,8.684999999999999,0.006535947712418301,0.0,0.7328000946422,0.24516000000000002,126.0,6.411904761904762,0.0027122268837177807,0.0,1.0,853.0,0.0011723329425556857,-0.013422818791946308,0.03857225100748427,0.04081632653061217,,-0.000763724633528128,0.07240169685103612,0.16666666666666666,0.4067582621611584,-0.5677600020877633,0.0,0,0,0,0,0,1,-0.013422818791946308,0.16666666666666666,,0.7328000946422,8.684999999999999,0.24516000000000002
2026-07-28,2,SH008,静安区第1支行,综合支行,静安区,0,6,16,138,235,144,7.45,20.53,1,0,4,4.608,0.26269000000000003,517,0.7330754352030948,0.007246376811594203,0.0,0.028985507246376812,8.625,23.0,0.6133333333333333,138.0,6.655,0.0,0.0,0.7328238833742244,0.260795,125.71428571428571,6.395238095238095,0.002724930377813832,0.0,2.0,857.0,0.002333722287047841,0.0,0.11945905334335084,,,0.00034326368801208964,0.007266243601296174,0.09772727272727277,0.16492926284437837,-0.143566270151772,0.0,0,0,0,0,0,1,0.0,0.09772727272727277,,0.7328238833742244,6.655,0.260795
2026-07-29,3,SH008,静安区第1支行,综合支行,静安区,0,6,16,134,229,140,5.97,14.44,0,0,4,4.611,0.26637,503,0.7335984095427436,0.0,0.0,0.029850746268656716,8.375,22.333333333333332,0.5955555555555555,133.0,6.6850000000000005,0.003703703703703704,0.0,0.7329469443599879,0.261705,125.42857142857143,6.422857142857143,0.0030699959402706984,0.0,2.0,862.0,0.002320185614849188,0.007518796992481203,-0.10695587135377721,-1.0,,0.000888829932055422,0.017825414111308436,0.06833712984054668,-0.07050711743772242,-0.24423821399431417,0.0,0,0,0,0,0,0,0.007518796992481203,0.06833712984054668,,0.7329469443599879,6.6850000000000005,0.261705
2026-07-30,4,SH008,静安区第1支行,综合支行,静安区,0,6,16,133,227,139,8.28,21.07,0,0,4,4.683,0.26824000000000003,499,0.7334669338677354,0.0,0.0,0.03007518796992481,8.3125,22.166666666666668,0.5911111111111111,131.0,6.82,0.007437513824375138,0.0,0.7321595159233488,0.25791000000000003,125.19047619047619,6.389047619047618,0.0030699959402706984,0.0,2.0,868.0,0.002304147465437788,0.015267175572519083,0.21407624633431072,-1.0,,0.0017857009517082858,0.04005273157302937,0.06238113351084063,0.29596780204218537,-0.24946237380541333,0.0,0,0,0,0,1,0,0.015267175572519083,0.06238113351084063,,0.7321595159233488,6.82,0.25791000000000003
2026-07-31,5,SH008,静安区第1支行,综合支行,静安区,0,6,15,140,239,146,7.12,19.84,0,0,4,4.64,0.26,525,0.7333333333333333,0.0,0.0,0.02857142857142857,9.333333333333334,23.333333333333332,0.6222222222222222,136.0,6.75,0.0,0.0,0.7324317511158562,0.25978,125.0,6.441428571428572,0.00272241165108057,0.0,2.0,876.0,0.00228310502283105,0.029411764705882353,0.05481481481481483,,,0.0012309436559836354,0.000846870428824382,0.12,0.10534486582390763,-0.16136671618899076,0.0,0,0,0,0,1,0,0.029411764705882353,0.12,,0.7324317511158562,6.75,0.25978
2026-08-01,6,SH008,静安区第1支行,综合支行,静安区,0,6,16,151,257,157,8.67,26.09,1,0,5,4.5969999999999995,0.26405,565,0.7327433628318584,0.006622516556291391,0.0,0.033112582781456956,9.4375,25.166666666666668,0.6711111111111111,146.0,7.609999999999999,0.0,0.0,0.732967346163242,0.260145,124.9047619047619,6.4,0.00272241165108057,0.0,3.0,885.0,0.003389830508474576,0.03424657534246575,0.13929040735873857,,,-0.00030558432453516385,0.015010859328451408,0.2089210827296989,0.35468749999999993,0.2451572146075324,0.0,0,0,0,0,2,0,0.03424657534246575,0.2089210827296989,,0.732967346163242,7.609999999999999,0.260145
2026-08-02,7,SH008,静安区第1支行,综合支行,静安区,0,6,16,45,76,47,1.0,2.6,0,0,0,4.574,0.2456,168,0.7321428571428571,0.0,0.0,0.0,2.8125,7.5,0.2,43.0,1.0,0.0,0.0,0.732484076433121,0.26527500000000004,124.85714285714286,6.37047619047619,0.003037769582332541,0.0,3.0,888.0,0.0033783783783783786,0.046511627906976744,0.0,,,-0.0004658385093167647,-0.07416831589859588,-0.6395881006864989,-0.8430258633577515,0.11212463184396693,0.0,0,0,0,0,2,0,0.046511627906976744,-0.6395881006864989,,0.732484076433121,1.0,0.26527500000000004
2026-08-03,1,SH008,静安区第1支行,综合支行,静安区,0,6,16,157,267,164,8.57,26.86,0,1,0,4.592,0.26774000000000003,588,0.7329931972789115,0.0,63.69426751592357,0.0,9.8125,26.166666666666668,0.6977777777777778,150.0,9.01,0.006669334400426837,0.0,0.7324949036203648,0.25666,124.9047619047619,6.37047619047619,0.003037769582332541,0.0,2.0,898.0,0.0022271714922048997,0.04666666666666667,-0.04883462819089895,-1.0,,0.0006802691132509971,0.043169952466297956,0.25695768204346175,0.34526835102406944,-0.2668398863567613,63.69426751592357,0,0,0,0,2,0,0.04666666666666667,0.25695768204346175,,0.7324949036203648,9.01,0.25666
2026-08-04,2,SH008,静安区第1支行,综合支行,静安区,0,6,17,148,252,154,7.43,20.55,1,0,5,4.584,0.28118000000000004,554,0.7328519855595668,0.006756756756756757,0.0,0.033783783783783786,8.705882352941176,24.666666666666668,0.6577777777777778,140.0,7.16,0.0,0.0,0.7328277364339391,0.261045,125.0952380952381,6.35,0.0027265339769792884,3.0330603579011224,2.0,908.0,0.0022026431718061676,0.05714285714285714,0.03770949720670385,,,3.30898032676914e-05,0.07713229519814596,0.1830985915492957,0.17007874015748034,-0.19214534262050037,0.0,0,0,0,0,1,0,0.05714285714285714,0.1830985915492957,,0.7328277364339391,7.16,0.261045
2026-08-05,3,SH008,静安区第1支行,综合支行,静安区,0,6,15,144,245,150,7.45,19.75,0,0,3,4.626,0.26305,539,0.7328385899814471,0.0,0.0,0.020833333333333332,9.6,24.0,0.64,134.5,6.625,0.0,0.0,0.7333363277039167,0.26876,125.38095238095238,6.339999999999999,0.00304828429872961,3.0330603579011224,2.0,918.0,0.002178649237472767,0.07063197026022305,0.12452830188679248,,,-0.0006787304864985327,-0.02124572108944781,0.14849981010254465,0.17507886435331252,-0.2852867305123962,0.0,0,0,0,0,2,0,0.07063197026022305,0.14849981010254465,,0.7333363277039167,6.625,0.26876
2026-08-06,4,SH008,静安区第1支行,综合支行,静安区,0,6,15,142,242,148,7.64,19.98,0,0,2,4.598,0.25718,532,0.7330827067669173,0.0,0.0,0.014084507042253521,9.466666666666667,23.666666666666668,0.6311111111111112,132.5,6.82,0.0036496350364963502,0.0,0.7321595159233488,0.26599500000000004,125.80952380952381,6.366666666666666,0.002695550612662591,3.0330603579011224,2.0,927.0,0.002157497303128371,0.07169811320754717,0.12023460410557175,-1.0,,0.0012609149010434518,-0.033139720671441254,0.1286903860711582,0.20000000000000004,-0.19960794169720514,0.0,0,0,0,0,2,0,0.07169811320754717,0.1286903860711582,,0.7321595159233488,6.82,0.26599500000000004
2026-08-07,5,SH008,静安区第1支行,综合支行,静安区,0,6,15,149,253,155,8.11,19.19,0,0,8,4.563,0.25661,557,0.7324955116696589,0.0,0.0,0.053691275167785234,9.933333333333334,24.833333333333332,0.6622222222222222,138.0,6.59,0.0,0.0,0.7324317511158562,0.257,126.28571428571429,6.422857142857143,0.00233480025191223,3.0330603579011224,2.0,936.0,0.002136752136752137,0.07971014492753623,0.23065250379362665,,,8.705323561615096e-05,-0.0015175097276264647,0.1798642533936651,0.26267793594306044,-0.08482443626511053,0.0,0,0,0,0,3,0,0.07971014492753623,0.1798642533936651,,0.7324317511158562,6.59,0.257
2026-08-08,6,SH008,静安区第1支行,综合支行,静安区,0,6,17,160,273,167,9.49,28.08,1,0,3,4.644,0.24791000000000002,600,0.7333333333333333,0.00625,0.0,0.01875,9.411764705882353,26.666666666666668,0.7111111111111111,147.5,8.26,0.0,0.0,0.7329130347993879,0.26263000000000003,126.9047619047619,6.52047619047619,0.0016345201398674121,3.0330603579011224,2.0,945.0,0.0021164021164021165,0.0847457627118644,0.14891041162227608,,,0.0005734630358436355,-0.056048433156912804,0.26078799249530965,0.45541517563718703,0.2948155637738385,0.0,0,0,0,1,4,0,0.0847457627118644,0.26078799249530965,,0.7329130347993879,8.26,0.26263000000000003
2026-08-09,7,SH008,静安区第1支行,综合支行,静安区,0,6,15,47,80,49,1.0,3.03,0,0,1,4.513,0.28433,176,0.7329545454545454,0.0,0.0,0.02127659574468085,3.1333333333333333,7.833333333333333,0.20888888888888887,43.0,1.0,0.0,0.0,0.732484076433121,0.26527500000000004,127.66666666666667,6.631904761904761,0.0019321391874864596,3.0330603579011224,2.0,947.0,0.0021119324181626186,0.09302325581395349,0.0,,,0.0006422924901185924,0.07183111865045702,-0.6318537859007833,-0.8492137574495584,0.09305397449655478,0.0,0,0,0,1,4,0,0.09302325581395349,-0.6318537859007833,,0.732484076433121,1.0,0.26527500000000004
2026-08-10,1,SH008,静安区第1支行,综合支行,静安区,0,6,14,163,278,170,11.23,33.0,1,0,7,4.603,0.27129000000000003,611,0.7332242225859247,0.006134969325153374,0.0,0.04294478527607362,11.642857142857142,27.166666666666668,0.7244444444444444,150.0,8.785,0.006669334400426837,0.0,0.7324949036203648,0.25666,127.9047619047619,6.631904761904761,0.0019321391874864596,3.0330603579011224,3.0,953.0,0.0031479538300104933,0.08666666666666667,0.2783153101878202,-0.08012269938650304,,0.0009956642182152604,0.0570014805579367,0.2743857036485481,0.6933295038414593,0.6292583114085585,0.0,0,0,0,1,4,0,0.08666666666666667,0.2743857036485481,,0.7324949036203648,8.785,0.25666
2026-08-11,2,SH008,静安区第1支行,综合支行,静安区,0,6,15,152,258,158,9.61,30.66,0,0,3,4.58,0.26311,568,0.7323943661971831,0.0,0.0,0.019736842105263157,10.133333333333333,25.333333333333332,0.6755555555555556,140.0,7.4399999999999995,0.0033783783783783786,0.0,0.7329637103813308,0.26487000000000005,128.76190476190476,6.7680952380952375,0.0018958733589633857,3.0330603579011224,2.0,957.0,0.0020898641588296763,0.08571428571428572,0.2916666666666667,-1.0,,-0.0007767699492945735,-0.006644769132027179,0.18047337278106512,0.41989727714064595,0.10232265723294923,0.0,0,0,0,1,4,0,0.08571428571428572,0.18047337278106512,,0.7329637103813308,7.4399999999999995,0.26487000000000005
2026-08-12,3,SH008,静安区第1支行,综合支行,静安区,0,6,17,146,248,152,7.46,20.28,0,1,3,4.633,0.25074,546,0.7326007326007326,0.0,68.4931506849315,0.02054794520547945,8.588235294117647,24.333333333333332,0.6488888888888888,134.5,6.73,0.0,0.0,0.7333363277039167,0.26876,129.61904761904762,6.919047619047619,0.0018958733589633857,3.0330603579011224,2.0,959.0,0.0020855057351407717,0.08550185873605948,0.1084695393759286,,,-0.001003080135805165,-0.06704866795654107,0.12637766348273327,0.07818306951135577,0.10002375700931421,68.4931506849315,0,0,0,0,3,0,0.08550185873605948,0.12637766348273327,,0.7333363277039167,6.73,0.26876
2026-08-13,4,SH008,静安区第1支行,综合支行,静安区,0,6,16,142,242,148,8.46,22.95,2,0,5,4.6,0.24764000000000003,532,0.7330827067669173,0.014084507042253521,0.0,0.035211267605633804,8.875,23.666666666666668,0.6311111111111112,132.5,7.05,0.0,0.0,0.7326671140325458,0.26046500000000006,130.42857142857142,6.961428571428572,0.0018958733589633857,6.294638961945479,4.0,959.0,0.004171011470281543,0.07169811320754717,0.20000000000000015,,,0.0005672326850923285,-0.04923886126734889,0.0887185104052575,0.21526780217525146,1.2000475140186284,0.0,0,0,0,0,3,0,0.07169811320754717,0.0887185104052575,,0.7326671140325458,7.05,0.26046500000000006
2026-08-14,5,SH008,静安区第1支行,综合支行,静安区,0,6,15,147,249,153,7.65,19.95,1,0,10,4.542,0.26366,549,0.73224043715847,0.006802721088435374,0.0,0.06802721088435375,9.8,24.5,0.6533333333333333,138.0,6.59,0.0,0.0,0.732389488118294,0.258305,131.14285714285714,7.058095238095238,0.0025665641704992674,6.294638961945479,5.0,957.0,0.00522466039707419,0.06521739130434782,0.16084977238239764,,,-0.00020351324294254152,0.020731306014208004,0.12091503267973859,0.08386182701389826,1.0356632641909942,0.0,0,0,0,1,4,0,0.06521739130434782,0.12091503267973859,,0.732389488118294,6.59,0.258305
2026-08-15,6,SH008,静安区第1支行,综合支行,静安区,0,6,15,156,265,163,9.11,28.69,1,0,4,4.6530000000000005,0.25529,584,0.7328767123287672,0.00641025641025641,0.0,0.02564102564102564,10.4,26.0,0.6933333333333334,147.5,8.26,0.003125,0.0,0.7332080200501253,0.26156500000000005,131.85714285714286,7.164761904761904,0.002890503269948571,6.294638961945479,5.0,953.0,0.005246589716684155,0.0576271186440678,0.10290556900726389,1.051282051282051,,-0.00045186047110544854,-0.023990212757823214,0.18309859154929573,0.27150073109132,0.815112880594494,0.0,0,0,0,0,3,0,0.0576271186440678,0.18309859154929573,,0.7332080200501253,8.26,0.26156500000000005
2026-08-16,7,SH008,静安区第1支行,综合支行,静安区,0,6,16,45,77,47,1.0,2.42,1,0,3,4.58,0.25768,169,0.7337278106508875,0.022222222222222223,0.0,0.06666666666666667,2.8125,7.5,0.2,43.5,1.0,0.0,0.0,0.732484076433121,0.26527500000000004,132.52380952380952,7.2247619047619045,0.0031957535751988763,6.294638961945479,6.0,951.0,0.006309148264984227,0.034482758620689655,0.0,,,0.0016979675842552426,-0.028630666289699434,-0.6604383758533956,-0.8615871341945689,0.9742286495264578,0.0,0,0,0,0,2,0,0.034482758620689655,-0.6604383758533956,,0.732484076433121,1.0,0.26527500000000004
2026-08-17,1,SH008,静安区第1支行,综合支行,静安区,0,6,15,156,265,163,10.04,24.27,1,0,4,4.587,0.27080000000000004,584,0.7328767123287672,0.00641025641025641,0.0,0.02564102564102564,10.4,26.0,0.6933333333333334,152.0,8.795,0.006468845206794374,0.0,0.7327327610010794,0.26532500000000003,132.66666666666666,7.2247619047619045,0.004253954633399935,6.294638961945479,6.0,944.0,0.006355932203389831,0.02631578947368421,0.14155770324047745,-0.009057071960297793,,0.00019645815684707628,0.020635070196928323,0.17587939698492472,0.3896651726865277,0.49412317505368164,0.0,0,0,0,0,3,0,0.02631578947368421,0.17587939698492472,,0.7327327610010794,8.795,0.26532500000000003
2026-08-18,2,SH008,静安区第1支行,综合支行,静安区,0,6,16,144,245,150,7.93,17.6,1,0,7,4.622,0.25099000000000005,539,0.7328385899814471,0.006944444444444444,0.0,0.04861111111111111,9.0,24.0,0.64,143.0,7.4399999999999995,0.0033783783783783786,0.0,0.7329637103813308,0.26508,133.0952380952381,7.273333333333333,0.004235265839200937,6.294638961945479,7.0,936.0,0.007478632478632479,0.006993006993006993,0.06586021505376348,1.0555555555555554,,-0.00017070476765973218,-0.05315376490116167,0.08193202146690513,0.09028414298808428,0.765800014112801,0.0,0,0,0,0,2,0,0.006993006993006993,0.08193202146690513,,0.7329637103813308,7.4399999999999995,0.26508
2026-08-19,3,SH008,静安区第1支行,综合支行,静安区,0,6,16,138,235,144,7.31,15.58,0,0,1,4.6129999999999995,0.25977,517,0.7330754352030948,0.0,0.0,0.007246376811594203,8.625,23.0,0.6133333333333333,139.0,7.01,0.0,0.0,0.7331548321808062,0.26471,133.38095238095238,7.296190476190477,0.0042208881074319,6.294638961945479,7.0,928.0,0.007543103448275862,-0.007194244604316547,0.04279600570613407,,,-0.00010829496611957237,-0.018661931925503382,0.03463048911103178,0.0018927033024408303,0.7870891756155285,0.0,0,0,0,0,1,0,-0.007194244604316547,0.03463048911103178,,0.7331548321808062,7.01,0.26471
2026-08-20,4,SH008,静安区第1支行,综合支行,静安区,0,6,17,134,229,140,7.83,18.47,0,0,1,4.573,0.27812000000000003,503,0.7335984095427436,0.0,0.0,0.007462686567164179,7.882352941176471,22.333333333333332,0.5955555555555555,137.5,7.959999999999999,0.0,0.0,0.7330827067669173,0.254625,133.57142857142858,7.36,0.0042208881074319,6.294638961945479,5.0,920.0,0.005434782608695652,-0.025454545454545455,-0.016331658291457163,,,0.0007034714788193883,0.0922729504172805,0.003208556149732529,0.06385869565217388,0.28759220106460426,0.0,0,0,0,0,1,0,-0.025454545454545455,0.003208556149732529,,0.7330827067669173,7.959999999999999,0.254625
2026-08-21,5,SH008,静安区第1支行,综合支行,静安区,0,6,15,139,236,145,7.8100000000000005,18.82,0,0,3,4.648,0.24528000000000003,520,0.7326923076923076,0.0,0.0,0.02158273381294964,9.266666666666667,23.166666666666668,0.6177777777777778,143.5,7.385,0.0,0.0,0.7323735164839167,0.258305,133.61904761904762,7.338571428571428,0.0042208881074319,6.294638961945479,4.0,912.0,0.0043859649122807015,-0.0313588850174216,0.05754908598510504,,,0.00043528500309712785,-0.050424885310001666,0.04027084818246613,0.06423982869379029,0.03910949559599639,0.0,0,0,0,0,1,0,-0.0313588850174216,0.04027084818246613,,0.7323735164839167,7.385,0.258305
2026-08-22,6,SH008,静安区第1支行,综合支行,静安区,0,6,16,149,253,155,8.52,22.23,0,0,6,4.551,0.26475000000000004,557,0.7324955116696589,0.0,0.0,0.040268456375838924,9.3125,24.833333333333332,0.6622222222222222,153.5,8.89,0.006330128205128205,0.0,0.7329797095478423,0.257185,133.57142857142858,7.371428571428571,0.0042208881074319,6.294638961945479,3.0,905.0,0.0033149171270718232,-0.029315960912052116,-0.04161979752530945,-1.0,,-0.0006605883790181921,0.02941462371444697,0.11550802139037424,0.1558139534883721,-0.21463989504125794,0.0,0,0,0,0,0,0,-0.029315960912052116,0.11550802139037424,,0.7329797095478423,8.89,0.257185
2026-08-23,7,SH008,静安区第1支行,综合支行,静安区,0,6,15,44,74,45,1.34,3.26,0,0,0,4.632,0.2495,163,0.7300613496932515,0.0,0.0,0.0,2.933333333333333,7.333333333333333,0.19555555555555554,45.0,1.0,0.0,0.0,0.7327193109438332,0.25841000000000003,133.47619047619048,7.364285714285715,0.0039055301761799287,6.294638961945479,2.0,904.0,0.0022123893805309734,-0.022222222222222223,0.3400000000000001,,,-0.003627529957082645,-0.03448008977980739,-0.670353193007492,-0.8180407371483996,-0.4335239312643201,0.0,0,0,0,0,1,0,-0.022222222222222223,-0.670353193007492,,0.7327193109438332,1.0,0.25841000000000003
2026-08-24,1,SH008,静安区第1支行,综合支行,静安区,0,6,16,152,258,158,9.38,20.55,0,0,1,4.608,0.25479,568,0.7323943661971831,0.0,0.0,0.006578947368421052,9.5,25.333333333333332,0.6755555555555556,156.5,9.53,0.006272612867704893,0.0,0.7329349548038393,0.26927,133.42857142857142,7.380476190476191,0.0039055301761799287,6.294638961945479,1.0,900.0,0.0011111111111111111,-0.02875399361022364,-0.01573976915005232,-1.0,,-0.0007375669602234483,-0.05377502135403124,0.1391862955032121,0.2709207045615846,-0.7155031299238586,0.0,0,0,0,0,1,0,-0.02875399361022364,0.1391862955032121,,0.7329349548038393,9.53,0.26927
2026-08-25,2,SH008,静安区第1支行,综合支行,静安区,0,6,15,142,241,148,6.69,17.68,1,0,8,4.603,0.24254000000000003,531,0.7325800376647834,0.007042253521126761,0.0,0.056338028169014086,9.466666666666667,23.666666666666668,0.6311111111111112,146.0,7.6899999999999995,0.006850600600600601,0.0,0.732845287770507,0.2629,133.1904761904762,7.419047619047619,0.0039055301761799287,3.2615786040443573,1.0,898.0,0.0011135857461024498,-0.0273972602739726,-0.13003901170351095,0.027976075631873456,,-0.00036194557043614327,-0.07744389501711672,0.06614229531641033,-0.09826700898587931,-0.7148695066052034,0.0,0,0,0,0,1,1,-0.0273972602739726,0.06614229531641033,,0.732845287770507,7.6899999999999995,0.2629
2026-08-26,3,SH008,静安区第1支行,综合支行,静安区,0,6,16,138,234,143,6.55,18.6,0,0,2,4.6,0.25878,515,0.7320388349514563,0.0,0.0,0.014492753623188406,8.625,23.0,0.6133333333333333,141.0,7.38,0.0,0.0,0.732957012592271,0.26141000000000003,132.9047619047619,7.383809523809524,0.003919125260197548,3.2615786040443573,1.0,898.0,0.0011135857461024498,-0.02127659574468085,-0.11246612466124663,,,-0.0012527032623200545,-0.010060823992961328,0.03833751343604448,-0.11292402940797117,-0.7158585979856336,0.0,0,0,0,0,1,1,-0.02127659574468085,0.03833751343604448,,0.732957012592271,7.38,0.26141000000000003
2026-08-27,4,SH008,静安区第1支行,综合支行,静安区,0,6,16,136,231,142,6.5,17.87,0,0,1,4.633,0.26201,509,0.7328094302554028,0.0,0.0,0.007352941176470588,8.5,22.666666666666668,0.6044444444444445,138.0,8.055,0.0,0.0,0.7332748203173264,0.26271,132.61904761904762,7.340952380952382,0.003919125260197548,3.2615786040443573,1.0,900.0,0.0011111111111111111,-0.014492753623188406,-0.19304779639975167,,,-0.000634673452611108,-0.002664535038635676,0.02549371633752243,-0.11455630513751962,-0.7164900233234432,0.0,0,0,0,0,1,2,-0.014492753623188406,0.02549371633752243,,0.7332748203173264,8.055,0.26271
2026-08-28,5,SH008,静安区第1支行,综合支行,静安区,0,6,16,143,242,149,7.27,23.01,0,0,2,4.583,0.23661000000000001,534,0.7322097378277154,0.0,0.0,0.013986013986013986,8.9375,23.833333333333332,0.6355555555555555,143.5,7.73,0.0,0.0,0.7325939096809833,0.258305,132.33333333333334,7.286666666666666,0.003919125260197548,3.2615786040443573,1.0,904.0,0.0011061946902654867,-0.003484320557491289,-0.05950840879689532,,,-0.0005243994635925676,-0.08398985695205277,0.08060453400503771,-0.0022872827081427184,-0.7177444922467909,0.0,0,0,0,0,0,2,-0.003484320557491289,0.08060453400503771,,0.7325939096809833,7.73,0.258305
2026-08-29,6,SH008,静安区第1支行,综合支行,静安区,0,6,16,155,263,161,9.43,24.05,0,0,2,4.627,0.2579,579,0.7322970639032815,0.0,0.0,0.012903225806451613,9.6875,25.833333333333332,0.6888888888888889,153.5,8.89,0.006330128205128205,0.0,0.7328100375803128,0.25967,132.04761904761904,7.246666666666667,0.003919125260197548,3.2615786040443573,1.0,910.0,0.001098901098901099,0.009771986970684038,0.06074240719910001,-1.0,,-0.0007000090756468007,-0.0068163438210035576,0.17381896862603688,0.3012879484820606,-0.7196055175726362,0.0,0,0,0,0,0,2,0.009771986970684038,0.17381896862603688,,0.7328100375803128,8.89,0.25967
2026-08-30,7,SH008,静安区第1支行,综合支行,静安区,0,6,16,46,78,48,1.0,2.41,0,0,1,4.65,0.26030000000000003,172,0.7325581395348837,0.0,0.0,0.021739130434782608,2.875,7.666666666666667,0.20444444444444446,45.0,1.0,0.0,0.0,0.7325487012987013,0.25359,131.8095238095238,7.243809523809524,0.003621506212578501,3.2615786040443573,1.0,912.0,0.0010964912280701754,0.022222222222222223,0.0,,,1.288410745339812e-05,0.026460033913009384,-0.6510115606936416,-0.8619510912437549,-0.6972278483848087,0.0,0,0,0,0,0,1,0.022222222222222223,-0.6510115606936416,,0.7325487012987013,1.0,0.25359
2026-08-31,1,SH008,静安区第1支行,综合支行,静安区,0,6,17,161,274,168,9.99,24.18,1,0,9,4.593,0.25969000000000003,603,0.7330016583747927,0.006211180124223602,0.0,0.055900621118012424,9.470588235294118,26.833333333333332,0.7155555555555555,156.5,9.71,0.003067484662576687,0.0,0.7329349548038393,0.26927,131.76190476190476,7.243809523809524,0.003621506212578501,3.2615786040443573,2.0,921.0,0.002171552660152009,0.02875399361022364,0.028836251287332578,1.0248447204968942,,9.100885490070442e-05,-0.0355776729676532,0.2219009757860499,0.37910859847488815,-0.40037306781095644,0.0,0,0,0,0,0,1,0.02875399361022364,0.2219009757860499,,0.7329349548038393,9.71,0.26927
2026-09-01,2,SH008,静安区第1支行,综合支行,静安区,0,6,16,151,256,157,8.93,21.77,0,0,2,4.606,0.26730000000000004,564,0.7322695035460993,0.0,0.0,0.013245033112582781,9.4375,25.166666666666668,0.6711111111111111,146.0,7.68,0.006850600600600601,0.0,0.7327093138231153,0.25705,131.66666666666666,7.184761904761906,0.0036251352982485116,3.2615786040443573,1.0,930.0,0.001075268817204301,0.03424657534246575,0.16276041666666669,-1.0,,-0.0006002520627466482,0.039875510601050525,0.14683544303797477,0.2429082714740188,-0.7033851901406774,0.0,0,0,0,0,1,0,0.03424657534246575,0.14683544303797477,,0.7327093138231153,7.68,0.25705
2026-09-02,3,SH008,静安区第1支行,综合支行,静安区,0,6,16,147,250,153,8.48,17.84,2,0,6,4.691,0.26475000000000004,550,0.7327272727272728,0.013605442176870748,0.0,0.04081632653061224,9.1875,24.5,0.6533333333333333,141.0,7.38,0.0,0.0,0.7327196612910898,0.25927500000000003,131.61904761904762,7.152380952380952,0.0036251352982485116,3.2615786040443573,3.0,939.0,0.003194888178913738,0.0425531914893617,0.1490514905149052,,,1.0387924038486079e-05,0.02111657506508536,0.11685962373371923,0.18561917443408804,-0.11868443076942484,0.0,0,0,0,0,2,0,0.0425531914893617,0.11685962373371923,,0.7327196612910898,7.38,0.25927500000000003
2026-09-03,4,SH008,静安区第1支行,综合支行,静安区,0,6,17,146,248,152,7.59,16.36,0,0,1,4.68,0.25388,546,0.7326007326007326,0.0,0.0,0.00684931506849315,8.588235294117647,24.333333333333332,0.6488888888888888,139.0,7.734999999999999,0.0,0.0,0.7330827067669173,0.259595,131.66666666666666,7.200952380952381,0.004273013497147119,0.0,3.0,949.0,0.003161222339304531,0.050359712230215826,-0.018745959922430458,,,-0.0006574621959238595,-0.02201506192338075,0.10886075949367097,0.054027245073402994,-0.2601890114751278,0.0,0,0,0,0,2,0,0.050359712230215826,0.10886075949367097,,0.7330827067669173,7.734999999999999,0.259595
2026-09-04,5,SH008,静安区第1支行,综合支行,静安区,0,6,16,153,260,159,9.93,21.21,1,0,2,4.61,0.25701,572,0.7325174825174825,0.006535947712418301,0.0,0.013071895424836602,9.5625,25.5,0.68,145.0,7.73,0.0,0.0,0.7323679744140644,0.25094500000000003,131.85714285714286,7.159523809523811,0.003602322685611237,0.0,4.0,959.0,0.004171011470281543,0.05517241379310345,0.2846054333764553,,,0.0002041434205771862,0.02416864253123189,0.16034669555796313,0.38696375124708987,0.15786725240962476,0.0,0,0,0,0,3,0,0.05517241379310345,0.16034669555796313,,0.7323679744140644,7.73,0.25094500000000003
2026-09-05,6,SH008,静安区第1支行,综合支行,静安区,0,6,16,166,282,173,11.48,31.53,0,0,5,4.62,0.26902000000000004,621,0.7326892109500805,0.0,0.0,0.030120481927710843,10.375,27.666666666666668,0.7377777777777778,155.5,9.27,0.003125,0.0,0.732686111999213,0.256595,132.14285714285714,7.2680952380952375,0.0035896191915151857,0.0,4.0,970.0,0.004123711340206186,0.06752411575562701,0.2384034519956851,-1.0,,4.22957500740696e-06,0.048422611508408264,0.25621621621621626,0.5795059948896025,0.14878796891699214,0.0,0,0,0,1,4,0,0.06752411575562701,0.25621621621621626,,0.732686111999213,9.27,0.256595
2026-09-06,7,SH008,静安区第1支行,综合支行,静安区,0,6,16,49,83,51,1.0,2.95,0,0,0,4.6129999999999995,0.24824000000000002,183,0.73224043715847,0.0,0.0,0.0,3.0625,8.166666666666666,0.21777777777777776,45.5,1.0,0.0,0.0,0.7327563424947146,0.25899000000000005,132.61904761904762,7.380952380952381,0.0032843688862648807,0.0,4.0,973.0,0.0041109969167523125,0.07692307692307693,0.0,,,-0.0007040612360831147,-0.04150739410788075,-0.6305206463195692,-0.864516129032258,0.251685501572117,0.0,0,0,0,0,3,0,0.07692307692307693,-0.6305206463195692,,0.7327563424947146,1.0,0.25899000000000005
2026-09-07,1,SH008,静安区第1支行,综合支行,静安区,0,6,16,171,291,178,10.98,22.95,0,0,4,4.5600000000000005,0.27052000000000004,640,0.7328125,0.0,0.0,0.023391812865497075,10.6875,28.5,0.76,158.5,10.015,0.006173074724688489,0.0,0.7329391853517799,0.26524500000000006,132.8095238095238,7.380952380952381,0.002226167828063822,0.0,3.0,983.0,0.003051881993896236,0.07886435331230283,0.09635546679980028,-1.0,,-0.0001728456525614061,0.01988727402967058,0.2875582646109718,0.4876129032258064,0.370912810536197,0.0,0,0,0,0,2,0,0.07886435331230283,0.2875582646109718,,0.7329391853517799,10.015,0.26524500000000006
2026-09-08,2,SH008,静安区第1支行,综合支行,静安区,0,6,16,160,272,167,9.54,24.08,0,0,2,4.651,0.2587,599,0.7328881469115192,0.0,0.0,0.0125,10.0,26.666666666666668,0.7111111111111111,147.5,8.43,0.003472222222222222,0.0,0.7324872019309833,0.25705,133.52380952380952,7.425714285714285,0.001920917522813517,0.0,3.0,992.0,0.0030241935483870967,0.0847457627118644,0.13167259786476862,-1.0,,0.0005473747247445655,0.006418984633339758,0.19828815977175468,0.2847248941900731,0.574348462373148,0.0,0,0,0,0,3,0,0.0847457627118644,0.19828815977175468,,0.7324872019309833,8.43,0.25705
2026-09-09,3,SH008,静安区第1支行,综合支行,静安区,0,6,15,154,262,161,8.77,22.75,0,0,2,4.6,0.26905,577,0.733102253032929,0.0,0.0,0.012987012987012988,10.266666666666667,25.666666666666668,0.6844444444444445,142.0,7.385,0.0,0.0,0.7326640026640027,0.25927500000000003,134.28571428571428,7.5023809523809515,0.001590229692125686,0.0,1.0,999.0,0.001001001001001001,0.08450704225352113,0.1875423155044008,,,0.0005981600943035378,0.03770128242213857,0.14680851063829795,0.16896223421136156,-0.37053055545520186,0.0,0,0,0,0,3,0,0.08450704225352113,0.14680851063829795,,0.7326640026640027,7.385,0.25927500000000003
2026-09-10,4,SH008,静安区第1支行,综合支行,静安区,0,6,16,151,257,158,9.35,24.51,0,0,2,4.656,0.25563,566,0.7332155477031802,0.0,0.0,0.013245033112582781,9.4375,25.166666666666668,0.6711111111111111,139.0,7.71,0.0,0.0,0.7329460685111601,0.257945,135.04761904761904,7.5719047619047615,0.001590229692125686,0.0,1.0,1004.0,0.00099601593625498,0.08633093525179857,0.21271076523994809,,,0.0003676657855161628,-0.00897478144565685,0.11812411847672788,0.2348279982391045,-0.3736653634459628,0.0,0,0,0,0,3,0,0.08633093525179857,0.11812411847672788,,0.7329460685111601,7.71,0.257945
2026-09-11,5,SH008,静安区第1支行,综合支行,静安区,0,6,15,157,266,163,8.65,20.52,0,0,3,4.573,0.23603000000000002,586,0.7320819112627986,0.0,0.0,0.01910828025477707,10.466666666666667,26.166666666666668,0.6977777777777778,145.0,7.73,0.0032679738562091504,0.0,0.7323789598379762,0.251145,135.85714285714286,7.644285714285714,0.001590229692125686,0.0,0.0,1008.0,0.0,0.08275862068965517,0.11901681759379042,-1.0,,-0.00040559408648666614,-0.060184355651117835,0.15562565720294425,0.13156419360867136,-1.0,0.0,0,0,0,0,3,0,0.08275862068965517,0.15562565720294425,,0.7323789598379762,7.73,0.251145
2026-09-12,6,SH008,静安区第1支行,综合支行,静安区,0,6,16,168,285,175,10.52,27.86,2,0,5,4.573,0.28303,628,0.732484076433121,0.011904761904761904,0.0,0.02976190476190476,10.5,28.0,0.7466666666666667,155.5,9.27,0.0,0.0,0.7325923613098697,0.26132500000000003,136.71428571428572,7.684285714285714,0.001590229692125686,0.0,2.0,1010.0,0.0019801980198019802,0.08038585209003216,0.1348435814455232,,,-0.00014781054576535666,0.08305749545584988,0.22884012539184945,0.3690277003160438,0.24522767346584828,0.0,0,0,0,1,4,0,0.08038585209003216,0.22884012539184945,,0.7325923613098697,9.27,0.26132500000000003
2026-09-13,7,SH008,静安区第1支行,综合支行,静安区,0,6,18,49,83,51,1.0,2.63,0,0,0,4.532,0.26533,183,0.73224043715847,0.0,0.0,0.0,2.7222222222222223,8.166666666666666,0.21777777777777776,45.5,1.0,0.0,0.0,0.7323992883466768,0.25359,137.61904761904762,7.77952380952381,0.002157123116161967,0.0,2.0,1010.0,0.0019801980198019802,0.07692307692307693,0.0,,,-0.00021689151086614334,0.04629520091486269,-0.6439446366782007,-0.8714574279243436,-0.08201900718340943,0.0,0,0,0,0,3,0,0.07692307692307693,-0.6439446366782007,,0.7323992883466768,1.0,0.25359
2026-09-14,1,SH008,静安区第1支行,综合支行,静安区,0,6,17,168,286,175,11.56,28.24,0,0,3,4.658,0.26863000000000004,629,0.7329093799682035,0.0,0.0,0.017857142857142856,9.882352941176471,28.0,0.7466666666666667,158.5,10.015,0.003105590062111801,0.0,0.7328446061643836,0.26510500000000004,137.85714285714286,7.763333333333334,0.002157123116161967,0.0,2.0,1007.0,0.0019860973187686196,0.05993690851735016,0.15426859710434346,-1.0,,8.838681935435114e-05,0.013296618321042605,0.2186528497409326,0.48905109489051096,-0.07928420780063909,0.0,0,0,0,0,3,0,0.05993690851735016,0.2186528497409326,,0.7328446061643836,10.015,0.26510500000000004
2026-09-15,2,SH008,静安区第1支行,综合支行,静安区,0,6,15,156,265,162,10.03,25.52,2,0,7,4.711,0.27716,583,0.7324185248713551,0.01282051282051282,0.0,0.04487179487179487,10.4,26.0,0.6933333333333334,147.5,8.43,0.003472222222222222,0.0,0.7327093138231153,0.254845,138.61904761904762,7.8671428571428565,0.002157123116161967,0.0,4.0,1003.0,0.003988035892323031,0.0576271186440678,0.1897983392645314,2.6923076923076925,,-0.0003968680979950909,0.0875630285075243,0.12538646513225696,0.2749228254948248,0.8487752796505611,0.0,0,0,0,0,3,0,0.0576271186440678,0.12538646513225696,,0.7327093138231153,8.43,0.254845
2026-09-16,3,SH008,静安区第1支行,综合支行,静安区,0,6,16,149,253,155,8.29,25.92,0,0,8,4.592,0.26087000000000005,557,0.7324955116696589,0.0,0.0,0.053691275167785234,9.3125,24.833333333333332,0.6622222222222222,142.5,7.895,0.0,0.0,0.7329013539651839,0.26226000000000005,139.28571428571428,8.026190476190475,0.0024322783208946368,0.0,4.0,998.0,0.004008016032064128,0.0456140350877193,0.05003166561114624,,,-0.0005537475041208101,-0.00530008388621979,0.06974358974358981,0.032868584989617346,0.6478443267092501,0.0,0,0,0,0,3,0,0.0456140350877193,0.06974358974358981,,0.7329013539651839,7.895,0.26226000000000005
2026-09-17,4,SH008,静安区第1支行,综合支行,静安区,0,6,16,144,246,151,6.8100000000000005,17.14,0,0,3,4.627,0.2631,541,0.7338262476894639,0.0,0.0,0.020833333333333332,9.0,24.0,0.64,141.0,7.71,0.0,0.0,0.7330124889792915,0.25882000000000005,139.8095238095238,8.10904761904762,0.0024322783208946368,0.0,4.0,991.0,0.004036326942482341,0.02127659574468085,-0.11673151750972756,,,0.0011101566786475426,0.016536589135306198,0.02997275204359683,-0.16019731047037417,0.6594839940018483,0.0,0,0,0,0,2,0,0.02127659574468085,0.02997275204359683,,0.7330124889792915,7.71,0.25882000000000005
2026-09-18,5,SH008,静安区第1支行,综合支行,静安区,0,6,17,149,253,155,8.71,18.17,0,0,1,4.57,0.26641000000000004,557,0.7324955116696589,0.0,0.0,0.006711409395973154,8.764705882352942,24.833333333333332,0.6622222222222222,148.0,8.23,0.0,0.0,0.732363610172599,0.24094500000000002,140.1904761904762,8.123809523809525,0.0024322783208946368,0.0,4.0,983.0,0.004069175991861648,0.006756756756756757,0.05832320777642775,,,0.0001801038380768227,0.1056880200875719,0.06283967391304338,0.07215709261430239,0.6729894588563903,0.0,0,0,0,0,2,0,0.006756756756756757,0.06283967391304338,,0.732363610172599,8.23,0.24094500000000002
2026-09-19,6,SH008,静安区第1支行,综合支行,静安区,0,6,15,159,270,165,10.0,21.87,1,0,5,4.67,0.24962,594,0.7323232323232324,0.006289308176100629,0.0,0.031446540880503145,10.6,26.5,0.7066666666666667,160.5,9.975,0.0,0.0,0.7324897940513899,0.26688500000000004,140.47619047619048,8.192380952380953,0.0024322783208946368,0.0,3.0,974.0,0.003080082135523614,-0.009345794392523364,0.002506265664160437,,,-0.00022739119303805366,-0.06469078442025603,0.13186440677966096,0.2206463613113229,0.2663362202688643,0.0,0,0,0,0,1,0,-0.009345794392523364,0.13186440677966096,,0.7324897940513899,9.975,0.26688500000000004
2026-06-22,1,SH009,静安区第2支行,综合支行,静安区,0,6,15,164,182,111,10.12,28.64,0,0,3,4.648,0.25986000000000004,457,0.6411378555798687,0.0,0.0,0.018292682926829267,10.933333333333334,27.333333333333332,0.7288888888888888,,,,,,,,,,,,,,,,,,,,,,,,0,0,0,0,0,0,,,,,,
2026-06-23,2,SH009,静安区第2支行,综合支行,静安区,0,6,13,153,169,104,8.79,21.35,0,0,5,4.608,0.23635000000000003,426,0.6408450704225352,0.0,0.0,0.032679738562091505,11.76923076923077,25.5,0.68,,,,,,,,,,,,,,,,,,,,,,,,0,0,0,0,0,0,,,,,,
2026-06-24,3,SH009,静安区第2支行,综合支行,静安区,0,6,14,147,164,100,7.29,16.36,0,0,3,4.561,0.26492000000000004,411,0.6423357664233577,0.0,0.0,0.02040816326530612,10.5,24.5,0.6533333333333333,,,,,,,,,,,,,,,,,,,,,,,,0,0,0,0,0,0,,,,,,
2026-06-25,4,SH009,静安区第2支行,综合支行,静安区,0,6,14,145,161,99,7.48,16.13,1,0,3,4.522,0.27077,405,0.6419753086419753,0.006896551724137931,0.0,0.020689655172413793,10.357142857142858,24.166666666666668,0.6444444444444445,,,,,,,,,,,,,,,,,,,,,,,,0,0,0,0,0,0,,,,,,
2026-06-26,5,SH009,静安区第2支行,综合支行,静安区,0,6,14,152,168,103,8.56,19.45,0,0,5,4.624,0.27419000000000004,423,0.640661938534279,0.0,0.0,0.03289473684210526,10.857142857142858,25.333333333333332,0.6755555555555556,,,,,,,,,,,1.0,761.0,0.001314060446780552,,,,,,,,,,,0,0,0,0,0,0,,,,,,
2026-06-27,6,SH009,静安区第2支行,综合支行,静安区,0,6,14,164,182,112,10.17,22.95,0,0,4,4.672,0.26402000000000003,458,0.6419213973799127,0.0,0.0,0.024390243902439025,11.714285714285714,27.333333333333332,0.7288888888888888,,,,,,,152.2,8.447999999999999,0.001379310344827586,0.0,1.0,925.0,0.001081081081081081,,,,,,,0.07752956636005265,0.20383522727272746,-0.21621621621621614,,0,0,0,0,0,0,,0.07752956636005265,,,,
2026-06-28,7,SH009,静安区第2支行,综合支行,静安区,0,6,14,49,54,33,1.0,2.94,0,0,1,4.607,0.27167,136,0.6397058823529411,0.0,0.0,0.02040816326530612,3.5,8.166666666666666,0.21777777777777776,,,,,,,154.16666666666666,8.735,0.0011494252873563218,0.0,1.0,974.0,0.001026694045174538,,,,,,,-0.6821621621621622,-0.8855180309101316,-0.10677618069815191,,0,0,0,0,0,0,,-0.6821621621621622,,,,
2026-06-29,1,SH009,静安区第2支行,综合支行,静安区,0,6,14,171,189,116,11.89,33.8,1,0,10,4.595,0.25983,476,0.6407563025210085,0.005847953216374269,0.0,0.05847953216374269,12.214285714285714,28.5,0.76,,,,,,,139.14285714285714,7.63,0.0009852216748768472,0.0,2.0,981.0,0.0020387359836901123,,,,,,,0.228952772073922,0.5583224115334208,1.069317023445464,,0,0,0,0,0,0,,0.228952772073922,,,,
2026-06-30,2,SH009,静安区第2支行,综合支行,静安区,0,6,14,161,179,109,9.42,26.94,0,0,5,4.636,0.25769000000000003,449,0.6414253897550112,0.0,0.0,0.031055900621118012,11.5,26.833333333333332,0.7155555555555555,,,,,,,143.125,8.1625,0.001593063117564025,0.0,2.0,989.0,0.0020222446916076846,,,,,,,0.12489082969432315,0.15405819295558962,0.26940650958006435,,0,0,0,0,0,0,,0.12489082969432315,,,,
2026-07-01,3,SH009,静安区第2支行,综合支行,静安区,0,6,15,157,174,107,8.89,20.03,0,0,2,4.624,0.26536000000000004,438,0.6415525114155252,0.0,0.0,0.012738853503184714,10.466666666666667,26.166666666666668,0.6977777777777778,,,,,,,145.11111111111111,8.302222222222222,0.0014160561045013554,0.0,2.0,999.0,0.002002002002002002,,,,,,,0.08192955589586522,0.07079764453961472,0.41378720492644555,,0,0,0,0,0,0,,0.08192955589586522,,,,
2026-07-02,4,SH009,静安区第2支行,综合支行,静安区,0,6,14,156,173,106,8.16,25.63,0,0,3,4.571,0.25819000000000003,435,0.6413793103448275,0.0,0.0,0.019230769230769232,11.142857142857142,26.0,0.6933333333333334,,,,,,,146.3,8.361,0.00127445049405122,0.0,1.0,1010.0,0.0009900990099009901,,,,,,,0.06630211893369779,-0.024040186580552625,-0.22311693194635915,,0,0,0,0,0,0,,0.06630211893369779,,,,
2026-07-03,5,SH009,静安区第2支行,综合支行,静安区,0,6,14,164,182,111,10.47,24.36,0,0,2,4.572,0.27625,457,0.6411378555798687,0.0,0.0,0.012195121951219513,11.714285714285714,27.333333333333332,0.7288888888888888,,,,,,,147.1818181818182,8.342727272727272,0.0011585913582283817,0.0,1.0,1022.0,0.0009784735812133072,,,,,,,0.11426806670784431,0.2549852893102323,-0.1554627313037231,,0,0,0,0,0,0,,0.11426806670784431,,,,
2026-07-04,6,SH009,静安区第2支行,综合支行,静安区,0,6,14,178,197,121,11.43,26.95,0,0,4,4.551,0.25445,496,0.6411290322580645,0.0,0.0,0.02247191011235955,12.714285714285714,29.666666666666668,0.7911111111111111,,,,,,,148.58333333333334,8.52,0.0010620420783760166,0.0,1.0,1036.0,0.0009652509652509653,,,,,,,0.19798093101514294,0.34154929577464793,-0.09113679683299931,,0,0,0,0,0,0,,0.19798093101514294,,,,
2026-07-05,7,SH009,静安区第2支行,综合支行,静安区,0,6,14,53,58,36,1.0,2.77,0,0,1,4.594,0.25464000000000003,147,0.6394557823129252,0.0,0.0,0.018867924528301886,3.7857142857142856,8.833333333333334,0.23555555555555557,,,,,,,150.84615384615384,8.743846153846153,0.0009803465338855538,0.0,1.0,1040.0,0.0009615384615384616,,,,,,,-0.6486486486486487,-0.8856338523796956,-0.019185126582278396,,0,0,0,0,0,0,,-0.6486486486486487,,,,
2026-07-06,1,SH009,静安区第2支行,综合支行,静安区,0,6,15,184,204,125,14.23,41.58,2,0,9,4.446,0.26316,513,0.6413255360623782,0.010869565217391304,0.0,0.04891304347826087,12.266666666666667,30.666666666666668,0.8177777777777778,167.5,11.004999999999999,0.0029239766081871343,0.0,0.6409470790504386,0.259845,143.85714285714286,8.190714285714286,0.0009103217814651571,0.0,2.0,1053.0,0.001899335232668566,0.09850746268656717,0.2930486142662428,2.717391304347826,,0.0005904653040939008,0.012757605495583954,0.279046673286991,0.7373332170576437,1.0864437953045551,0.0,0,0,0,0,1,0,0.09850746268656717,0.279046673286991,,0.6409470790504386,11.004999999999999,0.259845
2026-07-07,2,SH009,静安区第2支行,综合支行,静安区,0,6,14,173,191,117,11.32,24.09,1,0,4,4.732,0.25919000000000003,481,0.6403326403326404,0.005780346820809248,0.0,0.023121387283236993,12.357142857142858,28.833333333333332,0.7688888888888888,157.0,9.105,0.0,0.0,0.6411352300887732,0.24702000000000002,146.53333333333333,8.593333333333334,0.0015742713438602336,0.0,3.0,1065.0,0.0028169014084507044,0.10191082802547771,0.24327292696320701,,,-0.0012518260087215284,0.04926726580843662,0.18061874431301184,0.317300232738557,0.7893366473554978,0.0,0,0,0,0,2,0,0.10191082802547771,0.18061874431301184,,0.6411352300887732,9.105,0.24702000000000002
2026-07-08,3,SH009,静安区第2支行,综合支行,静安区,0,6,14,167,185,113,10.11,23.93,0,0,2,4.6850000000000005,0.25163,465,0.6408602150537634,0.0,0.0,0.011976047904191617,11.928571428571429,27.833333333333332,0.7422222222222222,152.0,8.09,0.0,0.0,0.6419441389194414,0.26514000000000004,148.1875,8.76375,0.001837151061169547,0.0,3.0,1075.0,0.0027906976744186047,0.09868421052631579,0.24969097651421504,,,-0.0016885018492456838,-0.05095421286867323,0.12695065373260228,0.15361574668378258,0.5190354965377867,0.0,0,0,0,0,3,0,0.09868421052631579,0.12695065373260228,,0.6419441389194414,8.09,0.26514000000000004
2026-07-09,4,SH009,静安区第2支行,综合支行,静安区,0,6,14,164,182,112,9.03,27.76,0,0,3,4.625,0.25077,458,0.6419213973799127,0.0,0.0,0.018292682926829267,11.714285714285714,27.333333333333332,0.7288888888888888,150.5,7.82,0.0034482758620689655,0.0,0.6416773094934014,0.26448000000000005,149.2941176470588,8.842941176470589,0.0017290833516889854,0.0,3.0,1083.0,0.002770083102493075,0.08970099667774087,0.1547314578005114,-1.0,,0.000380390397011261,-0.051837568058076426,0.09850275807722625,0.021153462382757775,0.6020529604817667,0.0,0,0,0,1,4,0,0.08970099667774087,0.09850275807722625,,0.6416773094934014,7.82,0.26448000000000005
2026-07-10,5,SH009,静安区第2支行,综合支行,静安区,0,6,12,170,189,116,11.07,34.41,0,0,1,4.585,0.24018000000000003,475,0.6421052631578947,0.0,0.0,0.0058823529411764705,14.166666666666666,28.333333333333332,0.7555555555555555,158.0,9.515,0.0,0.0,0.6408998970570738,0.27522,150.11111111111111,8.853333333333333,0.0016330231654840418,0.0,3.0,1089.0,0.0027548209366391185,0.0759493670886076,0.16342616920651598,,,0.0018807400443591451,-0.12731632875517762,0.1324944485566247,0.2503765060240964,0.6869454119608686,0.0,0,0,0,1,5,0,0.0759493670886076,0.1324944485566247,,0.6408998970570738,9.515,0.27522
2026-07-11,6,SH009,静安区第2支行,综合支行,静安区,0,6,14,182,202,124,11.85,23.72,1,0,5,4.582,0.2676,508,0.6417322834645669,0.005494505494505495,0.0,0.027472527472527472,13.0,30.333333333333332,0.8088888888888889,171.0,10.8,0.0,0.0,0.6415252148189886,0.259235,151.1578947368421,8.97,0.001547074577826987,0.0,4.0,1093.0,0.0036596523330283625,0.06432748538011696,0.09722222222222211,,,0.0003227755367912016,0.032268019364669165,0.20403899721448465,0.3210702341137122,1.3655306508679699,0.0,0,0,0,1,4,0,0.06432748538011696,0.20403899721448465,,0.6415252148189886,10.8,0.259235
2026-07-12,7,SH009,静安区第2支行,综合支行,静安区,0,6,14,53,59,36,1.0,2.87,0,0,0,4.656,0.2746,148,0.6418918918918919,0.0,0.0,0.0,3.7857142857142856,8.833333333333334,0.23555555555555557,51.0,1.0,0.0,0.0,0.6395808323329332,0.26315500000000003,152.7,9.114,0.0017444461236609122,0.0,4.0,1093.0,0.0036596523330283625,0.0392156862745098,0.0,,,0.0036133971534589348,0.0434914784062624,-0.6529142108709889,-0.89027869212201,1.0978878529926617,0.0,0,0,0,0,3,0,0.0392156862745098,-0.6529142108709889,,0.6395808323329332,1.0,0.26315500000000003
2026-07-13,1,SH009,静安区第2支行,综合支行,静安区,0,6,15,184,204,125,13.62,29.3,0,0,6,4.553,0.25582000000000005,513,0.6413255360623782,0.0,0.0,0.03260869565217391,12.266666666666667,30.666666666666668,0.8177777777777778,171.0,11.89,0.005847953216374269,0.0,0.6411378555798687,0.25986000000000004,147.95238095238096,8.727619047619047,0.0016613772606294402,0.0,2.0,1093.0,0.0018298261665141812,0.07602339181286549,0.14550042052144646,-1.0,,0.0002927303088970703,-0.01554683291002843,0.24364338590280005,0.5605630728939328,0.1013911228211474,0.0,0,0,0,0,3,0,0.07602339181286549,0.24364338590280005,,0.6411378555798687,11.89,0.25986000000000004
2026-07-14,2,SH009,静安区第2支行,综合支行,静安区,0,6,14,170,189,116,12.16,26.87,0,0,3,4.464,0.25636000000000003,475,0.6421052631578947,0.0,0.0,0.01764705882352941,12.142857142857142,28.333333333333332,0.7555555555555555,161.0,9.42,0.0,0.0,0.6408450704225352,0.25769000000000003,148.9047619047619,8.894285714285715,0.0016613772606294402,0.0,1.0,1090.0,0.0009174311926605505,0.055900621118012424,0.29087048832271767,,,0.001966454598033488,-0.005161240249912677,0.1416693316277583,0.3671699325409572,-0.447788762732333,0.0,0,0,0,0,3,0,0.055900621118012424,0.1416693316277583,,0.6408450704225352,9.42,0.25769000000000003
2026-07-15,3,SH009,静安区第2支行,综合支行,静安区,0,6,14,163,180,111,9.76,21.38,1,0,3,4.607,0.25237000000000004,454,0.6409691629955947,0.006134969325153374,0.0,0.018404907975460124,11.642857142857142,27.166666666666668,0.7244444444444444,157.0,8.89,0.0,0.0,0.6415525114155252,0.26492000000000004,149.71428571428572,9.054761904761905,0.0016613772606294402,0.0,2.0,1086.0,0.001841620626151013,0.03821656050955414,0.09786276715410565,,,-0.000909276184802643,-0.047372791786199624,0.08874045801526712,0.0778858795687614,0.10849032895351206,0.0,0,0,0,0,2,0,0.03821656050955414,0.08874045801526712,,0.6415525114155252,8.89,0.26492000000000004
2026-07-16,4,SH009,静安区第2支行,综合支行,静安区,0,6,13,158,175,108,10.24,31.35,0,0,3,4.697,0.2546,441,0.6417233560090703,0.0,0.0,0.0189873417721519,12.153846153846153,26.333333333333332,0.7022222222222222,156.0,8.16,0.0,0.0,0.6419213973799127,0.25819000000000003,150.47619047619048,9.172380952380953,0.0019535186570653154,0.0,2.0,1080.0,0.001851851851851852,0.01282051282051282,0.2549019607843137,,,-0.00030851342804708194,-0.013904488942251974,0.04999999999999996,0.11639497456131236,-0.052042914893985694,0.0,0,0,0,0,3,0,0.01282051282051282,0.04999999999999996,,0.6419213973799127,8.16,0.25819000000000003
2026-07-17,5,SH009,静安区第2支行,综合支行,静安区,0,6,15,163,181,111,11.06,35.06,0,0,6,4.6,0.26504,455,0.6417582417582418,0.0,0.0,0.03680981595092025,10.866666666666667,27.166666666666668,0.7244444444444444,164.0,10.47,0.0,0.0,0.6411378555798687,0.27419000000000004,151.0952380952381,9.303809523809523,0.0016251114321063661,0.0,2.0,1073.0,0.001863932898415657,-0.006097560975609756,0.05635148042024831,,,0.0009676330495444264,-0.03337102009555434,0.07878978884336585,0.18876036441805727,0.14695697882067424,0.0,0,0,0,0,3,0,-0.006097560975609756,0.07878978884336585,,0.6411378555798687,10.47,0.27419000000000004
2026-07-18,6,SH009,静安区第2支行,综合支行,静安区,0,6,14,173,192,118,11.69,31.61,0,0,1,4.553,0.24484000000000003,483,0.6418219461697723,0.0,0.0,0.005780346820809248,12.357142857142858,28.833333333333332,0.7688888888888888,178.0,11.43,0.0,0.0,0.6417322834645669,0.26402000000000003,151.61904761904762,9.422857142857143,0.0016251114321063661,0.0,1.0,1064.0,0.0009398496240601503,-0.028089887640449437,0.022747156605424305,,,0.00013971979829550705,-0.0726460116657829,0.14101758793969849,0.24060036385688283,-0.4216706587055529,0.0,0,0,0,0,2,0,-0.028089887640449437,0.14101758793969849,,0.6417322834645669,11.43,0.26402000000000003
2026-07-19,7,SH009,静安区第2支行,综合支行,静安区,0,6,14,50,56,34,1.0,2.62,0,0,1,4.55,0.26793,140,0.6428571428571429,0.0,0.0,0.02,3.5714285714285716,8.333333333333334,0.22222222222222224,53.0,1.0,0.0,0.0,0.6397058823529411,0.27167,152.04761904761904,9.495238095238095,0.0016251114321063661,0.0,1.0,1061.0,0.000942507068803016,-0.05660377358490566,0.0,,,0.004926108374384393,-0.013766702249052236,-0.6711556529909176,-0.8946840521564694,-0.42003542022875423,0.0,0,0,0,0,1,0,-0.05660377358490566,-0.6711556529909176,,0.6397058823529411,1.0,0.27167
2026-07-20,1,SH009,静安区第2支行,综合支行,静安区,0,6,14,174,193,118,12.14,31.44,0,0,3,4.546,0.26218,485,0.6412371134020619,0.0,0.0,0.017241379310344827,12.428571428571429,29.0,0.7733333333333333,177.5,12.754999999999999,0.0029239766081871343,0.0,0.6412316958211235,0.259845,152.0952380952381,9.495238095238095,0.0016251114321063661,0.0,1.0,1051.0,0.0009514747859181732,-0.01971830985915493,-0.04821638573108573,-1.0,,8.448710464130457e-06,0.008986126344551681,0.14402003757044454,0.27853560682046147,-0.4145172034849745,0.0,0,0,0,0,1,0,-0.01971830985915493,0.14402003757044454,,0.6412316958211235,12.754999999999999,0.259845
2026-07-21,2,SH009,静安区第2支行,综合支行,静安区,0,6,14,161,179,110,10.48,24.55,1,0,3,4.639,0.25225000000000003,450,0.6422222222222222,0.006211180124223602,0.0,0.018633540372670808,11.5,26.833333333333332,0.7155555555555555,165.5,10.370000000000001,0.0,0.0,0.6411352300887732,0.25702500000000006,152.23809523809524,9.507142857142856,0.0013466374694218772,0.0,2.0,1042.0,0.0019193857965451055,-0.027190332326283987,0.010607521697203416,,,0.0016954178813393024,-0.01857795934247652,0.057553956834532356,0.10232907588279504,0.4253173850636386,0.0,0,0,0,0,0,0,-0.027190332326283987,0.057553956834532356,,0.6411352300887732,10.370000000000001,0.25702500000000006
2026-07-22,3,SH009,静安区第2支行,综合支行,静安区,0,6,14,155,172,105,8.61,22.85,0,0,3,4.655,0.24705000000000002,432,0.6412037037037037,0.0,0.0,0.01935483870967742,11.071428571428571,25.833333333333332,0.6888888888888889,160.0,9.325,0.0,0.0,0.6412608372055599,0.258645,152.23809523809524,9.557619047619047,0.001642407951527763,0.0,1.0,1034.0,0.0009671179883945841,-0.03125,-0.07667560321715816,,,-8.909557319168669e-05,-0.044829786000115966,0.01814200813262432,-0.09914802451297895,-0.41115848380119335,0.0,0,0,0,0,0,0,-0.03125,0.01814200813262432,,0.6412608372055599,9.325,0.258645
2026-07-23,4,SH009,静安区第2支行,综合支行,静安区,0,6,14,152,169,103,8.73,18.54,0,0,3,4.631,0.25620000000000004,424,0.6415094339622641,0.0,0.0,0.019736842105263157,10.857142857142858,25.333333333333332,0.6755555555555556,157.0,8.594999999999999,0.0,0.0,0.6418223766944915,0.25639500000000004,152.14285714285714,9.544285714285714,0.001642407951527763,0.0,1.0,1028.0,0.0009727626459143969,-0.03184713375796178,0.015706806282722696,,,-0.00048758463959933546,-0.0007605452524425231,-0.000938967136150208,-0.08531656937584182,-0.40772166561326256,0.0,0,0,0,0,0,0,-0.03184713375796178,-0.000938967136150208,,0.6418223766944915,8.594999999999999,0.25639500000000004
2026-07-24,5,SH009,静安区第2支行,综合支行,静安区,0,6,14,158,176,108,8.91,18.65,3,0,9,4.549,0.25709000000000004,442,0.6425339366515838,0.0189873417721519,0.0,0.056962025316455694,11.285714285714286,26.333333333333332,0.7022222222222222,163.5,10.765,0.0,0.0,0.6414480486690552,0.26961500000000005,151.95238095238096,9.571428571428571,0.001642407951527763,0.0,4.0,1023.0,0.0039100684261974585,-0.03363914373088685,-0.17231769623780774,,,0.0016928697262102936,-0.04645513046380953,0.03979943591350666,-0.06910447761194026,1.3806925816209816,0.0,0,0,0,0,0,1,-0.03363914373088685,0.03979943591350666,,0.6414480486690552,10.765,0.26961500000000005
2026-07-25,6,SH009,静安区第2支行,综合支行,静安区,0,6,13,171,189,116,10.5,32.69,0,0,1,4.626,0.26217,476,0.6407563025210085,0.0,0.0,0.005847953216374269,13.153846153846153,28.5,0.76,175.5,11.559999999999999,0.0,0.0,0.6417771148171696,0.259235,151.66666666666666,9.497142857142856,0.002546567083534996,0.0,4.0,1021.0,0.0039177277179236044,-0.02564102564102564,-0.09169550173010371,,,-0.001590602520085098,0.01132177368025159,0.12747252747252755,0.10559566787003619,0.5384349162658786,0.0,0,0,0,0,0,1,-0.02564102564102564,0.12747252747252755,,0.6417771148171696,11.559999999999999,0.259235
2026-07-26,7,SH009,静安区第2支行,综合支行,静安区,0,6,14,50,56,34,1.0,2.62,0,0,0,4.572,0.26278,140,0.6428571428571429,0.0,0.0,0.0,3.5714285714285716,8.333333333333334,0.22222222222222224,51.5,1.0,0.0,0.0,0.6407988871224165,0.26980000000000004,151.33333333333334,9.452857142857145,0.002546567083534996,0.0,4.0,1021.0,0.0039177277179236044,-0.02912621359223301,0.0,,,0.003212015151850905,-0.02601927353595265,-0.6696035242290749,-0.8942118784947862,0.5384349162658786,0.0,0,0,0,0,0,1,-0.02912621359223301,-0.6696035242290749,,0.6407988871224165,1.0,0.26980000000000004
2026-07-27,1,SH009,静安区第2支行,综合支行,静安区,0,6,14,176,195,120,13.63,41.66,2,0,7,4.504,0.26646000000000003,491,0.6415478615071283,0.011363636363636364,0.0,0.03977272727272727,12.571428571428571,29.333333333333332,0.7822222222222222,179.0,12.879999999999999,0.0029239766081871343,0.0,0.64128132473222,0.26100500000000004,151.1904761904762,9.452857142857145,0.002546567083534996,0.0,6.0,1023.0,0.005865102639296188,-0.01675977653631285,0.05822981366459642,2.8863636363636367,,0.00041563158730621995,0.020899982758950927,0.16409448818897626,0.4418920961160645,1.3031408350549296,0.0,0,0,0,0,0,1,-0.01675977653631285,0.16409448818897626,,0.64128132473222,12.879999999999999,0.26100500000000004
2026-07-28,2,SH009,静安区第2支行,综合支行,静安区,0,6,14,166,184,113,9.67,22.75,1,0,2,4.702,0.26565,463,0.6414686825053996,0.006024096385542169,0.0,0.012048192771084338,11.857142857142858,27.666666666666668,0.7377777777777778,165.5,10.9,0.002890173410404624,0.0,0.6417653264564529,0.25702500000000006,150.8095238095238,9.424285714285714,0.002570094280975237,0.0,6.0,1028.0,0.005836575875486381,0.0030211480362537764,-0.11284403669724774,1.0843373493975905,,-0.00046223119078631206,0.03355704697986552,0.10072623934322712,0.02607245717750491,1.2709578861331339,0.0,0,0,0,0,0,1,0.0030211480362537764,0.10072623934322712,,0.6417653264564529,10.9,0.25702500000000006
2026-07-29,3,SH009,静安区第2支行,综合支行,静安区,0,6,13,161,179,110,9.41,28.58,0,0,2,4.565,0.26361,450,0.6422222222222222,0.0,0.0,0.012422360248447204,12.384615384615385,26.833333333333332,0.7155555555555555,160.0,9.325,0.0,0.0,0.6410864333496492,0.252,150.47619047619048,9.345714285714285,0.0025817014031053764,0.0,6.0,1034.0,0.005802707930367505,0.00625,0.009115281501340574,,,0.001771662623772261,0.04607142857142861,0.06993670886075945,0.006878630388260542,1.2476293824637388,0.0,0,0,0,0,0,0,0.00625,0.06993670886075945,,0.6410864333496492,9.325,0.252
2026-07-30,4,SH009,静安区第2支行,综合支行,静安区,0,6,14,160,178,109,9.59,30.3,0,0,4,4.571,0.2737,447,0.6420581655480985,0.0,0.0,0.025,11.428571428571429,26.666666666666668,0.7111111111111111,157.0,8.879999999999999,0.0,0.0,0.6416163949856672,0.2554,150.1904761904762,9.312380952380952,0.0025817014031053764,0.0,6.0,1042.0,0.005758157389635317,0.01910828025477707,0.07995495495495505,,,0.0006885275468079166,0.07165231010180102,0.0653138871274571,0.029811822458580516,1.2303731108133453,0.0,0,0,0,0,0,0,0.01910828025477707,0.0653138871274571,,0.6416163949856672,8.879999999999999,0.2554
2026-07-31,5,SH009,静安区第2支行,综合支行,静安区,0,6,14,169,187,115,10.92,24.35,2,0,4,4.57,0.26909,471,0.6411889596602972,0.011834319526627219,0.0,0.023668639053254437,12.071428571428571,28.166666666666668,0.7511111111111112,163.5,10.765,0.0,0.0,0.6419317524580683,0.261065,150.0,9.33904761904762,0.0025817014031053764,0.0,5.0,1053.0,0.004748338081671415,0.03363914373088685,0.014398513701811366,,,-0.001157121134648405,0.030739471012966136,0.12666666666666668,0.16928411176830507,0.8392282221173676,0.0,0,0,0,0,0,0,0.03363914373088685,0.12666666666666668,,0.6419317524580683,10.765,0.261065
2026-08-01,6,SH009,静安区第2支行,综合支行,静安区,0,6,14,181,201,123,12.54,34.1,0,0,3,4.557,0.26441000000000003,505,0.6415841584158416,0.0,0.0,0.016574585635359115,12.928571428571429,30.166666666666668,0.8044444444444445,175.5,11.559999999999999,0.0,0.0,0.6414306578613157,0.25831000000000004,149.95238095238096,9.331904761904761,0.003145240428182863,0.0,5.0,1063.0,0.004703668861712135,0.03133903133903134,0.08477508650519036,,,0.00023930966293021617,0.023615036196817752,0.20704985709749119,0.3437771087411339,0.4954878550984547,0.0,0,0,0,0,0,0,0.03133903133903134,0.20704985709749119,,0.6414306578613157,11.559999999999999,0.25831000000000004
2026-08-02,7,SH009,静安区第2支行,综合支行,静安区,0,6,13,54,60,37,1.0,2.71,1,0,1,4.588,0.26297000000000004,151,0.6423841059602649,0.018518518518518517,0.0,0.018518518518518517,4.153846153846154,9.0,0.24,51.5,1.0,0.0,0.0,0.6423745173745175,0.265355,149.9047619047619,9.364761904761904,0.002883597309396887,0.0,6.0,1067.0,0.005623242736644799,0.04854368932038835,0.0,,,1.4926784123675793e-05,-0.008987959525917999,-0.6397712833545108,-0.8932167192108207,0.9500790621215127,0.0,0,0,0,0,0,0,0.04854368932038835,-0.6397712833545108,,0.6423745173745175,1.0,0.265355
2026-08-03,1,SH009,静安区第2支行,综合支行,静安区,0,6,14,189,209,128,14.58,35.78,3,0,5,4.497,0.24468,526,0.6406844106463878,0.015873015873015872,0.0,0.026455026455026454,13.5,31.5,0.84,180.0,13.625,0.005434782608695652,0.0,0.6413255360623782,0.26267,149.95238095238096,9.364761904761904,0.003765431524564436,0.0,7.0,1080.0,0.006481481481481481,0.05,0.07009174311926605,1.9206349206349205,,-0.0009996879586719196,-0.06848897856626186,0.26040012702445214,0.5569002339062342,0.7213117378973511,0.0,0,0,0,0,0,0,0.05,0.26040012702445214,,0.6413255360623782,13.625,0.26267
2026-08-04,2,SH009,静安区第2支行,综合支行,静安区,0,6,15,178,197,121,11.68,33.13,0,0,5,4.659,0.25971,496,0.6411290322580645,0.0,0.0,0.028089887640449437,11.866666666666667,29.666666666666668,0.7911111111111111,168.0,10.9,0.005902221603175708,0.0,0.6417869728316472,0.25777500000000003,150.1904761904762,9.41047619047619,0.004521289423279477,0.0,6.0,1092.0,0.005494505494505495,0.05952380952380952,0.07155963302752287,-1.0,,-0.0010251697236542303,0.007506546406749934,0.18516169942929603,0.2411699220726647,0.21525188505187628,0.0,0,0,0,0,0,0,0.05952380952380952,0.18516169942929603,,0.6417869728316472,10.9,0.25777500000000003
2026-08-05,3,SH009,静安区第2支行,综合支行,静安区,0,6,14,173,192,118,11.74,36.36,1,0,7,4.603,0.25174,483,0.6418219461697723,0.005780346820809248,0.0,0.04046242774566474,12.357142857142858,28.833333333333332,0.7688888888888888,162.0,9.585,0.0,0.0,0.6410864333496492,0.252,150.57142857142858,9.387619047619047,0.004521289423279477,0.0,7.0,1104.0,0.006340579710144928,0.06790123456790123,0.2248304642670839,,,0.001147291194855039,-0.0010317460317459622,0.1489563567362428,0.2505833417875622,0.402383063003705,0.0,0,0,0,0,1,0,0.06790123456790123,0.1489563567362428,,0.6410864333496492,9.585,0.252
2026-08-06,4,SH009,静安区第2支行,综合支行,静安区,0,6,15,171,190,116,10.91,27.91,0,0,2,4.593,0.25147,477,0.6415094339622641,0.0,0.0,0.011695906432748537,11.4,28.5,0.76,159.0,9.309999999999999,0.0,0.0,0.6418223766944915,0.2554,151.04761904761904,9.481904761904762,0.004504402637358328,0.0,7.0,1115.0,0.006278026905829596,0.07547169811320754,0.1718582169709991,,,-0.00048758463959933546,-0.015387627251370356,0.13209331651954612,0.15061269586179193,0.3937534921415098,0.0,0,0,0,0,2,0,0.07547169811320754,0.13209331651954612,,0.6418223766944915,9.309999999999999,0.2554
2026-08-07,5,SH009,静安区第2支行,综合支行,静安区,0,6,15,179,198,121,12.83,28.05,2,0,1,4.527,0.26080000000000003,498,0.6405622489959839,0.0111731843575419,0.0,0.00558659217877095,11.933333333333334,29.833333333333332,0.7955555555555556,166.0,10.99,0.005917159763313609,0.0,0.6419317524580683,0.261065,151.66666666666666,9.513809523809524,0.004504402637358328,0.0,7.0,1125.0,0.006222222222222222,0.0783132530120482,0.16742493175614193,0.8882681564245811,,-0.002133409753981406,-0.0010150728745713126,0.1802197802197803,0.3485659942940087,0.38136457221136305,0.0,0,0,0,0,3,0,0.0783132530120482,0.1802197802197803,,0.6419317524580683,10.99,0.261065
2026-08-08,6,SH009,静安区第2支行,综合支行,静安区,0,6,13,193,214,131,14.18,36.23,0,0,3,4.525,0.27202000000000004,538,0.6412639405204461,0.0,0.0,0.015544041450777202,14.846153846153847,32.166666666666664,0.8577777777777778,177.0,11.77,0.0,0.0,0.6416582209402042,0.26329,152.42857142857142,9.598095238095238,0.005036459035336514,0.0,7.0,1137.0,0.006156552330694811,0.0903954802259887,0.20475785896346646,,,-0.0006144710796042759,0.033157355007786146,0.26616682286785387,0.47737646358404434,0.22239698317797538,0.0,0,0,0,1,4,0,0.0903954802259887,0.26616682286785387,,0.6416582209402042,11.77,0.26329
2026-08-09,7,SH009,静安区第2支行,综合支行,静安区,0,6,13,57,63,38,1.53,4.69,0,0,1,4.645,0.25822,158,0.6392405063291139,0.0,0.0,0.017543859649122806,4.384615384615385,9.5,0.25333333333333335,51.5,1.0,0.0,0.0,0.6426206244087038,0.26545,153.38095238095238,9.716666666666667,0.005036459035336514,0.0,6.0,1140.0,0.005263157894736842,0.10679611650485436,0.53,,,-0.005259896665626146,-0.027236767752872534,-0.6283762806581807,-0.8425385934819898,0.04501155629575786,0.0,0,0,0,1,5,0,0.10679611650485436,-0.6283762806581807,,0.6426206244087038,1.0,0.26545
2026-08-10,1,SH009,静安区第2支行,综合支行,静安区,0,6,15,196,218,133,15.11,37.94,1,0,6,4.541,0.26869000000000004,547,0.6416819012797075,0.00510204081632653,0.0,0.030612244897959183,13.066666666666666,32.666666666666664,0.8711111111111111,180.0,13.625,0.005681818181818182,0.0,0.64128132473222,0.259,153.71428571428572,9.741904761904761,0.005036459035336514,0.0,4.0,1147.0,0.0034873583260680036,0.08888888888888889,0.10899082568807335,-0.10204081632653071,,0.0006246502619653776,0.03741312741312754,0.2750929368029739,0.5510313813667025,-0.30757734717979424,0.0,0,0,0,1,4,0,0.08888888888888889,0.2750929368029739,,0.64128132473222,13.625,0.259
2026-08-11,2,SH009,静安区第2支行,综合支行,静安区,0,6,14,182,202,124,12.99,38.21,1,0,7,4.509,0.25343000000000004,508,0.6417322834645669,0.005494505494505495,0.0,0.038461538461538464,13.0,30.333333333333332,0.8088888888888889,168.0,11.08,0.0030120481927710845,0.0,0.6417869728316472,0.258035,154.76190476190476,9.883333333333335,0.005279413359923491,0.0,5.0,1151.0,0.004344048653344918,0.08333333333333333,0.1723826714801444,0.8241758241758242,,-8.521420564055809e-05,-0.01784641618385091,0.17600000000000002,0.3143338954468801,-0.1771720914446693,0.0,0,0,0,1,4,0,0.08333333333333333,0.17600000000000002,,0.6417869728316472,11.08,0.258035
2026-08-12,3,SH009,静安区第2支行,综合支行,静安区,0,6,15,175,194,119,11.45,26.45,0,0,8,4.59,0.27055,488,0.6413934426229508,0.0,0.0,0.045714285714285714,11.666666666666666,29.166666666666668,0.7777777777777778,162.0,9.585,0.002890173410404624,0.0,0.641512824936738,0.25205500000000003,155.76190476190476,10.002857142857144,0.0052452859966035815,0.0,4.0,1153.0,0.003469210754553339,0.08024691358024691,0.19457485654668735,-1.0,,-0.00018609497604188486,0.07337684235583496,0.12350963008254358,0.14467295058554683,-0.338604080540181,0.0,0,0,0,1,4,0,0.08024691358024691,0.12350963008254358,,0.641512824936738,9.585,0.25205500000000003
2026-08-13,4,SH009,静安区第2支行,综合支行,静安区,0,6,15,171,189,116,9.94,31.79,1,0,5,4.672,0.27751000000000003,476,0.6407563025210085,0.005847953216374269,0.0,0.029239766081871343,11.4,28.5,0.76,159.0,9.915,0.0,0.0,0.6416163949856672,0.2554,156.71428571428572,10.138095238095238,0.0052452859966035815,0.0,5.0,1153.0,0.004336513443191674,0.07547169811320754,0.0025214321734745694,,,-0.0013405088638328883,0.08657008613938925,0.09115770282588873,-0.01953968999530296,-0.17325510067522623,0.0,0,0,0,0,3,0,0.07547169811320754,0.09115770282588873,,0.6416163949856672,9.915,0.2554
2026-08-14,5,SH009,静安区第2支行,综合支行,静安区,0,6,14,176,195,120,11.0,29.51,0,0,2,4.624,0.24965,491,0.6415478615071283,0.0,0.0,0.011363636363636364,12.571428571428571,29.333333333333332,0.7822222222222222,166.0,10.99,0.01150375194208456,0.0,0.6414736007092695,0.26292000000000004,157.61904761904762,10.195714285714285,0.0055237599592880705,0.0,3.0,1150.0,0.0026086956521739132,0.060240963855421686,0.0009099181073703173,-1.0,,0.00011576594543666716,-0.05047162635022071,0.11661631419939576,0.07888468544206258,-0.5277318943254488,0.0,0,0,0,0,2,0,0.060240963855421686,0.11661631419939576,,0.6414736007092695,10.99,0.26292000000000004
2026-08-15,6,SH009,静安区第2支行,综合支行,静安区,0,6,14,187,208,127,13.27,30.86,0,0,4,4.495,0.25678,522,0.6417624521072797,0.0,0.0,0.0213903743315508,13.357142857142858,31.166666666666668,0.8311111111111111,177.0,12.114999999999998,0.0,0.0,0.6414240494681438,0.26329,158.47619047619048,10.295238095238094,0.004619600827280838,0.0,3.0,1144.0,0.0026223776223776225,0.05649717514124294,0.09533635988444088,,,0.0005275802168884493,-0.024725587754947074,0.17998798076923073,0.2889454209065681,-0.43233674933745503,0.0,0,0,0,0,2,0,0.05649717514124294,0.17998798076923073,,0.6414240494681438,12.114999999999998,0.26329
2026-08-16,7,SH009,静安区第2支行,综合支行,静安区,0,6,13,54,60,37,1.0,2.47,0,0,0,4.598,0.26315,151,0.6423841059602649,0.0,0.0,0.0,4.153846153846154,9.0,0.24,52.0,1.0,0.0,0.0,0.6426206244087038,0.262875,159.23809523809524,10.427142857142858,0.004619600827280838,0.0,3.0,1141.0,0.0026292725679228747,0.038461538461538464,0.0,,,-0.0003680529996319366,0.001046124583927607,-0.6608851674641149,-0.9040964515687081,-0.4308442079246701,0.0,0,0,0,0,1,0,0.038461538461538464,-0.6608851674641149,,0.6426206244087038,1.0,0.262875
2026-08-17,1,SH009,静安区第2支行,综合支行,静安区,0,6,15,187,208,127,14.82,29.72,2,0,6,4.552,0.27579000000000004,522,0.6417624521072797,0.0106951871657754,0.0,0.03208556149732621,12.466666666666667,31.166666666666668,0.8311111111111111,182.5,14.105,0.008232838589981447,0.0,0.6413924874545951,0.26432,159.42857142857142,10.427142857142858,0.004619600827280838,0.0,4.0,1132.0,0.0035335689045936395,0.024657534246575342,0.050691244239631325,0.2990886495443248,,0.0005768147583904523,0.04339437046004856,0.1729390681003585,0.4212905877517467,-0.23509215693998659,0.0,0,0,0,0,0,0,0.024657534246575342,0.1729390681003585,,0.6413924874545951,14.105,0.26432
2026-08-18,2,SH009,静安区第2支行,综合支行,静安区,0,6,14,173,192,118,10.71,26.29,0,0,3,4.624,0.25728,483,0.6418219461697723,0.0,0.0,0.017341040462427744,12.357142857142858,28.833333333333332,0.7688888888888888,172.0,11.08,0.0057593009400238315,0.0,0.6416004829849833,0.25657,159.95238095238096,10.483809523809523,0.004587769913096982,0.0,3.0,1123.0,0.0026714158504007124,0.005813953488372093,-0.03339350180505408,-1.0,,0.0003451730331602292,0.0027672759870600162,0.08157189639773735,0.021575218023255995,-0.41770927901714044,0.0,0,0,0,0,0,0,0.005813953488372093,0.08157189639773735,,0.6416004829849833,11.08,0.25657
2026-08-19,3,SH009,静安区第2支行,综合支行,静安区,0,6,14,166,184,113,10.52,21.49,1,0,6,4.575,0.26603000000000004,463,0.6414686825053996,0.006024096385542169,0.0,0.03614457831325301,11.857142857142858,27.666666666666668,0.7377777777777778,167.0,10.43,0.0,0.0,0.6416076943963616,0.257675,160.28571428571428,10.533333333333335,0.004300908180452116,0.0,4.0,1114.0,0.003590664272890485,-0.005988023952095809,0.008628954937679756,,,-0.0002166618202619569,0.03242456582904844,0.035650623885918054,-0.0012658227848103241,-0.16513812380132456,0.0,0,0,0,0,0,0,-0.005988023952095809,0.035650623885918054,,0.6416076943963616,10.43,0.257675
2026-08-20,4,SH009,静安区第2支行,综合支行,静安区,0,6,13,162,179,110,9.25,24.42,0,0,3,4.697,0.2766,451,0.6407982261640798,0.0,0.0,0.018518518518518517,12.461538461538462,27.0,0.72,165.5,9.765,0.0,0.0,0.6415094339622641,0.26495,160.52380952380952,10.586190476190476,0.004587769913096982,0.0,3.0,1105.0,0.0027149321266968325,-0.021148036253776436,-0.052739375320020536,,,-0.0011086474501108884,0.043970560483109995,0.00919608424799766,-0.12622014304349777,-0.40822400030429756,0.0,0,0,0,0,0,0,-0.021148036253776436,0.00919608424799766,,0.6415094339622641,9.765,0.26495
2026-08-21,5,SH009,静安区第2支行,综合支行,静安区,0,6,13,167,185,113,11.26,28.23,0,0,3,4.532,0.27558000000000005,465,0.6408602150537634,0.0,0.0,0.017964071856287425,12.846153846153847,27.833333333333332,0.7422222222222222,172.5,10.96,0.01150375194208456,0.0,0.6413684105837127,0.25894500000000004,160.61904761904762,10.57,0.004587769913096982,0.0,3.0,1096.0,0.002737226277372263,-0.03188405797101449,0.02737226277372253,-1.0,,-0.0007923613348633499,0.06424144123269424,0.03972724577527423,0.06527909176915794,-0.40336452585424154,0.0,0,0,0,0,0,0,-0.03188405797101449,0.03972724577527423,,0.6413684105837127,10.96,0.25894500000000004
2026-08-22,6,SH009,静安区第2支行,综合支行,静安区,0,6,13,179,198,122,12.32,25.0,0,0,3,4.509,0.23634000000000002,499,0.6412825651302605,0.0,0.0,0.01675977653631285,13.76923076923077,29.833333333333332,0.7955555555555556,184.0,12.905,0.0,0.0,0.6414240494681438,0.26329,160.52380952380952,10.586190476190476,0.004024230888019496,0.0,3.0,1088.0,0.0027573529411764708,-0.02717391304347826,-0.045331266950794195,,,-0.0002205784737890916,-0.10235861597478066,0.1150993770394542,0.16378030677882244,-0.3148124404627569,0.0,0,0,0,0,0,0,-0.02717391304347826,0.1150993770394542,,0.6414240494681438,12.905,0.26329
2026-08-23,7,SH009,静安区第2支行,综合支行,静安区,0,6,14,52,58,36,1.0,2.35,0,0,0,4.687,0.25603000000000004,146,0.6438356164383562,0.0,0.0,0.0,3.7142857142857144,8.666666666666666,0.2311111111111111,54.0,1.0,0.0,0.0,0.6423841059602649,0.262875,160.42857142857142,10.575714285714286,0.004024230888019496,0.0,3.0,1086.0,0.0027624309392265192,-0.037037037037037035,0.0,,,0.002259567857647334,-0.026038991916309994,-0.6758682101513802,-0.9054437390247198,-0.31355058492033117,0.0,0,0,0,0,0,0,-0.037037037037037035,-0.6758682101513802,,0.6423841059602649,1.0,0.262875
2026-08-24,1,SH009,静安区第2支行,综合支行,静安区,0,6,14,182,202,124,13.64,41.89,1,0,4,4.554,0.26619000000000004,508,0.6417322834645669,0.005494505494505495,0.0,0.02197802197802198,13.0,30.333333333333332,0.8088888888888889,188.0,14.7,0.011029411764705881,0.0,0.6416148813934179,0.267575,160.33333333333334,10.575714285714286,0.0031423966728519473,0.0,2.0,1081.0,0.0018501387604070306,-0.031914893617021274,-0.07210884353741488,-0.5018315018315017,,0.00018297903392452185,-0.00517611884518348,0.13513513513513506,0.28974739970282326,-0.411233223230249,0.0,0,0,0,0,0,0,-0.031914893617021274,0.13513513513513506,,0.6416148813934179,14.7,0.267575
2026-08-25,2,SH009,静安区第2支行,综合支行,静安区,0,6,13,170,189,116,10.01,26.41,2,0,6,4.591,0.27819000000000005,475,0.6421052631578947,0.011764705882352941,0.0,0.03529411764705882,13.076923076923077,28.333333333333332,0.7555555555555555,175.5,11.195,0.0027472527472527475,0.0,0.6416004829849833,0.25849500000000003,160.0,10.53095238095238,0.0026481818929228814,0.0,4.0,1078.0,0.0037105751391465678,-0.03133903133903134,-0.10585082626172403,3.28235294117647,,0.0007867515475721047,0.07619102884001631,0.0625,-0.04946868641193753,0.40117835148064157,0.0,0,0,0,0,0,0,-0.03133903133903134,0.0625,,0.6416004829849833,11.195,0.25849500000000003
2026-08-26,3,SH009,静安区第2支行,综合支行,静安区,0,6,14,165,183,112,10.16,29.98,0,0,3,4.652,0.25858000000000003,460,0.6413043478260869,0.0,0.0,0.01818181818181818,11.785714285714286,27.5,0.7333333333333333,169.5,10.985,0.002890173410404624,0.0,0.641645314337586,0.26482000000000006,159.61904761904762,10.451428571428572,0.0032084059825587354,0.0,3.0,1077.0,0.002785515320334262,-0.02654867256637168,-0.07510241238051883,-1.0,,-0.0005313940644155818,-0.02356317498678356,0.033711217183770875,-0.027884089666484452,-0.13180709190899031,0.0,0,0,0,0,0,0,-0.02654867256637168,0.033711217183770875,,0.641645314337586,10.985,0.26482000000000006
2026-08-27,4,SH009,静安区第2支行,综合支行,静安区,0,6,15,163,181,111,10.33,24.97,0,0,2,4.579,0.26731000000000005,455,0.6417582417582418,0.0,0.0,0.012269938650306749,10.866666666666667,27.166666666666668,0.7244444444444444,166.5,9.765,0.0,0.0,0.641153830063172,0.27515,159.23809523809524,10.376190476190477,0.0029331513720440095,0.0,3.0,1078.0,0.0027829313543599257,-0.021021021021021023,0.05785970302099329,,,0.0009426937292261206,-0.028493548973287146,0.02362440191387558,-0.004451583295089526,-0.05121454661898364,0.0,0,0,0,0,0,0,-0.021021021021021023,0.02362440191387558,,0.641153830063172,9.765,0.27515
2026-08-28,5,SH009,静安区第2支行,综合支行,静安区,0,6,14,171,190,116,10.74,27.59,0,0,1,4.66,0.23211,477,0.6415094339622641,0.0,0.0,0.005847953216374269,12.214285714285714,28.5,0.76,172.5,11.129999999999999,0.00558659217877095,0.0,0.6410245873570304,0.264945,158.85714285714286,10.348571428571429,0.0029331513720440095,0.0,3.0,1082.0,0.0027726432532347504,-0.008695652173913044,-0.03504043126684626,-1.0,,0.000756361947414181,-0.12393138198494018,0.07643884892086328,0.037824406405300944,-0.054722071400429166,0.0,0,0,0,0,0,0,-0.008695652173913044,0.07643884892086328,,0.6410245873570304,11.129999999999999,0.264945
2026-08-29,6,SH009,静安区第2支行,综合支行,静安区,0,6,14,186,206,126,14.36,37.09,0,0,4,4.4879999999999995,0.2556,518,0.640926640926641,0.0,0.0,0.021505376344086023,13.285714285714286,31.0,0.8266666666666667,184.0,12.905,0.0,0.0,0.641433361773051,0.260595,158.47619047619048,10.24904761904762,0.002401094974065824,0.0,3.0,1089.0,0.0027548209366391185,0.010869565217391304,0.11274699728787294,,,-0.000789982056763208,-0.019167673976860748,0.17367788461538458,0.4011057938019792,0.1473186052171535,0.0,0,0,0,0,0,0,0.010869565217391304,0.17367788461538458,,0.641433361773051,12.905,0.260595
2026-08-30,7,SH009,静安区第2支行,综合支行,静安区,0,6,14,55,61,38,1.0,2.79,0,0,1,4.649,0.25117,154,0.6428571428571429,0.0,0.0,0.01818181818181818,3.9285714285714284,9.166666666666666,0.24444444444444444,54.0,1.0,0.0,0.0,0.6423841059602649,0.260595,158.14285714285714,10.257619047619048,0.002401094974065824,0.0,3.0,1092.0,0.0027472527472527475,0.018518518518518517,0.0,,,0.0007363770250369708,-0.03616723267906144,-0.6522131887985546,-0.9025114897172833,0.14416663102699653,0.0,0,0,0,0,0,0,0.018518518518518517,-0.6522131887985546,,0.6423841059602649,1.0,0.260595
2026-08-31,1,SH009,静安区第2支行,综合支行,静安区,0,6,14,194,215,132,16.01,49.28,0,0,4,4.506,0.24817000000000003,541,0.6414048059149723,0.0,0.0,0.020618556701030927,13.857142857142858,32.333333333333336,0.8622222222222223,188.0,14.7,0.008094846330140447,0.0,0.6417070923721372,0.26744,158.04761904761904,10.232380952380954,0.002401094974065824,0.0,2.0,1104.0,0.0018115942028985507,0.031914893617021274,0.08911564625850356,-1.0,,-0.0004710660997176587,-0.07205354472031103,0.22747815607110583,0.5646407297096053,-0.24551330852567624,0.0,0,0,0,0,0,0,0.031914893617021274,0.22747815607110583,,0.6417070923721372,14.7,0.26744
2026-09-01,2,SH009,静安区第2支行,综合支行,静安区,0,6,13,181,201,123,13.38,40.54,1,0,6,4.553,0.25022,505,0.6415841584158416,0.0055248618784530384,0.0,0.03314917127071823,13.923076923076923,30.166666666666668,0.8044444444444445,175.5,11.195,0.0027472527472527475,0.0,0.6417771148171696,0.25849500000000003,157.95238095238096,10.275238095238095,0.0021581406494788464,0.0,1.0,1115.0,0.0008968609865470852,0.03133903133903134,0.1951764180437696,1.0110497237569058,,-0.0003006595231787946,-0.03201222460782619,0.1459149834187518,0.30215960700713707,-0.5844288523254212,0.0,0,0,0,0,1,0,0.03133903133903134,0.1459149834187518,,0.6417771148171696,11.195,0.25849500000000003
2026-09-02,3,SH009,静安区第2支行,综合支行,静安区,0,6,14,176,196,120,12.01,24.34,1,0,2,4.592,0.2605,492,0.6422764227642277,0.005681818181818182,0.0,0.011363636363636364,12.571428571428571,29.333333333333332,0.7822222222222222,169.5,10.985,0.002890173410404624,0.0,0.6414310625641753,0.262305,157.9047619047619,10.293809523809523,0.0021595861915715865,0.0,2.0,1126.0,0.0017761989342806395,0.038348082595870206,0.09330905780609926,0.965909090909091,,0.0013179283782625633,-0.006881302300756756,0.11459589867310017,0.16672063653605962,-0.17752811107388414,0.0,0,0,0,0,1,0,0.038348082595870206,0.11459589867310017,,0.6414310625641753,10.985,0.262305
2026-09-03,4,SH009,静安区第2支行,综合支行,静安区,0,6,15,175,194,119,11.96,28.22,0,0,5,4.538,0.24692000000000003,488,0.6413934426229508,0.0,0.0,0.02857142857142857,11.666666666666666,29.166666666666668,0.7777777777777778,167.0,10.135,0.0,0.0,0.641153830063172,0.27195500000000006,157.95238095238096,10.32047619047619,0.002430148962134357,0.0,2.0,1138.0,0.0017574692442882249,0.04790419161676647,0.18006906758756794,,,0.00037372085846431176,-0.09205567097497756,0.10792885137172135,0.1588612559405713,-0.27680596059236195,0.0,0,0,0,0,2,0,0.04790419161676647,0.10792885137172135,,0.641153830063172,10.135,0.27195500000000006
2026-09-04,5,SH009,静安区第2支行,综合支行,静安区,0,6,14,184,204,125,13.98,38.0,0,0,3,4.468,0.23320000000000002,513,0.6413255360623782,0.0,0.0,0.016304347826086956,13.142857142857142,30.666666666666668,0.8177777777777778,173.5,11.129999999999999,0.0,0.0,0.6411848245080138,0.25522500000000004,158.14285714285714,10.416666666666666,0.002151674999449868,0.0,2.0,1151.0,0.0017376194613379669,0.06051873198847262,0.2560646900269543,,,0.0002194555282438521,-0.08629640513272609,0.1635049683830172,0.3420800000000001,-0.19243405171216157,0.0,0,0,0,0,3,0,0.06051873198847262,0.1635049683830172,,0.6411848245080138,11.129999999999999,0.25522500000000004
2026-09-05,6,SH009,静安区第2支行,综合支行,静安区,0,6,14,199,221,135,15.81,35.24,0,0,5,4.452,0.26327,555,0.6414414414414414,0.0,0.0,0.02512562814070352,14.214285714285714,33.166666666666664,0.8844444444444444,186.5,13.725,0.0,0.0,0.6412732528253533,0.25619000000000003,158.52380952380952,10.55857142857143,0.002151674999449868,0.0,2.0,1164.0,0.001718213058419244,0.06702412868632708,0.151912568306011,,,0.00026227293177615756,0.027635739099886703,0.2553319315109643,0.49736165606819094,-0.2014532590384003,0.0,0,0,0,1,4,0,0.06702412868632708,0.2553319315109643,,0.6412732528253533,13.725,0.25619000000000003
2026-09-06,7,SH009,静安区第2支行,综合支行,静安区,0,6,14,59,65,40,1.0,2.62,0,0,2,4.583,0.24128000000000002,164,0.6402439024390244,0.0,0.0,0.03389830508474576,4.214285714285714,9.833333333333334,0.26222222222222225,54.5,1.0,0.0,0.0,0.6426206244087038,0.25712500000000005,159.0952380952381,10.67952380952381,0.002151674999449868,0.0,2.0,1168.0,0.0017123287671232876,0.08256880733944955,0.0,,,-0.003698483801179456,-0.061623723869713265,-0.6291529482190961,-0.9063628661880768,-0.20418800815128252,0.0,0,0,0,0,3,0,0.08256880733944955,-0.6291529482190961,,0.6426206244087038,1.0,0.25712500000000005
2026-09-07,1,SH009,静安区第2支行,综合支行,静安区,0,6,14,205,228,140,18.89,52.07,0,0,2,4.305,0.25255,573,0.6422338568935427,0.0,0.0,0.00975609756097561,14.642857142857142,34.166666666666664,0.9111111111111111,190.5,14.965,0.005298273155416013,0.0,0.6417070923721372,0.26744,159.33333333333334,10.67952380952381,0.002151674999449868,0.0,2.0,1179.0,0.0016963528413910093,0.07611548556430446,0.2622786501837622,-1.0,,0.0008208800053281362,-0.05567603948549212,0.2866108786610878,0.768805457707228,-0.21161288678600335,0.0,0,0,0,1,4,0,0.07611548556430446,0.2866108786610878,,0.6417070923721372,14.965,0.26744
2026-09-08,2,SH009,静安区第2支行,综合支行,静安区,0,6,14,192,213,131,14.43,40.98,0,0,0,4.419,0.25137000000000004,536,0.6417910447761194,0.0,0.0,0.0,13.714285714285714,32.0,0.8533333333333334,177.0,11.850000000000001,0.005509683686479267,0.0,0.6417771148171696,0.255355,160.1904761904762,10.873333333333333,0.0016423803725081822,0.0,1.0,1190.0,0.0008403361344537816,0.0847457627118644,0.2177215189873416,-1.0,,2.170529086838028e-05,-0.015605725362730163,0.1985731272294886,0.32709993868792153,-0.48834256149173805,0.0,0,0,0,1,4,0,0.0847457627118644,0.1985731272294886,,0.6417771148171696,11.850000000000001,0.255355
2026-09-09,3,SH009,静安区第2支行,综合支行,静安区,0,6,14,185,206,126,12.79,36.79,1,0,7,4.569,0.2616,517,0.6421663442940039,0.005405405405405406,0.0,0.03783783783783784,13.214285714285714,30.833333333333332,0.8222222222222222,170.5,10.985,0.002840909090909091,0.0,0.6414310625641753,0.263265,161.0952380952381,11.050476190476191,0.0016423803725081822,0.0,1.0,1199.0,0.0008340283569641367,0.08504398826979472,0.16431497496586253,0.9027027027027028,,0.0011463145032129677,-0.0063244259586349395,0.1483890038427431,0.15741618546927505,-0.49218319280664585,0.0,0,0,0,1,4,0,0.08504398826979472,0.1483890038427431,,0.6414310625641753,10.985,0.263265
2026-09-10,4,SH009,静安区第2支行,综合支行,静安区,0,6,14,182,202,124,13.4,39.09,0,0,7,4.542,0.25256,508,0.6417322834645669,0.0,0.0,0.038461538461538464,13.0,30.333333333333332,0.8088888888888889,167.0,10.135,0.0,0.0,0.6410958343935154,0.27195500000000006,162.0,11.15857142857143,0.0016129188972635745,0.0,1.0,1206.0,0.0008291873963515755,0.08982035928143713,0.3221509620128269,,,0.0009927518428717067,-0.07131694581824216,0.12345679012345678,0.20087056714889254,-0.4859088093280154,0.0,0,0,0,1,4,0,0.08982035928143713,0.12345679012345678,,0.6410958343935154,10.135,0.27195500000000006
2026-09-11,5,SH009,静安区第2支行,综合支行,静安区,0,6,13,188,209,128,13.6,40.58,0,0,2,4.553,0.25672,525,0.6419047619047619,0.0,0.0,0.010638297872340425,14.461538461538462,31.333333333333332,0.8355555555555555,173.5,11.129999999999999,0.0,0.0,0.6414174850123211,0.241425,162.95238095238096,11.356190476190477,0.0016129188972635745,0.0,1.0,1210.0,0.0008264462809917355,0.08357348703170028,0.2219227313566937,,,0.0007596875729563386,0.0633530081805944,0.15371127995324363,0.19758470311975834,-0.4876082843385013,0.0,0,0,0,1,5,0,0.08357348703170028,0.15371127995324363,,0.6414174850123211,11.129999999999999,0.241425
2026-09-12,6,SH009,静安区第2支行,综合支行,静安区,0,6,13,201,223,137,16.98,49.28,0,0,1,4.458,0.25403000000000003,561,0.6417112299465241,0.0,0.0,0.004975124378109453,15.461538461538462,33.5,0.8933333333333333,186.5,13.815,0.0,0.0,0.6413620032858509,0.25619000000000003,163.95238095238096,11.467619047619047,0.0016129188972635745,0.0,1.0,1212.0,0.0008250825082508251,0.0777479892761394,0.229098805646037,,,0.0005445078736875452,-0.00843124243725358,0.22596572756317157,0.4806909725105889,-0.48845381522243114,0.0,0,0,0,1,5,0,0.0777479892761394,0.22596572756317157,,0.6413620032858509,13.815,0.25619000000000003
2026-09-13,7,SH009,静安区第2支行,综合支行,静安区,0,6,14,59,65,40,2.84,5.71,1,0,1,4.571,0.2577,164,0.6402439024390244,0.01694915254237288,0.0,0.01694915254237288,4.214285714285714,9.833333333333334,0.26222222222222225,54.5,1.0,0.0,0.0,0.6426206244087038,0.25360000000000005,165.0,11.68952380952381,0.0016129188972635745,0.0,2.0,1212.0,0.0016501650165016502,0.08256880733944955,1.8399999999999999,,,-0.003698483801179456,0.016167192429021832,-0.6424242424242425,-0.7570474173048721,0.02309236955513773,0.0,0,0,0,1,5,0,0.08256880733944955,-0.6424242424242425,,0.6426206244087038,1.0,0.25360000000000005
2026-09-14,1,SH009,静安区第2支行,综合支行,静安区,0,6,13,202,224,137,18.14,57.71,0,0,2,4.417,0.26097000000000004,563,0.6412078152753108,0.0,0.0,0.009900990099009901,15.538461538461538,33.666666666666664,0.8977777777777777,190.5,15.415000000000001,0.0027472527472527475,0.0,0.6417473677859233,0.25937,165.33333333333334,11.777142857142858,0.0024200213992813307,0.0,2.0,1209.0,0.0016542597187758478,0.06036745406824147,0.17677586766136877,-1.0,,-0.0008407553154040158,0.006168793615298785,0.22177419354838704,0.5402717127607958,-0.31642764842198906,0.0,0,0,0,1,5,0,0.06036745406824147,0.22177419354838704,,0.6417473677859233,15.415000000000001,0.25937
2026-09-15,2,SH009,静安区第2支行,综合支行,静安区,0,6,13,187,207,127,13.0,27.19,1,0,6,4.543,0.26419000000000004,521,0.6410748560460653,0.0053475935828877,0.0,0.03208556149732621,14.384615384615385,31.166666666666668,0.8311111111111111,177.0,12.045000000000002,0.0027624309392265192,0.0,0.6418064954729459,0.254325,166.28571428571428,11.991428571428573,0.0021583782804953547,0.0,3.0,1204.0,0.0024916943521594683,0.05649717514124294,0.07928601079285995,0.9358288770053476,,-0.0011399688723023112,0.03878895114518829,0.12457044673539525,0.08410769597331415,0.1544289407821582,0.0,0,0,0,1,4,0,0.05649717514124294,0.12457044673539525,,0.6418064954729459,12.045000000000002,0.254325
2026-09-16,3,SH009,静安区第2支行,综合支行,静安区,0,6,14,178,198,121,12.02,35.12,0,0,3,4.545,0.27684000000000003,497,0.641851106639839,0.0,0.0,0.016853932584269662,12.714285714285714,29.666666666666668,0.7911111111111111,171.0,11.265,0.005543611793611794,0.0,0.6418175133997017,0.26105,167.0952380952381,12.133809523809523,0.0018528015043303432,0.0,2.0,1197.0,0.001670843776106934,0.04093567251461988,0.06702174877940514,-1.0,,5.234079693362412e-05,0.06048649683968598,0.06526075805072666,-0.009379537694752934,-0.09820681157595137,0.0,0,0,0,0,3,0,0.04093567251461988,0.06526075805072666,,0.6418175133997017,11.265,0.26105
2026-09-17,4,SH009,静安区第2支行,综合支行,静安区,0,6,13,174,193,118,12.02,25.55,1,0,3,4.615,0.25418,485,0.6412371134020619,0.005747126436781609,0.0,0.017241379310344827,13.384615384615385,29.0,0.7733333333333333,169.0,11.145,0.0,0.0,0.6415628630437589,0.259935,167.71428571428572,12.222380952380954,0.0018528015043303432,0.0,3.0,1189.0,0.002523128679562658,0.029585798816568046,0.07851054284432481,,,-0.0005077439179560824,-0.022140150422220978,0.03747870528109024,-0.016558226516538904,0.3617911436630609,0.0,0,0,0,0,2,0,0.029585798816568046,0.03747870528109024,,0.6415628630437589,11.145,0.259935
2026-09-18,5,SH009,静安区第2支行,综合支行,静安区,0,6,14,179,198,122,12.43,35.16,0,0,4,4.507,0.25985,499,0.6412825651302605,0.0,0.0,0.0223463687150838,12.785714285714286,29.833333333333332,0.7955555555555556,177.5,12.43,0.0,0.0,0.6414174850123211,0.24496,168.23809523809524,12.302857142857144,0.0021264741917961343,0.0,3.0,1180.0,0.002542372881355932,0.008450704225352112,0.0,,,-0.00021034643615618095,0.06078543435662971,0.06396829889612225,0.01033441709242903,0.19558134830148463,0.0,0,0,0,0,1,0,0.008450704225352112,0.06396829889612225,,0.6414174850123211,12.43,0.24496
2026-09-19,6,SH009,静安区第2支行,综合支行,静安区,0,6,13,190,211,130,13.71,35.26,0,0,2,4.596,0.25511,531,0.6421845574387948,0.0,0.0,0.010526315789473684,14.615384615384615,31.666666666666668,0.8444444444444444,192.5,15.085,0.0,0.0,0.6413620032858509,0.254815,168.61904761904762,12.383333333333335,0.0021264741917961343,0.0,3.0,1169.0,0.0025662959794696323,-0.012987012987012988,-0.09115014915478951,,,0.0012825115125774734,0.0011577026470183847,0.12680033888731995,0.10713324360699861,0.20683147219482637,0.0,0,0,0,0,0,0,-0.012987012987012988,0.12680033888731995,,0.6413620032858509,15.085,0.254815
2026-06-22,1,SH010,自贸区临港新片区分行营业部,自贸区分行营业部,自贸区临港新片区,1,9,22,283,423,259,14.91,39.73,0,0,8,4.421,0.27226,965,0.7067357512953368,0.0,0.0,0.028268551236749116,12.863636363636363,31.444444444444443,0.8385185185185184,,,,,,,,,,,,,,,,,,,,,,,,0,0,0,0,0,0,,,,,,
2026-06-23,2,SH010,自贸区临港新片区分行营业部,自贸区分行营业部,自贸区临港新片区,1,9,21,263,394,241,12.69,37.04,1,0,3,4.506,0.26357,898,0.7071269487750557,0.0038022813688212928,0.0,0.011406844106463879,12.523809523809524,29.22222222222222,0.7792592592592592,,,,,,,,,,,,,,,,,,,,,,,,0,0,0,0,0,0,,,,,,
2026-06-24,3,SH010,自贸区临港新片区分行营业部,自贸区分行营业部,自贸区临港新片区,1,9,23,254,380,233,11.37,35.6,0,0,7,4.523,0.25356,867,0.707035755478662,0.0,0.0,0.027559055118110236,11.043478260869565,28.22222222222222,0.7525925925925926,,,,,,,,,,,,,,,,,,,,,,,,0,0,0,0,0,0,,,,,,
2026-06-25,4,SH010,自贸区临港新片区分行营业部,自贸区分行营业部,自贸区临港新片区,1,9,21,250,375,230,10.02,28.08,1,0,6,4.601,0.271,855,0.7076023391812866,0.004,0.0,0.024,11.904761904761905,27.77777777777778,0.7407407407407408,,,,,,,,,,,,,,,,,,,,,,,,0,0,0,0,0,0,,,,,,
2026-06-26,5,SH010,自贸区临港新片区分行营业部,自贸区分行营业部,自贸区临港新片区,1,9,22,262,391,240,12.06,34.82,0,0,6,4.498,0.27040000000000003,893,0.7066069428891377,0.0,0.0,0.022900763358778626,11.909090909090908,29.11111111111111,0.7762962962962963,,,,,,,,,,,2.0,1312.0,0.001524390243902439,,,,,,,,,,,0,0,0,0,0,0,,,,,,
2026-06-27,6,SH010,自贸区临港新片区分行营业部,自贸区分行营业部,自贸区临港新片区,1,9,22,283,424,260,14.91,30.45,0,0,3,4.479,0.26856,967,0.7073422957600828,0.0,0.0,0.01060070671378092,12.863636363636363,31.444444444444443,0.8385185185185184,,,,,,,262.4,12.209999999999999,0.0015604562737642584,0.0,2.0,1595.0,0.0012539184952978057,,,,,,,0.07850609756097571,0.22113022113022124,-0.19644112021607474,,0,0,0,0,0,0,,0.07850609756097571,,,,
2026-06-28,7,SH010,自贸区临港新片区分行营业部,自贸区分行营业部,自贸区临港新片区,1,9,22,84,125,77,1.83,5.62,0,0,1,4.606,0.26055,286,0.7062937062937062,0.0,0.0,0.011904761904761904,3.8181818181818183,9.333333333333334,0.2488888888888889,,,,,,,265.8333333333333,12.659999999999998,0.001300380228136882,0.0,2.0,1679.0,0.0011911852293031567,,,,,,,-0.684012539184953,-0.8554502369668247,-0.08397159267037942,,0,0,0,0,0,0,,-0.684012539184953,,,,
2026-06-29,1,SH010,自贸区临港新片区分行营业部,自贸区分行营业部,自贸区临港新片区,1,9,23,294,440,270,16.73,44.07,0,0,7,4.383,0.25011,1004,0.7071713147410359,0.0,0.0,0.023809523809523808,12.782608695652174,32.666666666666664,0.8711111111111111,,,,,,,239.85714285714286,11.112857142857141,0.0011146116241173274,0.0,2.0,1690.0,0.001183431952662722,,,,,,,0.22572960095294817,0.5054634271757298,0.06174377429438171,,0,0,0,0,0,0,,0.22572960095294817,,,,
2026-06-30,2,SH010,自贸区临港新片区分行营业部,自贸区分行营业部,自贸区临港新片区,1,9,23,278,415,255,12.85,36.01,0,0,2,4.601,0.25979,948,0.7067510548523207,0.0,0.0,0.007194244604316547,12.08695652173913,30.88888888888889,0.8237037037037037,,,,,,,246.625,11.815,0.0009752851711026616,0.0,1.0,1705.0,0.0005865102639296188,,,,,,,0.12721743537759755,0.08760050782903091,-0.398626902871385,,0,0,0,0,0,0,,0.12721743537759755,,,,
2026-07-01,3,SH010,自贸区临港新片区分行营业部,自贸区分行营业部,自贸区临港新片区,1,9,22,271,405,248,12.49,39.56,1,0,11,4.55,0.26918000000000003,924,0.7067099567099567,0.0036900369003690036,0.0,0.04059040590405904,12.318181818181818,30.11111111111111,0.802962962962963,,,,,,,250.11111111111111,11.93,0.0008669201520912547,0.0,2.0,1722.0,0.0011614401858304297,,,,,,,0.0835184362505553,0.04694048616932108,0.33973144242720626,,0,0,0,0,0,0,,0.0835184362505553,,,,
2026-07-02,4,SH010,自贸区临港新片区分行营业部,自贸区分行营业部,自贸区临港新片区,1,9,22,269,402,247,12.56,26.01,0,0,8,4.533,0.26273,918,0.7069716775599129,0.0,0.0,0.02973977695167286,12.227272727272727,29.88888888888889,0.7970370370370371,,,,,,,252.2,11.986,0.0011492318269190297,0.0,1.0,1741.0,0.0005743825387708214,,,,,,,0.06661379857256151,0.047889204071416634,-0.5002030701580195,,0,0,0,0,0,0,,0.06661379857256151,,,,
2026-07-03,5,SH010,自贸区临港新片区分行营业部,自贸区分行营业部,自贸区临港新片区,1,9,22,283,423,259,13.34,40.03,0,0,5,4.489,0.24648000000000003,965,0.7067357512953368,0.0,0.0,0.0176678445229682,12.863636363636363,31.444444444444443,0.8385185185185184,,,,,,,253.72727272727272,12.038181818181817,0.001044756206290027,0.0,1.0,1762.0,0.0005675368898978433,,,,,,,0.11537083482622719,0.1081407642350099,-0.4567757659816249,,0,0,0,0,0,0,,0.11537083482622719,,,,
2026-07-04,6,SH010,自贸区临港新片区分行营业部,自贸区分行营业部,自贸区临港新片区,1,9,22,307,459,281,16.59,50.89,2,0,7,4.476,0.26684,1047,0.7067812798471824,0.006514657980456026,0.0,0.02280130293159609,13.954545454545455,34.111111111111114,0.9096296296296297,,,,,,,256.1666666666667,12.146666666666667,0.0009576931890991914,0.0,3.0,1786.0,0.0016797312430011197,,,,,,,0.19843851659076114,0.36580680570801316,0.7539346234477026,,0,0,0,0,0,0,,0.19843851659076114,,,,
2026-07-05,7,SH010,自贸区临港新片区分行营业部,自贸区分行营业部,自贸区临港新片区,1,9,23,91,136,83,2.66,7.5,0,0,2,4.557,0.26427,310,0.7064516129032258,0.0,0.0,0.02197802197802198,3.9565217391304346,10.11111111111111,0.2696296296296296,,,,,,,260.0769230769231,12.488461538461538,0.0013851520192035632,0.0,3.0,1793.0,0.0016731734523145567,,,,,,,-0.650103519668737,-0.7870033877425315,0.2079348902632366,,0,0,0,0,0,0,,-0.650103519668737,,,,
2026-07-06,1,SH010,自贸区临港新片区分行营业部,自贸区分行营业部,自贸区临港新片区,1,9,22,317,475,291,20.35,42.99,0,0,4,4.3870000000000005,0.27093,1083,0.7072945521698984,0.0,0.0,0.012618296529968454,14.409090909090908,35.22222222222222,0.9392592592592592,288.5,15.82,0.0,0.0,0.7069535330181864,0.261185,248.0,11.786428571428571,0.0012862125892604515,0.0,3.0,1816.0,0.0016519823788546256,0.09878682842287695,0.28634639696586606,,,0.00048237845315818946,0.03731071845626664,0.2782258064516129,0.726562026543846,0.28437739814417845,0.0,0,0,0,0,1,0,0.09878682842287695,0.2782258064516129,,0.7069535330181864,15.82,0.261185
2026-07-07,2,SH010,自贸区临港新片区分行营业部,自贸区分行营业部,自贸区临港新片区,1,9,23,298,445,273,15.47,42.59,2,0,10,4.425,0.27040000000000003,1016,0.7066929133858267,0.006711409395973154,0.0,0.03355704697986577,12.956521739130435,33.111111111111114,0.8829629629629631,270.5,12.77,0.0019011406844106464,0.0,0.7069390018136882,0.26168,252.6,12.357333333333335,0.0012004650833097549,0.0,5.0,1836.0,0.0027233115468409588,0.10166358595194085,0.21143304620203612,2.530201342281879,,-0.0003481041889471279,0.033323142769795186,0.17973079968329378,0.2518882175226585,1.2685470695512642,0.0,0,0,0,0,2,0,0.10166358595194085,0.17973079968329378,,0.7069390018136882,12.77,0.26168
2026-07-08,3,SH010,自贸区临港新片区分行营业部,自贸区分行营业部,自贸区临港新片区,1,9,23,288,431,264,15.75,42.63,0,0,2,4.505,0.25356,983,0.7070193285859614,0.0,0.0,0.006944444444444444,12.521739130434783,32.0,0.8533333333333334,262.5,11.93,0.0018450184501845018,0.0,0.7068728560943094,0.26137,255.4375,12.551875,0.0015448991028512173,0.0,4.0,1853.0,0.0021586616297895305,0.09714285714285714,0.32020117351215427,-1.0,,0.00020721193406875345,-0.02988101159276116,0.12747736726205042,0.2547926106657371,0.39728324380897906,0.0,0,0,0,0,3,0,0.09714285714285714,0.12747736726205042,,0.7068728560943094,11.93,0.26137
2026-07-09,4,SH010,自贸区临港新片区分行营业部,自贸区分行营业部,自贸区临港新片区,1,9,23,283,423,259,14.47,35.81,1,0,3,4.525,0.24813000000000002,965,0.7067357512953368,0.0035335689045936395,0.0,0.01060070671378092,12.304347826086957,31.444444444444443,0.8385185185185184,259.5,11.29,0.002,0.0,0.7072870083705998,0.266865,257.3529411764706,12.74,0.0014540226850364398,0.0,5.0,1867.0,0.002678093197643278,0.0905587668593449,0.28166519043401256,0.7667844522968197,,-0.0007793965798027073,-0.07020403574841212,0.09965714285714278,0.13579277864992154,0.8418510420806545,0.0,0,0,0,1,4,0,0.0905587668593449,0.09965714285714278,,0.7072870083705998,11.29,0.266865
2026-07-10,5,SH010,自贸区临港新片区分行营业部,自贸区分行营业部,自贸区临港新片区,1,9,22,294,439,269,16.28,33.77,0,0,3,4.404,0.26339,1002,0.7065868263473054,0.0,0.0,0.01020408163265306,13.363636363636363,32.666666666666664,0.8711111111111111,272.5,12.7,0.0,0.0,0.7066713470922372,0.25844,258.77777777777777,12.836111111111112,0.0015695530305673952,0.0,5.0,1878.0,0.0026624068157614484,0.07889908256880734,0.28188976377952774,,,-0.00011960403556702197,0.019153381829438206,0.13610991841992273,0.26829690543172474,0.6962834411520236,0.0,0,0,0,1,5,0,0.07889908256880734,0.13610991841992273,,0.7066713470922372,12.7,0.25844
2026-07-11,6,SH010,自贸区临港新片区分行营业部,自贸区分行营业部,自贸区临港新片区,1,9,22,315,471,289,18.95,48.55,2,0,8,4.404,0.25153000000000003,1075,0.7069767441860465,0.006349206349206349,0.0,0.025396825396825397,14.318181818181818,35.0,0.9333333333333333,295.0,15.75,0.003257328990228013,0.0,0.7070617878036326,0.26770000000000005,260.63157894736844,13.017368421052632,0.001486944976327006,0.0,5.0,1886.0,0.002651113467656416,0.06779661016949153,0.20317460317460312,0.9492063492063492,,-0.00012027749067061564,-0.06040343668285399,0.2086025848142164,0.4557473820401891,0.7829264094257837,0.0,0,0,0,1,5,0,0.06779661016949153,0.2086025848142164,,0.7070617878036326,15.75,0.26770000000000005
2026-07-12,7,SH010,自贸区临港新片区分行营业部,自贸区分行营业部,自贸区临港新片区,1,9,22,92,137,84,1.6099999999999999,3.84,0,0,0,4.649,0.27478,313,0.7060702875399361,0.0,0.0,0.0,4.181818181818182,10.222222222222221,0.27259259259259255,87.5,2.245,0.0,0.0,0.7063726595984661,0.26241000000000003,263.35,13.314000000000002,0.0017300580449709732,0.0,5.0,1887.0,0.002649708532061473,0.05142857142857143,-0.28285077951002235,,,-0.00042806308316334216,0.04713997179985515,-0.6506550218340612,-0.8790746582544691,0.5315720416224127,0.0,0,0,0,1,4,1,0.05142857142857143,-0.6506550218340612,,0.7063726595984661,2.245,0.26241000000000003
2026-07-13,1,SH010,自贸区临港新片区分行营业部,自贸区分行营业部,自贸区临港新片区,1,9,20,317,474,291,19.76,44.1,3,0,10,4.351,0.25849,1082,0.7070240295748613,0.00946372239747634,0.0,0.031545741324921134,15.85,35.22222222222222,0.9392592592592592,294.0,16.73,0.0,0.0,0.7071713147410359,0.27093,255.1904761904762,12.756666666666666,0.0016476743285437838,0.0,8.0,1887.0,0.0042395336512983575,0.0782312925170068,0.18111177525403474,,,-0.00020827367160460475,-0.04591591924113242,0.24220936741929458,0.5489939900705516,1.5730410299256539,0.0,0,0,0,1,4,1,0.0782312925170068,0.24220936741929458,,0.7071713147410359,16.73,0.27093
2026-07-14,2,SH010,自贸区临港新片区分行营业部,自贸区分行营业部,自贸区临港新片区,1,9,22,293,439,269,16.02,50.5,0,0,4,4.392,0.28607000000000005,1001,0.7072927072927073,0.0,0.0,0.013651877133105802,13.318181818181818,32.55555555555556,0.8681481481481482,278.0,12.85,0.0038022813688212928,0.0,0.7067510548523207,0.26357,256.8095238095238,12.987619047619049,0.0020983277760426573,0.0,6.0,1882.0,0.003188097768331562,0.0539568345323741,0.24669260700389106,-1.0,,0.0007663977813231573,0.08536631634859816,0.14092341924717233,0.2334824374862505,0.5193516497904618,0.0,0,0,0,1,4,1,0.0539568345323741,0.14092341924717233,,0.7067510548523207,12.85,0.26357
2026-07-15,3,SH010,自贸区临港新片区分行营业部,自贸区分行营业部,自贸区临港新片区,1,9,22,280,419,257,14.65,37.21,0,0,2,4.505,0.26513000000000003,956,0.7071129707112971,0.0,0.0,0.007142857142857143,12.727272727272727,31.11111111111111,0.8296296296296296,271.0,12.49,0.0,0.0,0.7070193285859614,0.25356,258.23809523809524,13.146190476190476,0.0019172667584797388,0.0,6.0,1874.0,0.0032017075773745998,0.033210332103321034,0.17293835068054444,,,0.00013244634417983368,0.04563022558763222,0.08427069887516134,0.11439127757452823,0.6699332856077548,0.0,0,0,0,1,4,1,0.033210332103321034,0.08427069887516134,,0.7070193285859614,12.49,0.25356
2026-07-16,4,SH010,自贸区临港新片区分行营业部,自贸区分行营业部,自贸区临港新片区,1,9,21,273,408,250,13.37,42.08,0,0,3,4.487,0.23966,931,0.706766917293233,0.0,0.0,0.01098901098901099,13.0,30.333333333333332,0.8088888888888889,269.0,12.56,0.0035335689045936395,0.0,0.7069716775599129,0.26273,259.4761904761905,13.302380952380954,0.0019172667584797388,0.0,5.0,1864.0,0.002682403433476395,0.01486988847583643,0.06449044585987251,-1.0,,-0.00028963008445619494,-0.08780877707151831,0.052119654982565586,0.005083228924288348,0.39907679597144685,0.0,0,0,0,0,3,1,0.01486988847583643,0.052119654982565586,,0.7069716775599129,12.56,0.26273
2026-07-17,5,SH010,自贸区临港新片区分行营业部,自贸区分行营业部,自贸区临港新片区,1,9,23,281,420,257,13.99,28.39,1,0,7,4.527,0.24531000000000003,958,0.7066805845511482,0.0035587188612099642,0.0,0.02491103202846975,12.217391304347826,31.22222222222222,0.8325925925925926,283.0,13.34,0.0,0.0,0.7066069428891377,0.26339,260.57142857142856,13.461904761904764,0.0017267905680035482,0.0,6.0,1851.0,0.0032414910858995136,-0.007067137809187279,0.04872563718140932,,,0.0001042187070925357,-0.06864345647139217,0.07839912280701761,0.039228864520693185,0.8771767381421398,0.0,0,0,0,0,3,0,-0.007067137809187279,0.07839912280701761,,0.7066069428891377,13.34,0.26339
2026-07-18,6,SH010,自贸区临港新片区分行营业部,自贸区分行营业部,自贸区临港新片区,1,9,22,299,447,274,16.45,50.57,0,0,7,4.448,0.25046,1020,0.7068627450980393,0.0,0.0,0.023411371237458192,13.590909090909092,33.22222222222222,0.8859259259259259,307.0,16.59,0.006349206349206349,0.0,0.7069767441860465,0.26684,261.4761904761905,13.553809523809523,0.0018962533709183085,0.0,4.0,1835.0,0.0021798365122615805,-0.026058631921824105,-0.008438818565400878,-1.0,,-0.0001612487100102463,-0.061385099685204635,0.14350755782189034,0.21368091908793874,0.14954918245231102,0.0,0,0,0,0,2,0,-0.026058631921824105,0.14350755782189034,,0.7069767441860465,16.59,0.26684
2026-07-19,7,SH010,自贸区临港新片区分行营业部,自贸区分行营业部,自贸区临港新片区,1,9,23,87,130,80,1.0,3.1,1,0,4,4.596,0.25599,297,0.7070707070707071,0.011494252873563218,0.0,0.04597701149425287,3.782608695652174,9.666666666666666,0.2577777777777778,91.0,1.83,0.0,0.0,0.7062937062937062,0.26427,262.23809523809524,13.627142857142857,0.0018962533709183085,0.0,5.0,1830.0,0.00273224043715847,-0.04395604395604396,-0.453551912568306,,,0.0011001100110011677,-0.03133159268929508,-0.6682404212820047,-0.9266170458119299,0.44086253401638703,0.0,0,0,0,0,1,1,-0.04395604395604396,-0.6682404212820047,,0.7062937062937062,1.83,0.26427
2026-07-20,1,SH010,自贸区临港新片区分行营业部,自贸区分行营业部,自贸区临港新片区,1,9,21,300,449,275,17.16,51.49,2,0,3,4.41,0.26777,1024,0.70703125,0.006666666666666667,0.0,0.01,14.285714285714286,33.333333333333336,0.888888888888889,305.5,18.245,0.0,0.0,0.7070976721579486,0.26471,262.3809523809524,13.587619047619048,0.0024435987458498905,0.0,4.0,1813.0,0.002206287920573635,-0.01800327332242226,-0.059468347492463734,,,-9.393632671127215e-05,0.011559820180574996,0.14337568058076214,0.26291441788743247,-0.09711529999730707,0.0,0,0,0,0,0,1,-0.01800327332242226,0.14337568058076214,,0.7070976721579486,18.245,0.26471
2026-07-21,2,SH010,自贸区临港新片区分行营业部,自贸区分行营业部,自贸区临港新片区,1,9,21,278,416,255,14.46,45.09,0,0,8,4.471,0.25888,949,0.7070600632244468,0.0,0.0,0.02877697841726619,13.238095238095237,30.88888888888889,0.8237037037037037,285.5,14.16,0.0019011406844106464,0.0,0.7069390018136882,0.26698500000000003,262.6666666666667,13.608095238095236,0.0027610590633102075,0.0,4.0,1798.0,0.002224694104560623,-0.02626970227670753,0.021186440677966153,-1.0,,0.00017124732183121591,-0.030357510721576223,0.05837563451776642,0.06260279245547137,-0.1942605885824629,0.0,0,0,0,0,0,1,-0.02626970227670753,0.05837563451776642,,0.7069390018136882,14.16,0.26698500000000003
2026-07-22,3,SH010,自贸区临港新片区分行营业部,自贸区分行营业部,自贸区临港新片区,1,9,22,268,400,245,13.26,36.09,1,0,8,4.5440000000000005,0.26684,913,0.7064622124863089,0.0037313432835820895,0.0,0.029850746268656716,12.181818181818182,29.77777777777778,0.794074074074074,275.5,13.57,0.0,0.0,0.7070275420323118,0.25934500000000005,262.6666666666667,13.684761904761908,0.0027610590633102075,0.0,5.0,1786.0,0.002799552071668533,-0.02722323049001815,-0.022844509948415657,,,-0.0007995863136785996,0.028899728161329397,0.020304568527918707,-0.031039042382907896,0.0139413925872982,0.0,0,0,0,0,0,1,-0.02722323049001815,0.020304568527918707,,0.7070275420323118,13.57,0.25934500000000005
2026-07-23,4,SH010,自贸区临港新片区分行营业部,自贸区分行营业部,自贸区临港新片区,1,9,21,262,392,241,12.33,39.29,0,0,5,4.526,0.26322,895,0.7072625698324022,0.0,0.0,0.019083969465648856,12.476190476190476,29.11111111111111,0.7762962962962963,271.0,12.965,0.0017667844522968198,0.0,0.7068692974265729,0.25543000000000005,262.5238095238095,13.721428571428573,0.0027630260339394025,0.0,5.0,1775.0,0.0028169014084507044,-0.033210332103321034,-0.0489780177400694,-1.0,,0.0005563580244057303,0.030497592295344957,-0.001995283874478485,-0.10140551795939627,0.01949868508277813,0.0,0,0,0,0,0,1,-0.033210332103321034,-0.001995283874478485,,0.7068692974265729,12.965,0.25543000000000005
2026-07-24,5,SH010,自贸区临港新片区分行营业部,自贸区分行营业部,自贸区临港新片区,1,9,22,273,408,250,13.18,34.54,1,0,6,4.577,0.267,931,0.706766917293233,0.003663003663003663,0.0,0.02197802197802198,12.409090909090908,30.333333333333332,0.8088888888888889,282.0,13.665,0.0,0.0,0.706643763720143,0.254935,262.1904761904762,13.710476190476191,0.0027630260339394025,0.0,5.0,1767.0,0.0028296547821165816,-0.031914893617021274,-0.03549213318697398,,,0.00017427957255528856,0.0473257889265891,0.041227751543770376,-0.038691303139761116,0.02411441201014769,0.0,0,0,0,0,0,0,-0.031914893617021274,0.041227751543770376,,0.706643763720143,13.665,0.254935
2026-07-25,6,SH010,自贸区临港新片区分行营业部,自贸区分行营业部,自贸区临港新片区,1,9,24,294,440,270,16.55,48.33,1,0,2,4.442,0.24758000000000002,1004,0.7071713147410359,0.003401360544217687,0.0,0.006802721088435374,12.25,32.666666666666664,0.8711111111111111,303.0,16.52,0.0031746031746031746,0.0,0.7069197446420429,0.259185,261.7142857142857,13.702857142857143,0.0029374547797967198,0.0,6.0,1762.0,0.00340522133938706,-0.0297029702970297,0.0018159806295400204,0.07142857142857138,,0.0003558679763859195,-0.044774967687173164,0.12336244541484713,0.20777731442869063,0.15924213125170597,0.0,0,0,0,0,0,0,-0.0297029702970297,0.12336244541484713,,0.7069197446420429,16.52,0.259185
2026-07-26,7,SH010,自贸区临港新片区分行营业部,自贸区分行营业部,自贸区临港新片区,1,9,22,87,130,80,1.07,3.32,0,0,2,4.555,0.26981000000000005,297,0.7070707070707071,0.0,0.0,0.022988505747126436,3.9545454545454546,9.666666666666666,0.2577777777777778,89.0,1.72,0.0,0.0,0.7063726595984661,0.26241000000000003,261.0952380952381,13.700952380952382,0.0027892025209282274,0.0,5.0,1762.0,0.0028376844494892167,-0.02247191011235955,-0.377906976744186,,,0.0009882141710266716,0.0282001448115545,-0.6667882546051431,-0.9219032392603921,0.01738200370794692,0.0,0,0,0,0,0,1,-0.02247191011235955,-0.6667882546051431,,0.7063726595984661,1.72,0.26241000000000003
2026-07-27,1,SH010,自贸区临港新片区分行营业部,自贸区分行营业部,自贸区临港新片区,1,9,22,304,454,278,17.28,47.92,1,0,8,4.494,0.26587,1036,0.7065637065637066,0.003289473684210526,0.0,0.02631578947368421,13.818181818181818,33.77777777777778,0.9007407407407407,308.5,18.46,0.0033333333333333335,0.0,0.707101282370518,0.26313,260.9047619047619,13.625238095238094,0.002789202520928227,0.0,4.0,1766.0,0.0022650056625141564,-0.014586709886547812,-0.06392199349945828,-0.013157894736842224,,-0.000760252908903176,0.010413103789001711,0.16517612703047993,0.26823471848460506,-0.18793789783311307,0.0,0,0,0,0,0,1,-0.014586709886547812,0.16517612703047993,,0.707101282370518,18.46,0.26313
2026-07-28,2,SH010,自贸区临港新片区分行营业部,自贸区分行营业部,自贸区临港新片区,1,9,22,286,428,262,14.26,37.9,0,0,10,4.459,0.27217,976,0.7069672131147541,0.0,0.0,0.03496503496503497,13.0,31.77777777777778,0.8474074074074074,285.5,14.965,0.0,0.0,0.7069055590383837,0.265095,260.2857142857143,13.47904761904762,0.0029458441249382524,0.0,4.0,1774.0,0.002254791431792559,0.0017513134851138354,-0.04710992315402607,,,8.721685037283581e-05,0.026688545615722654,0.09879253567508237,0.05793824630820313,-0.23458562769684171,0.0,0,0,0,0,0,1,0.0017513134851138354,0.09879253567508237,,0.7069055590383837,14.965,0.265095
2026-07-29,3,SH010,自贸区临港新片区分行营业部,自贸区分行营业部,自贸区临港新片区,1,9,21,278,417,255,13.8,33.21,1,0,11,4.504,0.24988000000000002,950,0.7073684210526315,0.0035971223021582736,0.0,0.039568345323741004,13.238095238095237,30.88888888888889,0.8237037037037037,275.5,13.955,0.0018450184501845018,0.0,0.706864642647959,0.265985,259.7142857142857,13.421428571428569,0.002626253201320483,0.0,4.0,1784.0,0.002242152466367713,0.009074410163339383,-0.011107130060910022,0.9496402877697844,,0.0007126943042239922,-0.060548527172584944,0.07040704070407038,0.028206492815327538,-0.1462542662526385,0.0,0,0,0,0,0,1,0.009074410163339383,0.07040704070407038,,0.706864642647959,13.955,0.265985
2026-07-30,4,SH010,自贸区临港新片区分行营业部,自贸区分行营业部,自贸区临港新片区,1,9,22,276,414,253,12.92,36.35,1,0,7,4.5,0.26214000000000004,943,0.7073170731707317,0.0036231884057971015,0.0,0.025362318840579712,12.545454545454545,30.666666666666668,0.8177777777777778,271.0,12.965,0.0,0.0,0.7068692974265729,0.25543000000000005,259.23809523809524,13.328571428571427,0.0027975447395184963,0.0,5.0,1798.0,0.0027808676307007787,0.01845018450184502,-0.003470883146934048,,,0.0006334632806785431,0.026269428023333173,0.06465833945628213,-0.030653804930332183,-0.005961337662320256,0.0,0,0,0,0,0,1,0.01845018450184502,0.06465833945628213,,0.7068692974265729,12.965,0.25543000000000005
2026-07-31,5,SH010,自贸区临港新片区分行营业部,自贸区分行营业部,自贸区临港新片区,1,9,23,291,435,266,15.39,33.47,0,0,2,4.435,0.26999,992,0.7066532258064516,0.0,0.0,0.006872852233676976,12.652173913043478,32.333333333333336,0.8622222222222223,282.0,13.665,0.0017793594306049821,0.0,0.7067081679232425,0.254935,258.9047619047619,13.254761904761907,0.002801812334813899,0.0,4.0,1816.0,0.0022026431718061676,0.031914893617021274,0.12623490669593865,-1.0,,-7.774371272991987e-05,0.059054268735167725,0.12396542210777993,0.16109215017064835,-0.21385056934854607,0.0,0,0,0,0,1,0,0.031914893617021274,0.12396542210777993,,0.7067081679232425,13.665,0.254935
2026-08-01,6,SH010,自贸区临港新片区分行营业部,自贸区分行营业部,自贸区临港新片区,1,9,22,313,468,287,18.77,50.25,1,0,3,4.377,0.26656,1068,0.7069288389513109,0.003194888178913738,0.0,0.009584664536741214,14.227272727272727,34.77777777777778,0.9274074074074075,303.0,16.57,0.004875283446712018,0.0,0.7069197446420429,0.250995,258.76190476190476,13.21238095238095,0.002801812334813899,0.0,4.0,1835.0,0.0021798365122615805,0.033003300330033,0.13277006638503314,-0.34467642469722864,,1.2864698343646332e-05,0.062013187513695466,0.20960618329039382,0.4206372089670585,-0.22199053620542766,0.0,0,0,0,0,2,0,0.033003300330033,0.20960618329039382,,0.7069197446420429,16.57,0.250995
2026-08-02,7,SH010,自贸区临港新片区分行营业部,自贸区分行营业部,自贸区临港新片区,1,9,21,93,139,85,1.69,4.49,0,0,2,4.601,0.25585,317,0.7066246056782335,0.0,0.0,0.021505376344086023,4.428571428571429,10.333333333333334,0.27555555555555555,89.0,1.3399999999999999,0.0,0.0,0.7067611599869664,0.26704000000000006,258.6666666666667,13.203809523809525,0.002651606707657108,0.0,4.0,1841.0,0.0021727322107550242,0.0449438202247191,0.26119402985074636,,,-0.00019321139369834258,-0.04190383463151599,-0.6404639175257733,-0.8720066358915176,-0.18059785997645375,0.0,0,0,0,0,3,0,0.0449438202247191,-0.6404639175257733,,0.7067611599869664,1.3399999999999999,0.26704000000000006
2026-08-03,1,SH010,自贸区临港新片区分行营业部,自贸区分行营业部,自贸区临港新片区,1,9,22,326,487,299,22.71,47.72,1,0,6,4.255,0.26414000000000004,1112,0.7068345323741008,0.003067484662576687,0.0,0.018404907975460124,14.818181818181818,36.22222222222222,0.9659259259259259,310.5,18.520000000000003,0.004978070175438597,0.0,0.7070276397874307,0.26682,258.7142857142857,13.207619047619048,0.002651606707657108,0.0,4.0,1863.0,0.0021470746108427268,0.0499194847020934,0.226241900647948,-0.38380043782600476,,-0.0002731256919290371,-0.0100442245708716,0.2600773053561568,0.7194620709547159,-0.19027410639648482,0.0,0,0,0,1,4,0,0.0499194847020934,0.2600773053561568,,0.7070276397874307,18.520000000000003,0.26682
2026-08-04,2,SH010,自贸区临港新片区分行营业部,自贸区分行营业部,自贸区临港新片区,1,9,21,307,459,281,17.17,38.87,1,0,6,4.389,0.27504,1047,0.7067812798471824,0.003257328990228013,0.0,0.019543973941368076,14.619047619047619,34.111111111111114,0.9096296296296297,289.5,14.965,0.0,0.0,0.7070136381696004,0.271285,259.14285714285717,13.348095238095238,0.002347023958376172,0.0,5.0,1884.0,0.002653927813163482,0.06044905008635579,0.14734380220514545,,,-0.0003286475817065222,0.013841531968225329,0.1846747519294376,0.286325853519318,0.13076298334834485,0.0,0,0,0,1,5,0,0.06044905008635579,0.1846747519294376,,0.7070136381696004,14.965,0.271285
2026-08-05,3,SH010,自贸区临港新片区分行营业部,自贸区分行营业部,自贸区临港新片区,1,9,22,298,446,273,16.74,38.86,1,0,9,4.396,0.27254,1017,0.7069813176007866,0.003355704697986577,0.0,0.030201342281879196,13.545454545454545,33.111111111111114,0.8829629629629631,279.0,14.225000000000001,0.0017985611510791368,0.0,0.7070661496486292,0.25934500000000005,259.8095238095238,13.402857142857144,0.002502134862672744,0.0,5.0,1904.0,0.0026260504201680674,0.06810035842293907,0.1768014059753952,0.8657718120805368,,-0.00011997752669216946,0.05087817386107291,0.14699413489736077,0.24898742272436558,0.049523932280356224,0.0,0,0,0,1,5,0,0.06810035842293907,0.14699413489736077,,0.7070661496486292,14.225000000000001,0.25934500000000005
2026-08-06,4,SH010,自贸区临港新片区分行营业部,自贸区分行营业部,自贸区临港新片区,1,9,22,295,441,270,16.27,49.8,0,0,2,4.426,0.25456,1006,0.7067594433399602,0.0,0.0,0.006779661016949152,13.409090909090908,32.77777777777778,0.8740740740740741,274.5,13.145,0.0017667844522968198,0.0,0.7070147435628176,0.255135,260.6666666666667,13.502380952380953,0.002661930324481629,0.0,4.0,1923.0,0.0020800832033281333,0.07468123861566485,0.2377329783187524,-1.0,,-0.000361096038211082,-0.0022537088208203194,0.13171355498721218,0.20497266795979535,-0.21858089815585297,0.0,0,0,0,1,5,0,0.07468123861566485,0.13171355498721218,,0.7070147435628176,13.145,0.255135
2026-08-07,5,SH010,自贸区临港新片区分行营业部,自贸区分行营业部,自贸区临港新片区,1,9,22,308,461,282,16.83,48.94,2,0,6,4.399,0.25575000000000003,1051,0.7069457659372027,0.006493506493506494,0.0,0.01948051948051948,14.0,34.22222222222222,0.9125925925925926,286.0,14.690000000000001,0.0017793594306049821,0.0,0.7066669051787999,0.265195,261.7142857142857,13.640476190476189,0.002661930324481629,0.0,6.0,1940.0,0.003092783505154639,0.07692307692307693,0.14567733151803927,2.6493506493506502,,0.00039461414756959635,-0.03561530194762337,0.17685589519650652,0.2338278931750742,0.16185742230383596,0.0,0,0,0,1,5,0,0.07692307692307693,0.17685589519650652,,0.7066669051787999,14.690000000000001,0.265195
2026-08-08,6,SH010,自贸区临港新片区分行营业部,自贸区分行营业部,自贸区临港新片区,1,9,22,332,497,304,21.36,64.7,1,0,6,4.224,0.24793,1133,0.706972639011474,0.0030120481927710845,0.0,0.018072289156626505,15.090909090909092,36.888888888888886,0.9837037037037036,306.0,17.66,0.0032981243615657126,0.0,0.7069527915686786,0.250995,263.0,13.775714285714287,0.002801682116495749,0.0,6.0,1959.0,0.0030627871362940277,0.08496732026143791,0.20951302378255943,-0.08673904845080484,,2.8074636711361053e-05,-0.012211398633438961,0.2623574144486692,0.5505548065954577,0.09319580485628404,0.0,0,0,0,1,5,0,0.08496732026143791,0.2623574144486692,,0.7069527915686786,17.66,0.250995
2026-08-09,7,SH010,自贸区临港新片区分行营业部,自贸区分行营业部,自贸区临港新片区,1,9,21,97,146,89,1.77,3.63,1,0,3,4.592,0.26632,332,0.7078313253012049,0.010309278350515464,0.0,0.030927835051546393,4.619047619047619,10.777777777777779,0.28740740740740744,89.5,1.3399999999999999,0.0,0.0,0.7068476563744703,0.2629,264.57142857142856,14.00952380952381,0.0029451129828181816,0.0,7.0,1963.0,0.003565970453387672,0.08379888268156424,0.32089552238805985,,,0.0013916279100080827,0.013008748573602048,-0.6333693304535637,-0.8736573759347384,0.21080938972174548,0.0,0,0,0,1,5,0,0.08379888268156424,-0.6333693304535637,,0.7068476563744703,1.3399999999999999,0.2629
2026-08-10,1,SH010,自贸区临港新片区分行营业部,自贸区分行营业部,自贸区临港新片区,1,9,22,338,506,310,25.85,61.17,1,0,7,4.174,0.26980000000000004,1154,0.707105719237435,0.0029585798816568047,0.0,0.020710059171597635,15.363636363636363,37.55555555555556,1.0014814814814814,310.5,18.520000000000003,0.004978070175438597,0.0,0.706929280974481,0.26500500000000005,265.04761904761904,14.046190476190475,0.0028886856245778124,0.0,7.0,1975.0,0.0035443037974683543,0.08856682769726248,0.3957883369330452,-0.40567734535880934,,0.00024958403577622076,0.01809399822644853,0.2752425440172476,0.8403566464386212,0.2269607212748746,0.0,0,0,0,1,5,0,0.08856682769726248,0.2752425440172476,,0.706929280974481,18.520000000000003,0.26500500000000005
2026-08-11,2,SH010,自贸区临港新片区分行营业部,自贸区分行营业部,自贸区临港新片区,1,9,22,314,470,288,18.71,45.89,0,0,5,4.396,0.26653000000000004,1072,0.707089552238806,0.0,0.0,0.01592356687898089,14.272727272727273,34.888888888888886,0.9303703703703703,289.5,15.24,0.0,0.0,0.7070136381696004,0.273605,266.85714285714283,14.46,0.0027121100633868667,0.0,6.0,1982.0,0.0030272452068617556,0.0846286701208981,0.2276902887139108,,,0.00010737284983940505,-0.025858445569342456,0.17665952890792302,0.29391424619640383,0.11619555848015622,0.0,0,0,0,1,5,0,0.0846286701208981,0.17665952890792302,,0.7070136381696004,15.24,0.273605
2026-08-12,3,SH010,自贸区临港新片区分行营业部,自贸区分行营业部,自贸区临港新片区,1,9,21,302,451,277,17.13,45.7,0,0,6,4.389,0.25202,1030,0.7067961165048544,0.0,0.0,0.019867549668874173,14.380952380952381,33.55555555555556,0.8948148148148148,279.0,14.225000000000001,0.0034764135000724256,0.0,0.7070471441560419,0.265985,268.57142857142856,14.662380952380952,0.0027121100633868667,0.0,5.0,1986.0,0.0025176233635448137,0.08243727598566308,0.20421792618629156,-1.0,,-0.0003550366524527698,-0.05250296069327219,0.12446808510638305,0.1682959306290799,-0.07171047461074614,0.0,0,0,0,1,5,0,0.08243727598566308,0.12446808510638305,,0.7070471441560419,14.225000000000001,0.265985
2026-08-13,4,SH010,自贸区临港新片区分行营业部,自贸区分行营业部,自贸区临港新片区,1,9,21,294,440,270,15.57,36.27,0,0,7,4.443,0.2691,1004,0.7071713147410359,0.0,0.0,0.023809523809523808,14.0,32.666666666666664,0.8711111111111111,274.5,13.145,0.0,0.0,0.7070147435628176,0.25835,270.1904761904762,14.846666666666666,0.0025344270498829577,0.0,5.0,1985.0,0.0025188916876574307,0.07103825136612021,0.1844807911753519,,,0.0002214539083433018,0.041610218695567955,0.08812125484666897,0.04872025145936245,-0.006129733434720273,0.0,0,0,0,1,5,0,0.07103825136612021,0.08812125484666897,,0.7070147435628176,13.145,0.25835
2026-08-14,5,SH010,自贸区临港新片区分行营业部,自贸区分行营业部,自贸区临港新片区,1,9,21,303,454,278,17.12,43.71,0,0,3,4.449,0.26719000000000004,1035,0.7072463768115942,0.0,0.0,0.009900990099009901,14.428571428571429,33.666666666666664,0.8977777777777777,286.0,14.690000000000001,0.0036108612621068136,0.0,0.7067237509221906,0.261375,271.7142857142857,15.00095238095238,0.0025344270498829577,0.0,3.0,1980.0,0.0015151515151515152,0.05944055944055944,0.16541865214431584,-1.0,,0.0007395052008958024,0.022247728359636593,0.11514195583596211,0.14126087232556672,-0.40217197602058175,0.0,0,0,0,1,5,0,0.05944055944055944,0.11514195583596211,,0.7067237509221906,14.690000000000001,0.261375
2026-08-15,6,SH010,自贸区临港新片区分行营业部,自贸区分行营业部,自贸区临港新片区,1,9,22,323,484,296,20.06,44.01,0,0,3,4.38,0.27987,1103,0.7071622846781505,0.0,0.0,0.009287925696594427,14.681818181818182,35.888888888888886,0.9570370370370369,306.0,17.66,0.003103468185842411,0.0,0.7069507389813925,0.249195,273.14285714285717,15.188571428571427,0.0023599983040256405,0.0,2.0,1971.0,0.0010147133434804667,0.05555555555555555,0.1359003397508493,-1.0,,0.00029923682810314224,0.12309637031240597,0.18253138075313796,0.32072987208427395,-0.570036409878097,0.0,0,0,0,1,5,0,0.05555555555555555,0.18253138075313796,,0.7069507389813925,17.66,0.249195
2026-08-16,7,SH010,自贸区临港新片区分行营业部,自贸区分行营业部,自贸区临港新片区,1,9,21,94,141,86,2.43,5.52,0,0,1,4.585,0.27166,321,0.7071651090342679,0.0,0.0,0.010638297872340425,4.476190476190476,10.444444444444445,0.2785185185185185,90.0,1.38,0.005154639175257732,0.0,0.7070707070707071,0.261155,274.5238095238095,15.355714285714285,0.0021980287543009887,0.0,1.0,1968.0,0.0005081300813008131,0.044444444444444446,0.7608695652173916,-1.0,,0.00013351134846457192,0.040225153644387376,-0.6575888985255854,-0.8417527211833659,-0.7688246433052659,0.0,0,0,0,1,5,0,0.044444444444444446,-0.6575888985255854,,0.7070707070707071,1.38,0.261155
2026-08-17,1,SH010,自贸区临港新片区分行营业部,自贸区分行营业部,自贸区临港新片区,1,9,22,323,483,296,21.52,58.7,1,0,8,4.311,0.24738000000000002,1102,0.7068965517241379,0.0030959752321981426,0.0,0.02476780185758514,14.681818181818182,35.888888888888886,0.9570370370370369,315.0,19.995,0.0031784791733936064,0.0,0.7069328911870504,0.26682,274.85714285714283,15.42047619047619,0.0021980287543009887,0.0,1.0,1953.0,0.0005120327700972862,0.025396825396825397,0.07626906726681663,-0.02595704948646111,,-5.140440254726704e-05,-0.07285810658871143,0.17515592515592526,0.39554704628971993,-0.7670491029312665,0.0,0,0,0,1,4,0,0.025396825396825397,0.17515592515592526,,0.7069328911870504,19.995,0.26682
2026-08-18,2,SH010,自贸区临港新片区分行营业部,自贸区分行营业部,自贸区临港新片区,1,9,23,299,447,274,15.73,48.8,0,0,4,4.454,0.27477,1020,0.7068627450980393,0.0,0.0,0.013377926421404682,13.0,33.22222222222222,0.8859259259259259,296.5,15.815000000000001,0.0,0.0,0.7070136381696004,0.26935000000000003,275.76190476190476,15.622380952380952,0.002188814542300399,0.0,1.0,1938.0,0.0005159958720330237,0.008431703204047217,-0.005374644325007958,,,-0.00021342314124488576,0.020122517170967066,0.08426869279917114,0.00688877373731218,-0.7642578381763113,0.0,0,0,0,0,3,0,0.008431703204047217,0.08426869279917114,,0.7070136381696004,15.815000000000001,0.26935000000000003
2026-08-19,3,SH010,自贸区临港新片区分行营业部,自贸区分行营业部,自贸区临港新片区,1,9,22,286,427,262,14.16,33.72,2,0,11,4.557,0.26714000000000004,975,0.7066666666666667,0.006993006993006993,0.0,0.038461538461538464,13.0,31.77777777777778,0.8474074074074074,288.0,15.27,0.0034764135000724256,0.0,0.7068887170528205,0.25943000000000005,276.3809523809524,15.692380952380953,0.002188814542300399,0.0,3.0,1922.0,0.0015608740894901144,-0.006944444444444444,-0.07269155206286833,1.0115578865578865,,-0.000314123539953557,0.029718999344717237,0.034803583735354825,-0.09765127146932089,-0.28688609321387826,0.0,0,0,0,0,2,0,-0.006944444444444444,0.034803583735354825,,0.7068887170528205,15.27,0.25943000000000005
2026-08-20,4,SH010,自贸区临港新片区分行营业部,自贸区分行营业部,自贸区临港新片区,1,9,21,278,417,255,14.26,43.84,1,0,9,4.511,0.28011,950,0.7073684210526315,0.0035971223021582736,0.0,0.03237410071942446,13.238095238095237,30.88888888888889,0.8237037037037037,285.0,14.245000000000001,0.0,0.0,0.707216942286719,0.26268,276.76190476190476,15.70952380952381,0.0023505233371027188,0.0,4.0,1906.0,0.002098635886673662,-0.02456140350877193,0.0010530010530009682,,,0.00021418995622855203,0.0663544997715852,0.004473503097040615,-0.09227038496514102,-0.10716228443812681,0.0,0,0,0,0,1,0,-0.02456140350877193,0.004473503097040615,,0.707216942286719,14.245000000000001,0.26268
2026-08-21,5,SH010,自贸区临港新片区分行营业部,自贸区分行营业部,自贸区临港新片区,1,9,22,288,431,264,14.59,37.52,0,0,7,4.521,0.25444,983,0.7070193285859614,0.0,0.0,0.024305555555555556,13.090909090909092,32.0,0.8533333333333334,297.0,16.11,0.0018315018315018315,0.0,0.7068563416152178,0.267095,276.85714285714283,15.773333333333333,0.0023492820940722984,0.0,4.0,1891.0,0.0021152829190904283,-0.030303030303030304,-0.09435133457479825,-1.0,,0.00023058005021378984,-0.04738014564106414,0.04024767801857594,-0.07502113271344042,-0.09960454539380183,0.0,0,0,0,0,0,0,-0.030303030303030304,0.04024767801857594,,0.7068563416152178,16.11,0.267095
2026-08-22,6,SH010,自贸区临港新片区分行营业部,自贸区分行营业部,自贸区临港新片区,1,9,22,308,461,283,17.41,49.97,3,0,12,4.423,0.25836000000000003,1052,0.7072243346007605,0.00974025974025974,0.0,0.03896103896103896,14.0,34.22222222222222,0.9125925925925926,318.0,19.415,0.003103468185842411,0.0,0.7070674618448123,0.257245,276.7142857142857,15.735238095238095,0.0023492820940722984,0.0,7.0,1876.0,0.0037313432835820895,-0.031446540880503145,-0.10327066701004374,2.138508003624283,,0.00022186391598182973,0.004334389395323651,0.11306143520908618,0.10643384578138239,0.5882908625562693,0.0,0,0,0,0,0,0,-0.031446540880503145,0.11306143520908618,,0.7070674618448123,19.415,0.257245
2026-08-23,7,SH010,自贸区临港新片区分行营业部,自贸区分行营业部,自贸区临港新片区,1,9,21,90,135,83,1.31,3.87,0,0,1,4.557,0.2723,308,0.7077922077922078,0.0,0.0,0.011111111111111112,4.285714285714286,10.0,0.26666666666666666,93.5,1.73,0.0,0.0,0.7071179080524874,0.268065,276.4761904761905,15.67047619047619,0.0026609664541363937,0.0,7.0,1872.0,0.0037393162393162395,-0.0374331550802139,-0.2427745664739884,,,0.0009535888315676463,0.01579840710275489,-0.6744746813641062,-0.9164033061869454,0.4052474180963773,0.0,0,0,0,0,0,1,-0.0374331550802139,-0.6744746813641062,,0.7071179080524874,1.73,0.268065
2026-08-24,1,SH010,自贸区临港新片区分行营业部,自贸区分行营业部,自贸区临港新片区,1,9,22,314,470,288,19.09,60.29,1,0,8,4.336,0.26446000000000003,1072,0.707089552238806,0.0031847133757961785,0.0,0.025477707006369428,14.272727272727273,34.888888888888886,0.9303703703703703,324.5,22.115000000000002,0.003081729947387415,0.0,0.7068655420491193,0.26500500000000005,276.3333333333333,15.652380952380952,0.0026609664541363937,0.0,7.0,1863.0,0.003757380568974772,-0.032357473035439135,-0.1367849875650012,0.03341740845789204,,0.0003169063653000725,-0.0020565649704723217,0.13630880579010865,0.21962275631274722,0.41203605296640816,0.0,0,0,0,0,0,2,-0.032357473035439135,0.13630880579010865,,0.7068655420491193,22.115000000000002,0.26500500000000005
2026-08-25,2,SH010,自贸区临港新片区分行营业部,自贸区分行营业部,自贸区临港新片区,1,9,23,294,439,269,15.88,41.04,0,1,5,4.53,0.28008,1002,0.7065868263473054,0.0,34.01360544217687,0.017006802721088437,12.782608695652174,32.666666666666664,0.8711111111111111,303.0,16.450000000000003,0.0,0.0,0.7069149791063967,0.27347,275.76190476190476,15.479999999999999,0.0026665487738135128,0.0,7.0,1858.0,0.003767491926803014,-0.0297029702970297,-0.03465045592705179,,,-0.0004642039973549217,0.02417084140856403,0.0661371093075462,0.025839793281653888,0.41287193536498074,34.01360544217687,0,0,0,0,0,2,-0.0297029702970297,0.0661371093075462,,0.7069149791063967,16.450000000000003,0.27347
2026-08-26,3,SH010,自贸区临港新片区分行营业部,自贸区分行营业部,自贸区临港新片区,1,9,21,285,426,261,14.72,40.63,0,0,7,4.518,0.27268000000000003,972,0.7067901234567902,0.0,0.0,0.02456140350877193,13.571428571428571,31.666666666666668,0.8444444444444444,292.0,15.45,0.0034764135000724256,0.0,0.7068887170528205,0.25958000000000003,275.14285714285717,15.418571428571427,0.0025114378695169407,1.6196954972465174,5.0,1857.0,0.0026925148088314485,-0.023972602739726026,-0.047249190938511244,-1.0,,-0.00013947541338816519,0.05046613760690345,0.03582554517133947,-0.045307143518947345,0.0721009034355832,0.0,0,0,0,0,0,2,-0.023972602739726026,0.03582554517133947,,0.7068887170528205,15.45,0.25958000000000003
2026-08-27,4,SH010,自贸区临港新片区分行营业部,自贸区分行营业部,自贸区临港新片区,1,9,23,282,421,258,15.01,32.63,1,0,8,4.562,0.25039,961,0.7065556711758585,0.0035460992907801418,0.0,0.028368794326241134,12.26086956521739,31.333333333333332,0.8355555555555555,286.0,14.915,0.0017985611510791368,0.0,0.7072441939558838,0.26562,274.5238095238095,15.322380952380952,0.002351642407708056,1.6196954972465174,5.0,1861.0,0.0026867275658248252,-0.013986013986013986,0.0063694267515923995,0.9716312056737587,,-0.0009735290666355612,-0.057337549883292,0.02723330442324373,-0.02038723311682255,0.1424898432765329,0.0,0,0,0,0,0,2,-0.013986013986013986,0.02723330442324373,,0.7072441939558838,14.915,0.26562
2026-08-28,5,SH010,自贸区临港新片区分行营业部,自贸区分行营业部,自贸区临港新片区,1,9,22,295,442,271,15.51,32.16,0,0,4,4.47,0.25707,1008,0.7073412698412699,0.0,0.0,0.013559322033898305,13.409090909090908,32.77777777777778,0.8740740740740741,297.0,16.11,0.0,0.0,0.706982547261582,0.26147000000000004,273.9047619047619,15.262380952380951,0.0025205042786975865,1.6196954972465174,5.0,1868.0,0.0026766595289079227,-0.006734006734006734,-0.03724394785847298,,,0.0005073994840145674,-0.016827934371056008,0.07701668984700966,0.016224142772456457,0.061953971485033905,0.0,0,0,0,0,0,1,-0.006734006734006734,0.07701668984700966,,0.706982547261582,16.11,0.26147000000000004
2026-08-29,6,SH010,自贸区临港新片区分行营业部,自贸区分行营业部,自贸区临港新片区,1,9,23,321,480,294,20.41,45.9,0,0,6,4.427,0.27092000000000005,1095,0.7068493150684931,0.0,0.0,0.018691588785046728,13.956521739130435,35.666666666666664,0.951111111111111,318.0,19.415,0.003103468185842411,0.0,0.7070674618448123,0.26246,273.2857142857143,15.199523809523809,0.0022112896837687057,1.6196954972465174,2.0,1881.0,0.001063264221158958,0.009433962264150943,0.051249034251867165,-1.0,,-0.00030852328538776583,0.0322334831974397,0.17459487715629904,0.3428052257276231,-0.5191655670609223,0.0,0,0,0,0,0,0,0.009433962264150943,0.17459487715629904,,0.7070674618448123,19.415,0.26246
2026-08-30,7,SH010,自贸区临港新片区分行营业部,自贸区分行营业部,自贸区临港新片区,1,9,21,95,142,87,1.82,4.71,0,0,2,4.627,0.26019000000000003,324,0.7067901234567902,0.0,0.0,0.021052631578947368,4.523809523809524,10.555555555555555,0.2814814814814815,93.5,1.73,0.0,0.0,0.7074786584132378,0.26899,272.76190476190476,15.154285714285715,0.002067858817446273,1.6196954972465174,2.0,1886.0,0.0010604453870625664,0.016042780748663103,0.05202312138728328,,,-0.0009732236418154022,-0.03271497081675889,-0.6517108938547486,-0.8799019607843137,-0.4871770847624036,0.0,0,0,0,0,0,0,0.016042780748663103,-0.6517108938547486,,0.7074786584132378,1.73,0.26899
2026-08-31,1,SH010,自贸区临港新片区分行营业部,自贸区分行营业部,自贸区临港新片区,1,9,22,334,500,306,23.47,59.75,1,0,7,4.216,0.28713,1140,0.7070175438596491,0.0029940119760479044,0.0,0.020958083832335328,15.181818181818182,37.111111111111114,0.9896296296296297,324.5,22.115000000000002,0.003081729947387415,0.0,0.706993051981472,0.26430000000000003,272.6666666666667,15.156666666666668,0.0015769408007550608,1.6196954972465174,2.0,1906.0,0.001049317943336831,0.029275808936825885,0.06127063079357887,-0.0284638734856943,,3.4642318065869505e-05,0.0863791146424516,0.2249388753056234,0.5484935122058497,-0.3345863441199547,0.0,0,0,0,0,0,0,0.029275808936825885,0.2249388753056234,,0.706993051981472,22.115000000000002,0.26430000000000003
2026-09-01,2,SH010,自贸区临港新片区分行营业部,自贸区分行营业部,自贸区临港新片区,1,9,22,312,467,286,18.82,40.68,1,0,2,4.33,0.25218,1065,0.7070422535211267,0.003205128205128205,0.0,0.00641025641025641,14.181818181818182,34.666666666666664,0.9244444444444444,303.0,16.525000000000002,0.0,0.0,0.7068220124726108,0.274905,272.4761904761905,15.043333333333331,0.0015786280433451132,1.6196954972465174,3.0,1924.0,0.0015592515592515593,0.0297029702970297,0.13888048411497717,,,0.0003115933638589923,-0.08266492060893761,0.1450541768612373,0.2510525149567917,-0.012274255595064105,0.0,0,0,0,0,1,0,0.0297029702970297,0.1450541768612373,,0.7068220124726108,16.525000000000002,0.274905
2026-09-02,3,SH010,自贸区临港新片区分行营业部,自贸区分行营业部,自贸区临港新片区,1,9,22,304,455,279,16.93,34.14,2,0,8,4.392,0.27095,1038,0.7071290944123314,0.006578947368421052,0.0,0.02631578947368421,13.818181818181818,33.77777777777778,0.9007407407407407,292.0,15.73,0.0016778523489932886,0.0,0.7067931199808223,0.26984,272.3809523809524,15.048571428571428,0.0017312531959702655,1.6196954972465174,5.0,1943.0,0.0025733401955738548,0.0410958904109589,0.0762873490146217,2.921052631578947,,0.00047535045547449447,0.004113548769641268,0.11608391608391597,0.12502373267514716,0.48640314516886657,0.0,0,0,0,0,1,0,0.0410958904109589,0.11608391608391597,,0.7067931199808223,15.73,0.26984
2026-09-03,4,SH010,自贸区临港新片区分行营业部,自贸区分行营业部,自贸区临港新片区,1,9,21,302,452,277,16.16,47.61,1,0,8,4.419,0.25363,1031,0.7070805043646945,0.0033112582781456954,0.0,0.026490066225165563,14.380952380952381,33.55555555555556,0.8948148148148148,288.0,15.29,0.0017730496453900709,0.0,0.706965379040498,0.26183,272.4761904761905,15.039047619047619,0.0020445364039903156,1.6196954972465174,5.0,1963.0,0.0025471217524197657,0.04861111111111111,0.05689993459777639,0.8675496688741722,,0.00016284435929902346,-0.03131803078333264,0.10835372247465919,0.07453612817427653,0.2458187330137804,0.0,0,0,0,0,1,0,0.04861111111111111,0.10835372247465919,,0.706965379040498,15.29,0.26183
2026-09-04,5,SH010,自贸区临港新片区分行营业部,自贸区分行营业部,自贸区临港新片区,1,9,21,317,474,290,18.84,39.81,0,0,4,4.412,0.26292000000000004,1081,0.7067530064754857,0.0,0.0,0.012618296529968454,15.095238095238095,35.22222222222222,0.9392592592592592,299.0,16.169999999999998,0.0,0.0,0.7071328526987778,0.25641,272.85714285714283,15.067142857142859,0.002202215369616301,1.6196954972465174,5.0,1985.0,0.0025188916876574307,0.06020066889632107,0.1651205936920224,,,-0.0005371638749952545,0.025389025389025446,0.161780104712042,0.25040295818716213,0.1437989773435761,0.0,0,0,0,0,2,0,0.06020066889632107,0.161780104712042,,0.7071328526987778,16.169999999999998,0.25641
2026-09-05,6,SH010,自贸区临港新片区分行营业部,自贸区分行营业部,自贸区临港新片区,1,9,22,343,514,315,24.44,66.17,1,0,7,4.135,0.27749,1172,0.7073378839590444,0.0029154518950437317,0.0,0.02040816326530612,15.590909090909092,38.111111111111114,1.0162962962962965,322.0,20.235,0.0015060240963855422,0.0,0.7070674618448123,0.26464000000000004,273.5238095238095,15.149047619047618,0.002202215369616301,1.6196954972465174,6.0,2007.0,0.0029895366218236174,0.06521739130434782,0.20780825302693362,0.9358600583090377,,0.0003824558883342713,0.048556529625151036,0.25400417827298055,0.613302737874454,0.3575132855168901,0.0,0,0,0,0,3,0,0.06521739130434782,0.25400417827298055,,0.7070674618448123,20.235,0.26464000000000004
2026-09-06,7,SH010,自贸区临港新片区分行营业部,自贸区分行营业部,自贸区临港新片区,1,9,22,101,152,93,1.5899999999999999,4.13,1,0,4,4.627,0.27763000000000004,346,0.708092485549133,0.009900990099009901,0.0,0.039603960396039604,4.590909090909091,11.222222222222221,0.2992592592592592,94.5,1.795,0.0,0.0,0.7074786584132378,0.26899,274.4761904761905,15.357619047619048,0.0023410464122374315,1.6196954972465174,7.0,2013.0,0.003477396920019871,0.06878306878306878,-0.11420612813370477,,,0.0008676263638424259,0.032120153165545326,-0.6320263705759889,-0.8964683265635174,0.48540281040237204,0.0,0,0,0,0,2,0,0.06878306878306878,-0.6320263705759889,,0.7074786584132378,1.795,0.26899
2026-09-07,1,SH010,自贸区临港新片区分行营业部,自贸区分行营业部,自贸区临港新片区,1,9,22,354,529,324,27.95,75.98,3,0,4,4.021,0.24986000000000003,1207,0.7067108533554267,0.00847457627118644,0.0,0.011299435028248588,16.09090909090909,39.333333333333336,1.048888888888889,328.5,22.494999999999997,0.0030449936041230235,0.0,0.7070535480492275,0.26713000000000003,274.8095238095238,15.317619047619049,0.0028125221312379025,1.6196954972465174,9.0,2033.0,0.004426955238563699,0.0776255707762557,0.24249833296288076,1.7831179217294841,,-0.0004846799719006739,-0.06465017032905329,0.28816496274475834,0.8246961171386823,0.5740161435157207,0.0,0,0,0,0,3,0,0.0776255707762557,0.28816496274475834,,0.7070535480492275,22.494999999999997,0.26713000000000003
2026-09-08,2,SH010,自贸区临港新片区分行营业部,自贸区分行营业部,自贸区临港新片区,1,9,22,331,495,304,21.8,50.12,0,0,6,4.249,0.27117,1130,0.7070796460176991,0.0,0.0,0.01812688821752266,15.045454545454545,36.77777777777778,0.9807407407407408,305.5,17.295,0.0,0.0,0.706952499309583,0.27065000000000006,276.2857142857143,15.623809523809525,0.0030686459902373453,1.6196954972465174,8.0,2052.0,0.003898635477582846,0.08346972176759411,0.2604799074877131,,,0.0001798518404564111,0.001921300572695233,0.19803516028955537,0.39530630905211817,0.27047417329533824,0.0,0,0,0,1,4,0,0.08346972176759411,0.19803516028955537,,0.706952499309583,17.295,0.27065000000000006
2026-09-09,3,SH010,自贸区临港新片区分行营业部,自贸区分行营业部,自贸区临港新片区,1,9,23,320,478,293,19.52,53.74,2,0,8,4.364,0.25827,1091,0.7066911090742438,0.00625,0.0,0.025,13.91304347826087,35.55555555555556,0.9481481481481482,294.0,15.825,0.003289473684210526,0.0,0.7067931199808223,0.26904500000000003,277.8095238095238,15.912857142857144,0.0030686459902373453,1.6196954972465174,8.0,2068.0,0.0038684719535783366,0.08843537414965986,0.23349131121642971,0.9000000000000002,,-0.0001443292297203354,-0.040049062424501604,0.15186835790195413,0.22668103061316086,0.26064458588106104,0.0,0,0,0,1,4,0,0.08843537414965986,0.15186835790195413,,0.7067931199808223,15.825,0.26904500000000003
2026-09-10,4,SH010,自贸区临港新片区分行营业部,自贸区分行营业部,自贸区临港新片区,1,9,22,313,469,287,18.98,47.9,3,0,7,4.4,0.25206,1069,0.7072029934518241,0.009584664536741214,0.0,0.022364217252396165,14.227272727272727,34.77777777777778,0.9274074074074075,288.0,15.29,0.0034286787844629183,0.0,0.7071259095528653,0.261365,279.42857142857144,16.168095238095237,0.00303326470485606,1.6196954972465174,10.0,2079.0,0.00481000481000481,0.08680555555555555,0.24133420536298245,1.795439625366537,,0.00010901014644991208,-0.035601553383199765,0.12014314928425351,0.17391688510588177,0.5857517487030738,0.0,0,0,0,1,4,0,0.08680555555555555,0.12014314928425351,,0.7071259095528653,15.29,0.261365
2026-09-11,5,SH010,自贸区临港新片区分行营业部,自贸区分行营业部,自贸区临港新片区,1,9,22,325,486,298,20.84,45.98,1,0,9,4.326,0.27484000000000003,1109,0.7069431920649234,0.003076923076923077,0.0,0.027692307692307693,14.772727272727273,36.111111111111114,0.962962962962963,299.0,16.315,0.0,0.0,0.7071328526987778,0.25999500000000003,281.0952380952381,16.392857142857142,0.003318385763645724,1.6196954972465174,11.0,2087.0,0.005270723526593196,0.08695652173913043,0.2773521299417713,,,-0.00026821075153070963,0.05709725187022825,0.15619176689818745,0.27128540305010895,0.5883396030492091,0.0,0,0,0,1,5,0,0.08695652173913043,0.15619176689818745,,0.7071328526987778,16.315,0.25999500000000003
2026-09-12,6,SH010,自贸区临港新片区分行营业部,自贸区分行营业部,自贸区临港新片区,1,9,23,347,519,318,25.75,77.35,1,0,7,4.166,0.26158000000000003,1184,0.7069256756756757,0.002881844380403458,0.0,0.020172910662824207,15.08695652173913,38.55555555555556,1.0281481481481483,322.0,20.235,0.0014577259475218659,0.0,0.7071933096394555,0.27420500000000003,282.85714285714283,16.69047619047619,0.003464905910165871,1.6196954972465174,11.0,2091.0,0.0052606408417025345,0.07763975155279502,0.27254756609834446,0.9769452449567723,,-0.00037844527109040304,-0.04604219470833864,0.22676767676767687,0.5427960057061342,0.518263692606504,0.0,0,0,0,1,5,0,0.07763975155279502,0.22676767676767687,,0.7071933096394555,20.235,0.27420500000000003
2026-09-13,7,SH010,自贸区临港新片区分行营业部,自贸区分行营业部,自贸区临港新片区,1,9,22,101,151,93,2.5700000000000003,6.48,1,0,5,4.641,0.25173,345,0.7072463768115942,0.009900990099009901,0.0,0.04950495049504951,4.590909090909091,11.222222222222221,0.2992592592592592,94.5,1.705,0.0,0.0,0.7074786584132378,0.27198,284.7142857142857,17.087619047619047,0.0031383147025536664,1.6196954972465174,11.0,2091.0,0.0052606408417025345,0.06878306878306878,0.5073313782991203,,,-0.0003283231216677827,-0.07445400397088017,-0.6452584044154541,-0.8495987069445993,0.6762630074740171,0.0,0,0,0,1,5,0,0.06878306878306878,-0.6452584044154541,,0.7074786584132378,1.705,0.27198
2026-09-14,1,SH010,自贸区临港新片区分行营业部,自贸区分行营业部,自贸区临港新片区,1,9,22,348,521,319,27.46,76.04,1,0,9,4.063,0.27206,1188,0.7070707070707071,0.0028735632183908046,0.0,0.02586206896551724,15.818181818181818,38.666666666666664,1.031111111111111,328.5,22.494999999999997,0.0031403443039971606,0.0,0.7069570477918935,0.25716000000000006,285.23809523809524,17.147619047619045,0.003609790421554138,1.6196954972465174,9.0,2085.0,0.004316546762589928,0.0593607305936073,0.22071571460324535,-0.08495281401685349,,0.00016077253797606856,0.057940581738995044,0.22003338898163605,0.6013885031935576,0.19578874629832593,0.0,0,0,0,1,5,0,0.0593607305936073,0.22003338898163605,,0.7069570477918935,22.494999999999997,0.25716000000000006
2026-09-15,2,SH010,自贸区临港新片区分行营业部,自贸区分行营业部,自贸区临港新片区,1,9,21,322,482,295,19.99,63.31,0,0,7,4.289,0.26954,1099,0.7070063694267515,0.0,0.0,0.021739130434782608,15.333333333333334,35.77777777777778,0.9540740740740741,305.5,17.35,0.0,0.0,0.706952499309583,0.27297000000000005,286.85714285714283,17.54619047619048,0.0035949737473919777,1.6196954972465174,9.0,2076.0,0.004335260115606936,0.054009819967266774,0.1521613832853024,,,7.620047629949485e-05,-0.012565483386452884,0.12250996015936265,0.13927863869514456,0.2059226075717546,0.0,0,0,0,1,5,0,0.054009819967266774,0.12250996015936265,,0.706952499309583,17.35,0.27297000000000005
2026-09-16,3,SH010,自贸区临港新片区分行营业部,自贸区分行营业部,自贸区临港新片区,1,9,22,308,460,282,18.31,49.09,1,0,13,4.373,0.28303,1050,0.7066666666666667,0.003246753246753247,0.0,0.04220779220779221,14.0,34.22222222222222,0.9125925925925926,295.0,15.825,0.006414473684210526,0.0,0.706740616265517,0.26904500000000003,288.1904761904762,17.741904761904763,0.0035949737473919777,0.0,8.0,2064.0,0.003875968992248062,0.04406779661016949,0.15703001579778827,-0.4938394938394938,,-0.00010463470918238265,0.05198015201917883,0.06873760740251152,0.03201996886574681,0.07816336490911402,0.0,0,0,0,1,5,0,0.04406779661016949,0.06873760740251152,,0.706740616265517,15.825,0.26904500000000003
2026-09-17,4,SH010,自贸区临港新片区分行营业部,自贸区分行营业部,自贸区临港新片区,1,9,21,299,448,274,15.84,43.61,0,0,6,4.427,0.25874,1021,0.7071498530852106,0.0,0.0,0.020066889632107024,14.238095238095237,33.22222222222222,0.8859259259259259,292.0,15.585,0.0035716107964692077,0.0,0.7071417489082593,0.252845,289.2857142857143,17.912857142857142,0.003749581044856418,0.0,5.0,2050.0,0.0024390243902439024,0.023972602739726026,0.01636188642925884,-1.0,,1.1460470215211574e-05,0.02331467895350922,0.033580246913580275,-0.11571895685461357,-0.34952082350915037,0.0,0,0,0,1,4,0,0.023972602739726026,0.033580246913580275,,0.7071417489082593,15.585,0.252845
2026-09-18,5,SH010,自贸区临港新片区分行营业部,自贸区分行营业部,自贸区临港新片区,1,9,23,308,461,283,17.24,37.28,2,0,9,4.41,0.27653,1052,0.7072243346007605,0.006493506493506494,0.0,0.02922077922077922,13.391304347826088,34.22222222222222,0.9125925925925926,306.0,17.175,0.0,0.0,0.7069812603254424,0.25999500000000003,290.0952380952381,17.952380952380953,0.003580719173866887,0.0,6.0,2033.0,0.002951303492375799,0.006535947712418301,0.0037845705967975386,,,0.00034381996943768755,0.06359737687263203,0.06172028890348005,-0.03968169761273219,-0.17577912450793226,0.0,0,0,0,0,3,0,0.006535947712418301,0.06172028890348005,,0.7069812603254424,17.175,0.25999500000000003
2026-09-19,6,SH010,自贸区临港新片区分行营业部,自贸区分行营业部,自贸区临港新片区,1,9,22,328,491,301,21.64,50.18,2,0,14,4.346,0.25632000000000005,1120,0.7071428571428572,0.006097560975609756,0.0,0.042682926829268296,14.909090909090908,36.44444444444444,0.9718518518518519,332.0,22.425,0.002898648137723595,0.0,0.7070750051382181,0.26625000000000004,290.7142857142857,18.034761904761904,0.0038899337687957674,0.0,7.0,2014.0,0.003475670307845084,-0.012048192771084338,-0.035005574136008924,1.1035878402262285,,9.596153752576528e-05,-0.037295774647887296,0.12825552825552822,0.19990494547566875,-0.10649627617668399,0.0,0,0,0,0,2,0,-0.012048192771084338,0.12825552825552822,,0.7070750051382181,22.425,0.26625000000000004
2026-06-22,1,SH011,自贸区临港新片区分行营业部,自贸区分行营业部,自贸区临港新片区,1,9,24,251,261,160,9.99,26.53,0,1,6,4.647,0.22569000000000003,672,0.6264880952380952,0.0,39.8406374501992,0.02390438247011952,10.458333333333334,27.88888888888889,0.7437037037037038,,,,,,,,,,,,,,,,,,,,,,,,0,0,0,0,0,0,,,,,,
2026-06-23,2,SH011,自贸区临港新片区分行营业部,自贸区分行营业部,自贸区临港新片区,1,9,24,234,243,149,7.76,19.02,0,0,6,4.631,0.23635000000000003,626,0.6261980830670927,0.0,0.0,0.02564102564102564,9.75,26.0,0.6933333333333334,,,,,,,,,,,,,,,,,,,,,,,,0,0,0,0,0,0,,,,,,
2026-06-24,3,SH011,自贸区临港新片区分行营业部,自贸区分行营业部,自贸区临港新片区,1,9,25,226,235,144,7.66,23.03,1,0,5,4.623,0.25965000000000005,605,0.6264462809917355,0.004424778761061947,0.0,0.022123893805309734,9.04,25.11111111111111,0.6696296296296296,,,,,,,,,,,,,,,,,,,,,,,,0,0,0,0,0,0,,,,,,
2026-06-25,4,SH011,自贸区临港新片区分行营业部,自贸区分行营业部,自贸区临港新片区,1,9,23,223,232,142,7.87,22.83,0,0,4,4.562,0.25385,597,0.626465661641541,0.0,0.0,0.017937219730941704,9.695652173913043,24.77777777777778,0.6607407407407407,,,,,,,,,,,,,,,,,,,,,,,,0,0,0,0,0,0,,,,,,
2026-06-26,5,SH011,自贸区临港新片区分行营业部,自贸区分行营业部,自贸区临港新片区,1,9,24,233,242,148,8.02,19.15,1,0,2,4.601,0.25207,623,0.6260032102728732,0.004291845493562232,0.0,0.008583690987124463,9.708333333333334,25.88888888888889,0.6903703703703704,,,,,,,,,,,2.0,1167.0,0.001713796058269066,,,,,,,,,,,0,0,0,0,0,0,,,,,,
2026-06-27,6,SH011,自贸区临港新片区分行营业部,自贸区分行营业部,自贸区临港新片区,1,9,24,252,262,161,10.11,28.35,2,0,8,4.566,0.25737000000000004,675,0.6266666666666667,0.007936507936507936,0.0,0.031746031746031744,10.5,28.0,0.7466666666666667,,,,,,,233.4,8.26,0.0017433248509248357,7.968127490039841,4.0,1419.0,0.0028188865398167725,,,,,,,0.07969151670951154,0.2239709443099273,0.6169599936129805,,0,0,0,0,0,0,,0.07969151670951154,,,,
2026-06-28,7,SH011,自贸区临港新片区分行营业部,自贸区分行营业部,自贸区临港新片区,1,9,24,75,78,48,1.0,2.02,0,0,3,4.561,0.24527000000000002,201,0.6268656716417911,0.0,0.0,0.04,3.125,8.333333333333334,0.22222222222222224,,,,,,,236.5,8.568333333333333,0.0027755220318553524,6.6401062416998675,4.0,1494.0,0.002677376171352075,,,,,,,-0.6828752642706131,-0.8832911884847306,-0.035361225519680003,,0,0,0,0,0,0,,-0.6828752642706131,,,,
2026-06-29,1,SH011,自贸区临港新片区分行营业部,自贸区分行营业部,自贸区临港新片区,1,9,24,262,272,167,12.16,24.49,0,0,5,4.539,0.25554000000000004,701,0.6262482168330956,0.0,0.0,0.019083969465648856,10.916666666666666,29.11111111111111,0.7762962962962963,,,,,,,213.42857142857142,7.487142857142857,0.002379018884447445,5.691519635742743,4.0,1505.0,0.0026578073089701,,,,,,,0.22757697456492645,0.624117534821599,0.11718630160744042,,0,0,0,0,0,0,,0.22757697456492645,,,,
2026-06-30,2,SH011,自贸区临港新片区分行营业部,自贸区分行营业部,自贸区临港新片区,1,9,25,247,257,157,9.61,21.97,0,0,6,4.642,0.26623,661,0.6263237518910741,0.0,0.0,0.024291497975708502,9.88,27.444444444444443,0.7318518518518519,,,,,,,219.5,8.07125,0.0020816415238915143,4.9800796812749,4.0,1518.0,0.002635046113306983,,,,,,,0.1252847380410023,0.19064581074802545,0.26585009141291016,,0,0,0,0,0,0,,0.1252847380410023,,,,
2026-07-01,3,SH011,自贸区临港新片区分行营业部,自贸区分行营业部,自贸区临港新片区,1,9,24,241,250,154,9.04,27.05,1,0,11,4.618,0.24903000000000003,645,0.6263565891472869,0.004149377593360996,0.0,0.04564315352697095,10.041666666666666,26.77777777777778,0.7140740740740741,,,,,,,222.55555555555554,8.242222222222223,0.0018503480212369017,4.426737494466578,4.0,1533.0,0.002609262883235486,,,,,,,0.08287568647029461,0.09679158802911818,0.4101470930270039,,0,0,0,0,0,0,,0.08287568647029461,,,,
2026-07-02,4,SH011,自贸区临港新片区分行营业部,自贸区分行营业部,自贸区临港新片区,1,9,25,239,249,152,7.63,21.93,0,0,4,4.585,0.24851,640,0.6265625,0.0,0.0,0.016736401673640166,9.56,26.555555555555557,0.7081481481481482,,,,,,,224.4,8.322,0.002080250978449311,3.9840637450199203,4.0,1549.0,0.0025823111684958036,,,,,,,0.06506238859180033,-0.08315308819995186,0.24134596990827778,,0,0,0,0,0,0,,0.06506238859180033,,,,
2026-07-03,5,SH011,自贸区临港新片区分行营业部,自贸区分行营业部,自贸区临港新片区,1,9,23,251,261,160,10.31,30.99,1,0,8,4.546,0.23746000000000003,672,0.6264880952380952,0.00398406374501992,0.0,0.03187250996015936,10.91304347826087,27.88888888888889,0.7437037037037038,,,,,,,225.72727272727272,8.259090909090908,0.0018911372531357372,3.621876131836291,4.0,1567.0,0.0025526483726866626,,,,,,,0.11196133709222718,0.24832140891579552,0.3497954040374695,,0,0,0,0,0,0,,0.11196133709222718,,,,
2026-07-04,6,SH011,自贸区临港新片区分行营业部,自贸区分行营业部,自贸区临港新片区,1,9,25,273,284,174,11.66,23.47,0,0,3,4.555,0.25827,731,0.6265389876880985,0.0,0.0,0.01098901098901099,10.92,30.333333333333332,0.8088888888888889,,,,,,,227.83333333333334,8.43,0.0020655477941260857,3.3200531208499338,2.0,1588.0,0.0012594458438287153,,,,,,,0.19824433065106067,0.3831553973902729,-0.39026061395903194,,0,0,0,0,0,0,,0.19824433065106067,,,,
2026-07-05,7,SH011,自贸区临港新片区分行营业部,自贸区分行营业部,自贸区临港新片区,1,9,24,81,84,51,1.0,2.46,0,0,2,4.619,0.25708000000000003,216,0.625,0.0,0.0,0.024691358024691357,3.375,9.0,0.24,,,,,,,231.30769230769232,8.678461538461537,0.001906659502270233,3.0646644192460926,2.0,1594.0,0.0012547051442910915,,,,,,,-0.6498170934486199,-0.884772203510016,-0.3419353886747311,,0,0,0,0,0,0,,-0.6498170934486199,,,,
2026-07-06,1,SH011,自贸区临港新片区分行营业部,自贸区分行营业部,自贸区临港新片区,1,9,24,282,293,180,14.59,45.32,0,0,7,4.491,0.24203000000000002,755,0.6264900662251656,0.0,0.0,0.024822695035460994,11.75,31.333333333333332,0.8355555555555555,256.5,11.075,0.0,19.9203187250996,0.6263681560355954,0.24061500000000002,220.57142857142858,8.129999999999999,0.0017704695378223593,2.8457598178713717,2.0,1614.0,0.0012391573729863693,0.09941520467836257,0.31738148984198655,,-1.0,0.00019463024803462037,0.005880763875901334,0.2784974093264248,0.794587945879459,-0.3000967559653655,-19.9203187250996,0,0,0,0,1,0,0.09941520467836257,0.2784974093264248,-1.0,0.6263681560355954,11.075,0.24061500000000002
2026-07-07,2,SH011,自贸区临港新片区分行营业部,自贸区分行营业部,自贸区临港新片区,1,9,24,264,275,169,11.81,24.11,0,0,5,4.566,0.24111000000000002,708,0.6271186440677966,0.0,0.0,0.01893939393939394,11.0,29.333333333333332,0.7822222222222222,240.5,8.684999999999999,0.0,0.0,0.6262609174790834,0.25129,224.66666666666666,8.560666666666666,0.0016524382353008686,2.6560424966799467,2.0,1631.0,0.001226241569589209,0.09771309771309772,0.3598157743235466,,,0.00136959941898632,-0.040510963428707844,0.17507418397626118,0.37956545440386275,-0.25791987658410703,0.0,0,0,0,0,2,0,0.09771309771309772,0.17507418397626118,,0.6262609174790834,8.684999999999999,0.25129
2026-07-08,3,SH011,自贸区临港新片区分行营业部,自贸区分行营业部,自贸区临港新片区,1,9,24,256,266,163,10.36,29.43,1,0,4,4.55,0.25608000000000003,685,0.6262773722627737,0.00390625,0.0,0.015625,10.666666666666666,28.444444444444443,0.7585185185185185,233.5,8.35,0.004287078177211471,0.0,0.6264014350695112,0.25434,227.125,8.76375,0.0015491608455945644,2.49003984063745,2.0,1646.0,0.001215066828675577,0.09635974304068523,0.24071856287425147,-0.08883163811563159,,-0.00019805638970754168,0.006841236140599273,0.1271326362135388,0.18214234773926682,-0.2156612838938379,0.0,0,0,0,0,3,0,0.09635974304068523,0.1271326362135388,,0.6264014350695112,8.35,0.25434
2026-07-09,4,SH011,自贸区临港新片区分行营业部,自贸区分行营业部,自贸区临港新片区,1,9,25,251,262,160,10.27,29.15,2,0,9,4.543,0.25719000000000003,673,0.6270430906389302,0.00796812749003984,0.0,0.035856573705179286,10.04,27.88888888888889,0.7437037037037038,231.0,7.75,0.0,0.0,0.6265140808207705,0.25118,228.8235294117647,8.857647058823531,0.0016878131487948842,2.343566908835247,4.0,1658.0,0.0024125452352231603,0.08658008658008658,0.32516129032258057,,,0.0008443701975007268,0.023927064256708395,0.09691516709511573,0.15945012617877516,0.4293911840571583,0.0,0,0,0,1,4,0,0.08658008658008658,0.09691516709511573,,0.6265140808207705,7.75,0.25118
2026-07-10,5,SH011,自贸区临港新片区分行营业部,自贸区分行营业部,自贸区临港新片区,1,9,24,261,272,166,10.69,30.23,1,0,8,4.573,0.24034000000000003,699,0.6266094420600858,0.0038314176245210726,0.0,0.03065134099616858,10.875,29.0,0.7733333333333333,242.0,9.165,0.004137954619291076,0.0,0.6262456527554843,0.244765,230.05555555555554,8.93611111111111,0.0020367195010862708,2.213368747233289,4.0,1668.0,0.002398081534772182,0.07851239669421488,0.16639388979814518,-0.07407935150881863,,0.0005809051176657188,-0.018078565154331643,0.13450857280850043,0.19626981659931622,0.17742356445901425,0.0,0,0,0,1,5,0,0.07851239669421488,0.13450857280850043,,0.6262456527554843,9.165,0.244765
2026-07-11,6,SH011,自贸区临港新片区分行营业部,自贸区分行营业部,自贸区临港新片区,1,9,24,280,291,178,13.05,37.91,2,0,13,4.59,0.26284,749,0.6261682242990654,0.007142857142857143,0.0,0.04642857142857143,11.666666666666666,31.11111111111111,0.8296296296296296,262.5,10.885,0.003968253968253968,0.0,0.6266028271773826,0.25782000000000005,231.68421052631578,9.028421052631579,0.002131177297056523,2.0968756552736423,6.0,1675.0,0.003582089552238806,0.06666666666666667,0.1988975654570511,0.8,,-0.0006935858880096831,0.019470948723915787,0.20854157201272153,0.4454354669464849,0.68080316789514,0.0,0,0,0,1,5,0,0.06666666666666667,0.20854157201272153,,0.6266028271773826,10.885,0.25782000000000005
2026-07-12,7,SH011,自贸区临港新片区分行营业部,自贸区分行营业部,自贸区临港新片区,1,9,24,82,85,52,1.46,3.48,0,0,0,4.704,0.26255,219,0.6255707762557078,0.0,0.0,0.0,3.4166666666666665,9.11111111111111,0.24296296296296296,78.0,1.0,0.0,0.0,0.6259328358208955,0.25117500000000004,234.1,9.2295,0.002381761289346554,1.9920318725099602,6.0,1676.0,0.003579952267303103,0.05128205128205128,0.45999999999999996,,,-0.0005784319729974278,0.04528715039315205,-0.6497223408799658,-0.8418115824259169,0.5030692972112571,0.0,0,0,0,1,5,0,0.05128205128205128,-0.6497223408799658,,0.6259328358208955,1.0,0.25117500000000004
2026-07-13,1,SH011,自贸区临港新片区分行营业部,自贸区分行营业部,自贸区临港新片区,1,9,25,282,293,180,14.94,40.34,1,0,10,4.53,0.25422,755,0.6264900662251656,0.0035460992907801418,0.0,0.03546099290780142,11.28,31.333333333333332,0.8355555555555555,262.0,12.16,0.0,0.0,0.6264880952380952,0.24203000000000002,226.85714285714286,8.859523809523811,0.0022683440850919563,1.8971732119142477,7.0,1676.0,0.004176610978520286,0.07633587786259542,0.22861842105263153,,,3.1460886253283e-06,0.05036565714994,0.24307304785894204,0.6863208814834718,0.8412598890837899,0.0,0,0,0,1,5,0,0.07633587786259542,0.24307304785894204,,0.6264880952380952,12.16,0.24203000000000002
2026-07-14,2,SH011,自贸区临港新片区分行营业部,自贸区分行营业部,自贸区临港新片区,1,9,25,261,271,166,9.29,18.84,1,0,3,4.594,0.25135,698,0.6260744985673352,0.0038314176245210726,0.0,0.011494252873563218,10.44,29.0,0.7733333333333333,247.0,9.61,0.0,0.0,0.6263237518910741,0.24111000000000002,228.33333333333334,9.095238095238095,0.002437205956081487,0.0,8.0,1673.0,0.004781829049611476,0.05668016194331984,-0.033298647242455806,,,-0.0003979624323464549,0.042470241798349295,0.1430656934306569,0.02141361256544497,0.9620127046216678,0.0,0,0,0,1,4,0,0.05668016194331984,0.1430656934306569,,0.6263237518910741,9.61,0.24111000000000002
2026-07-15,3,SH011,自贸区临港新片区分行营业部,自贸区分行营业部,自贸区临港新片区,1,9,24,249,259,159,10.12,27.5,1,0,5,4.65,0.25711,667,0.6266866566716641,0.004016064257028112,0.0,0.020080321285140562,10.375,27.666666666666668,0.7377777777777778,241.0,9.04,0.004149377593360996,0.0,0.6263565891472869,0.25608000000000003,229.61904761904762,9.168095238095239,0.0026196544143920145,0.0,8.0,1666.0,0.004801920768307323,0.03319502074688797,0.11946902654867259,-0.03212851405622499,,0.0005269642406518028,0.004022180568572224,0.08440481128162587,0.10382797486106045,0.8330359691439613,0.0,0,0,0,0,3,0,0.03319502074688797,0.08440481128162587,,0.6263565891472869,9.04,0.25608000000000003
2026-07-16,4,SH011,自贸区临港新片区分行营业部,自贸区分行营业部,自贸区临港新片区,1,9,25,242,252,155,9.33,19.3,1,0,9,4.687,0.23944000000000001,649,0.6271186440677966,0.004132231404958678,0.0,0.0371900826446281,9.68,26.88888888888889,0.717037037037037,239.0,7.87,0.0,0.0,0.6265625,0.25385,230.71428571428572,9.285238095238096,0.0026001918189618315,0.0,7.0,1657.0,0.004224502112251056,0.012552301255230125,0.18551461245235068,,,0.000887611479775094,-0.056765806578688224,0.048916408668730614,0.0048207600389762635,0.6246886408317971,0.0,0,0,0,0,3,0,0.012552301255230125,0.048916408668730614,,0.6265625,7.87,0.25385
2026-07-17,5,SH011,自贸区临港新片区分行营业部,自贸区分行营业部,自贸区临港新片区,1,9,24,250,260,159,9.96,30.12,1,0,6,4.593,0.24346,669,0.6263079222720478,0.004,0.0,0.024,10.416666666666666,27.77777777777778,0.7407407407407408,251.0,10.31,0.00398406374501992,0.0,0.6264880952380952,0.24034000000000003,231.61904761904762,9.354761904761904,0.002796964743007483,0.0,7.0,1646.0,0.00425273390036452,-0.00398406374501992,-0.03394762366634332,0.004000000000000038,,-0.00028759200281207006,0.012981609386702104,0.07935855263157894,0.06469839653855956,0.5204817690307016,0.0,0,0,0,0,2,0,-0.00398406374501992,0.07935855263157894,,0.6264880952380952,10.31,0.24034000000000003
2026-07-18,6,SH011,自贸区临港新片区分行营业部,自贸区分行营业部,自贸区临港新片区,1,9,24,266,277,170,11.33,23.68,0,0,6,4.585,0.26019000000000003,713,0.6269284712482468,0.0,0.0,0.022556390977443608,11.083333333333334,29.555555555555557,0.7881481481481482,273.0,11.66,0.007142857142857143,0.0,0.6265389876880985,0.25827,232.42857142857142,9.447142857142856,0.0027830673385521388,0.0,5.0,1632.0,0.0030637254901960784,-0.02564102564102564,-0.028301886792452834,-1.0,,0.0006216429748219145,0.007434080613311777,0.14443761524277818,0.19930440042340863,0.100844901507108,0.0,0,0,0,0,1,0,-0.02564102564102564,0.14443761524277818,,0.6265389876880985,11.66,0.25827
2026-07-19,7,SH011,自贸区临港新片区分行营业部,自贸区分行营业部,自贸区临港新片区,1,9,23,77,80,49,1.0,2.64,1,0,3,4.563,0.24031000000000002,206,0.6262135922330098,0.012987012987012988,0.0,0.03896103896103896,3.347826086956522,8.555555555555555,0.22814814814814816,81.0,1.0,0.0,0.0,0.6255707762557078,0.25708000000000003,233.0952380952381,9.505238095238095,0.002405138389194618,0.0,6.0,1627.0,0.0036877688998156115,-0.04938271604938271,0.0,,,0.0010275671461980561,-0.06523261241636846,-0.6696629213483146,-0.894794849957417,0.5332876130468707,0.0,0,0,0,0,1,0,-0.04938271604938271,-0.6696629213483146,,0.6255707762557078,1.0,0.25708000000000003
2026-07-20,1,SH011,自贸区临港新片区分行营业部,自贸区分行营业部,自贸区临港新片区,1,9,24,267,277,170,11.95,35.89,1,0,6,4.529,0.24264000000000002,714,0.6260504201680672,0.003745318352059925,0.0,0.02247191011235955,11.125,29.666666666666668,0.7911111111111111,272.0,13.375,0.0,0.0,0.6264890807316303,0.248125,233.1904761904762,9.505238095238095,0.0030235675790523794,0.0,6.0,1612.0,0.0037220843672456576,-0.01838235294117647,-0.10654205607476641,,,-0.0007001886817418126,-0.02210579345088157,0.14498672656728603,0.2572015430088672,0.23102403697958732,0.0,0,0,0,0,1,0,-0.01838235294117647,0.14498672656728603,,0.6264890807316303,13.375,0.248125
2026-07-21,2,SH011,自贸区临港新片区分行营业部,自贸区分行营业部,自贸区临港新片区,1,9,25,247,257,158,9.81,20.94,0,0,1,4.631,0.23763,662,0.6268882175226587,0.0,0.0,0.004048582995951417,9.88,27.444444444444443,0.7318518518518519,254.0,9.45,0.0,0.0,0.6262609174790834,0.24623,233.42857142857142,9.495238095238095,0.003201916072007614,0.0,5.0,1598.0,0.0031289111389236545,-0.027559055118110236,0.038095238095238224,,,0.0010016592542615485,-0.03492669455387238,0.058139534883720985,0.03314944834503516,-0.022800389342555405,0.0,0,0,0,0,0,0,-0.027559055118110236,0.058139534883720985,,0.6262609174790834,9.45,0.24623
2026-07-22,3,SH011,自贸区临港新片区分行营业部,自贸区分行营业部,自贸区临港新片区,1,9,24,238,247,152,9.36,22.67,2,0,11,4.513,0.25218,637,0.6263736263736264,0.008403361344537815,0.0,0.046218487394957986,9.916666666666666,26.444444444444443,0.7051851851851851,245.0,9.579999999999998,0.004082720925194554,0.0,0.6264014350695112,0.256595,233.42857142857142,9.504761904761905,0.003201916072007614,0.0,6.0,1587.0,0.003780718336483932,-0.02857142857142857,-0.02296450939457191,1.0582747384668152,,-4.4394368096756305e-05,-0.0172061030027865,0.01958384332925342,-0.015230460921843745,0.1807674690590522,0.0,0,0,0,0,0,0,-0.02857142857142857,0.01958384332925342,,0.6264014350695112,9.579999999999998,0.256595
2026-07-23,4,SH011,自贸区临港新片区分行营业部,自贸区分行营业部,自贸区临港新片区,1,9,24,233,243,149,8.4,21.37,4,0,10,4.607,0.23581000000000002,625,0.6272,0.017167381974248927,0.0,0.04291845493562232,9.708333333333334,25.88888888888889,0.6903703703703704,240.5,8.6,0.002066115702479339,0.0,0.626802795319465,0.25118,233.28571428571428,9.52,0.0034044867268255576,0.0,9.0,1578.0,0.005703422053231939,-0.031185031185031187,-0.023255813953488292,7.309012875536481,,0.0006336995997800253,-0.061191177641531945,-0.0012247397428046193,-0.11764705882352934,0.6752663502230705,0.0,0,0,0,0,0,0,-0.031185031185031187,-0.0012247397428046193,,0.626802795319465,8.6,0.25118
2026-07-24,5,SH011,自贸区临港新片区分行营业部,自贸区分行营业部,自贸区临港新片区,1,9,24,243,252,155,9.27,27.81,1,0,9,4.6129999999999995,0.24874000000000002,650,0.6261538461538462,0.00411522633744856,0.0,0.037037037037037035,10.125,27.0,0.72,250.5,10.135000000000002,0.00399203187250996,0.0,0.6263980087550716,0.2419,233.0,9.556666666666667,0.004221981106551697,0.0,9.0,1571.0,0.005728835136855506,-0.029940119760479042,-0.08534780463739534,0.030860090518551462,,-0.0003897882780800238,0.028276147168251397,0.04291845493562232,-0.02999651203348452,0.3569068625071447,0.0,0,0,0,0,0,0,-0.029940119760479042,0.04291845493562232,,0.6263980087550716,10.135000000000002,0.2419
2026-07-25,6,SH011,自贸区临港新片区分行营业部,自贸区分行营业部,自贸区临港新片区,1,9,25,262,272,167,10.93,32.77,0,0,8,4.628,0.26212,701,0.6262482168330956,0.0,0.0,0.030534351145038167,10.48,29.11111111111111,0.7762962962962963,269.5,11.495000000000001,0.0035714285714285713,0.0,0.6266028271773826,0.25923,232.61904761904762,9.507142857142858,0.004228226944286394,0.0,9.0,1567.0,0.00574345883854499,-0.027829313543599257,-0.04915180513266648,-1.0,,-0.0005659252223363812,0.011148401033830975,0.1263050153531218,0.14966190833959417,0.35836106108403915,0.0,0,0,0,0,0,0,-0.027829313543599257,0.1263050153531218,,0.6266028271773826,11.495000000000001,0.25923
2026-07-26,7,SH011,自贸区临港新片区分行营业部,自贸区分行营业部,自贸区临港新片区,1,9,24,77,80,49,1.0,2.58,1,0,2,4.6129999999999995,0.25623,206,0.6262135922330098,0.012987012987012988,0.0,0.025974025974025976,3.2083333333333335,8.555555555555555,0.22814814814814816,79.0,1.0,0.0,0.0,0.6258921842443588,0.25117500000000004,232.0952380952381,9.472380952380954,0.004228226944286394,0.0,9.0,1567.0,0.00574345883854499,-0.02531645569620253,0.0,,,0.0005135197350946743,0.0201254105703194,-0.6682396389002873,-0.8944299215765132,0.35836106108403915,0.0,0,0,0,0,0,0,-0.02531645569620253,-0.6682396389002873,,0.6258921842443588,1.0,0.25117500000000004
2026-07-27,1,SH011,自贸区临港新片区分行营业部,自贸区分行营业部,自贸区临港新片区,1,9,23,270,281,172,12.87,34.43,3,1,11,4.419,0.25657,723,0.6265560165975104,0.011111111111111112,37.03703703703704,0.040740740740740744,11.73913043478261,30.0,0.8,274.5,13.375,0.0017730496453900709,0.0,0.6263691415291306,0.24843,231.9047619047619,9.472380952380954,0.0048466561341441545,0.0,11.0,1570.0,0.0070063694267515925,-0.01639344262295082,-0.03775700934579445,5.266666666666667,,0.00029834654357902473,0.03276576902950532,0.16427104722792613,0.3586869093102752,0.4456089379629179,37.03703703703704,0,0,0,0,0,0,-0.01639344262295082,0.16427104722792613,,0.6263691415291306,13.375,0.24843
2026-07-28,2,SH011,自贸区临港新片区分行营业部,自贸区分行营业部,自贸区临港新片区,1,9,25,254,264,162,10.2,28.34,1,0,8,4.389,0.25967,680,0.6264705882352941,0.003937007874015748,0.0,0.031496062992125984,10.16,28.22222222222222,0.7525925925925926,254.0,9.71,0.0,0.0,0.6266059847068663,0.24623,231.33333333333334,9.390476190476189,0.005375756663244684,1.7636684303350971,12.0,1577.0,0.007609384908053266,0.0,0.05046343975283197,,,-0.00021607912288864527,0.054583113349307585,0.09798270893371754,0.08620689655172423,0.4155002513563207,0.0,0,0,0,0,0,0,0.0,0.09798270893371754,,0.6266059847068663,9.71,0.24623
2026-07-29,3,SH011,自贸区临港新片区分行营业部,自贸区分行营业部,自贸区临港新片区,1,9,24,248,258,158,8.59,19.73,5,0,14,4.248,0.24858000000000002,664,0.6265060240963856,0.020161290322580645,0.0,0.056451612903225805,10.333333333333334,27.555555555555557,0.7348148148148148,245.0,9.739999999999998,0.004082720925194554,0.0,0.6263651077604566,0.25413,230.85714285714286,9.313809523809525,0.005563233228674005,1.7636684303350971,15.0,1587.0,0.00945179584120983,0.012244897959183673,-0.11806981519507175,3.938199473337722,,0.0002249747538345215,-0.021839216149214965,0.07425742574257424,-0.07771358453908696,0.6989752995602276,0.0,0,0,0,0,0,0,0.012244897959183673,0.07425742574257424,,0.6263651077604566,9.739999999999998,0.25413
2026-07-30,4,SH011,自贸区临港新片区分行营业部,自贸区分行营业部,自贸区临港新片区,1,9,23,246,256,157,9.61,24.35,2,0,11,4.413,0.2487,659,0.6267071320182094,0.008130081300813009,0.0,0.044715447154471545,10.695652173913043,27.333333333333332,0.7288888888888888,240.5,8.865,0.006050179447499259,0.0,0.6270808673533634,0.243975,230.47619047619048,9.229523809523808,0.0063372827678445124,1.7636684303350971,13.0,1600.0,0.008125,0.02286902286902287,0.08403835307388598,0.3437752336707042,,-0.00059599224695123,0.019366738395327418,0.06735537190082642,0.041223815911670694,0.2820952287668774,0.0,0,0,0,0,0,0,0.02286902286902287,0.06735537190082642,,0.6270808673533634,8.865,0.243975
2026-07-31,5,SH011,自贸区临港新片区分行营业部,自贸区分行营业部,自贸区临港新片区,1,9,25,258,269,165,10.29,22.65,3,0,11,4.449,0.24662000000000003,692,0.6271676300578035,0.011627906976744186,0.0,0.04263565891472868,10.32,28.666666666666668,0.7644444444444445,250.5,10.135000000000002,0.00399203187250996,0.0,0.6263980087550716,0.2419,230.23809523809524,9.198095238095238,0.006344994854071806,1.7636684303350971,15.0,1615.0,0.009287925696594427,0.029940119760479042,0.015293537247163055,1.912779092976837,,0.0012286458321627248,0.01951219512195134,0.12057911065149947,0.11870987782149504,0.46381926387758043,0.0,0,0,0,0,0,0,0.029940119760479042,0.12057911065149947,,0.6263980087550716,10.135000000000002,0.2419
2026-08-01,6,SH011,自贸区临港新片区分行营业部,自贸区分行营业部,自贸区临港新片区,1,9,24,278,289,177,11.92,30.63,4,0,13,4.31,0.26175000000000004,744,0.6263440860215054,0.014388489208633094,0.0,0.046762589928057555,11.583333333333334,30.88888888888889,0.8237037037037037,269.5,11.495000000000001,0.0,0.0,0.626393602260597,0.261155,230.0952380952381,9.17904761904762,0.006716256251796717,1.7636684303350971,19.0,1631.0,0.011649294911097487,0.03153988868274583,0.03697259678120913,,,-7.904972035627922e-05,0.002278340449158592,0.20819536423841056,0.2986096700560282,0.7344923234549151,0.0,0,0,0,0,0,0,0.03153988868274583,0.20819536423841056,,0.626393602260597,11.495000000000001,0.261155
2026-08-02,7,SH011,自贸区临港新片区分行营业部,自贸区分行营业部,自贸区临港新片区,1,9,23,82,86,53,1.0,2.12,0,0,3,4.254,0.25029,221,0.6289592760180995,0.0,0.0,0.036585365853658534,3.5652173913043477,9.11111111111111,0.24296296296296296,79.0,1.0,0.006493506493506494,0.0,0.6258921842443588,0.256655,230.0,9.125238095238094,0.0070612863501669995,1.7636684303350971,18.0,1636.0,0.011002444987775062,0.0379746835443038,0.0,-1.0,,0.004900351611585736,-0.024799828563636044,-0.6434782608695652,-0.8904138182956739,0.5581360735377703,0.0,0,0,0,0,0,0,0.0379746835443038,-0.6434782608695652,,0.6258921842443588,1.0,0.256655
2026-08-03,1,SH011,自贸区临港新片区分行营业部,自贸区分行营业部,自贸区临港新片区,1,9,24,289,301,185,14.74,34.71,3,1,15,4.1,0.25051,775,0.6270967741935484,0.010380622837370242,34.602076124567475,0.05190311418685121,12.041666666666666,32.111111111111114,0.8562962962962963,276.0,13.73,0.0036457088214200337,0.0,0.6264900662251656,0.24843,230.0,9.103333333333333,0.0070612863501669995,1.7636684303350971,18.0,1655.0,0.010876132930513595,0.04710144927536232,0.07356154406409321,1.8473537920471947,,0.0009684239241628243,0.008372579801151223,0.2565217391304348,0.6191871109483705,0.540248106530388,34.602076124567475,0,0,0,0,0,0,0.04710144927536232,0.2565217391304348,,0.6264900662251656,13.73,0.24843
2026-08-04,2,SH011,自贸区临港新片区分行营业部,自贸区分行营业部,自贸区临港新片区,1,9,24,273,284,174,12.04,37.05,4,0,6,4.046,0.24678000000000003,731,0.6265389876880985,0.014652014652014652,0.0,0.02197802197802198,11.375,30.333333333333332,0.8088888888888889,257.5,10.004999999999999,0.0019157088122605363,0.0,0.6266794028789764,0.24623,230.33333333333334,9.093809523809522,0.007386739852385575,3.4113863410287864,21.0,1674.0,0.012544802867383513,0.06019417475728155,0.20339830084957525,6.648351648351649,,-0.00022406224017074684,0.002233683954026815,0.18523878437047753,0.3239775881028435,0.6982868109714359,0.0,0,0,0,0,1,0,0.06019417475728155,0.18523878437047753,,0.6266794028789764,10.004999999999999,0.24623
2026-08-05,3,SH011,自贸区临港新片区分行营业部,自贸区分行营业部,自贸区临港新片区,1,9,23,265,276,169,11.37,30.51,5,0,13,4.091,0.26383,710,0.6267605633802817,0.018867924528301886,0.0,0.04905660377358491,11.521739130434783,29.444444444444443,0.7851851851851851,248.5,9.739999999999998,0.006209712800782963,0.0,0.626439825235006,0.25413,230.9047619047619,9.224761904761905,0.007902006377504319,3.4113863410287864,21.0,1691.0,0.012418687167356593,0.06639839034205232,0.16735112936344979,2.038453650533224,,0.0005120015240976339,0.03816944083736665,0.14765931119818523,0.23255213710509998,0.5715865786581119,0.0,0,0,0,0,2,0,0.06639839034205232,0.14765931119818523,,0.626439825235006,9.739999999999998,0.25413
2026-08-06,4,SH011,自贸区临港新片区分行营业部,自贸区分行营业部,自贸区临港新片区,1,9,24,262,273,167,11.9,28.62,5,0,10,4.296,0.23832000000000003,702,0.6267806267806267,0.019083969465648856,0.0,0.03816793893129771,10.916666666666666,29.11111111111111,0.7762962962962963,244.0,9.469999999999999,0.008049104395426426,0.0,0.6270808673533634,0.24407,231.66666666666666,9.284285714285714,0.008609237818993545,3.4113863410287864,24.0,1707.0,0.014059753954305799,0.07377049180327869,0.2565997888067584,1.3709432165512154,,-0.00047879083602707243,-0.023558815094030308,0.1309352517985612,0.2817356516387138,0.633100891148276,0.0,0,0,0,0,3,0,0.07377049180327869,0.1309352517985612,,0.6270808673533634,9.469999999999999,0.24407
2026-08-07,5,SH011,自贸区临港新片区分行营业部,自贸区分行营业部,自贸区临港新片区,1,9,24,274,285,175,12.33,37.19,3,0,6,4.228,0.25665000000000004,734,0.6267029972752044,0.010948905109489052,0.0,0.021897810218978103,11.416666666666666,30.444444444444443,0.8118518518518518,254.0,10.125,0.00405761316872428,0.0,0.6264586821660668,0.24504000000000004,232.61904761904762,9.406666666666666,0.009321225345693077,3.4113863410287864,24.0,1723.0,0.013929193267556587,0.07874015748031496,0.2177777777777778,1.6983609955434478,,0.00038999397101949294,0.04738001958863862,0.17789150460593653,0.3107725017717931,0.49435216411677535,0.0,0,0,0,1,4,0,0.07874015748031496,0.17789150460593653,,0.6264586821660668,10.125,0.24504000000000004
2026-08-08,6,SH011,自贸区临港新片区分行营业部,自贸区分行营业部,自贸区临港新片区,1,9,24,295,307,188,15.22,44.4,2,1,15,4.102,0.23441,790,0.6265822784810127,0.006779661016949152,33.898305084745765,0.05084745762711865,12.291666666666666,32.77777777777778,0.8740740740740741,272.0,11.625,0.0035714285714285713,0.0,0.6262961514273004,0.26193500000000003,233.76190476190476,9.51952380952381,0.009652125589002079,3.4113863410287864,22.0,1740.0,0.01264367816091954,0.08455882352941177,0.30924731182795706,0.8983050847457628,,0.00045685583898313236,-0.10508332219825536,0.26196781421878185,0.5988194687609425,0.3099371785346562,33.898305084745765,0,0,0,1,5,0,0.08455882352941177,0.26196781421878185,,0.6262961514273004,11.625,0.26193500000000003
2026-08-09,7,SH011,自贸区临港新片区分行营业部,自贸区分行营业部,自贸区临港新片区,1,9,24,87,90,55,1.0,2.5300000000000002,4,0,8,4.232,0.22792,232,0.625,0.04597701149425287,0.0,0.09195402298850575,3.625,9.666666666666666,0.2577777777777778,79.5,1.0,0.006493506493506494,0.0,0.6262135922330098,0.25326000000000004,235.14285714285714,9.704761904761904,0.009974966589809182,5.025591345064299,26.0,1745.0,0.01489971346704871,0.09433962264150944,0.0,6.080459770114942,,-0.0019379844961241186,-0.10005527915975687,-0.6300121506682868,-0.8969578017664377,0.49371061375492153,0.0,0,0,0,1,4,0,0.09433962264150944,-0.6300121506682868,,0.6262135922330098,1.0,0.25326000000000004
2026-08-10,1,SH011,自贸区临港新片区分行营业部,自贸区分行营业部,自贸区临港新片区,1,9,25,301,313,192,16.52,35.28,2,0,9,3.932,0.24138,806,0.6265508684863523,0.006644518272425249,0.0,0.029900332225913623,12.04,33.44444444444444,0.8918518518518518,276.0,13.805,0.007062970594715084,17.301038062283737,0.626523041411338,0.252365,235.61904761904762,9.704761904761904,0.011545918899677748,5.025591345064299,25.0,1757.0,0.014228799089356859,0.09057971014492754,0.1966678739587106,-0.05924593861440456,-1.0,4.441508639758752e-05,-0.04352822301032233,0.2774858528698464,0.7022571148184495,0.23236610381474201,-17.301038062283737,0,0,0,1,4,0,0.09057971014492754,0.2774858528698464,-1.0,0.626523041411338,13.805,0.252365
2026-08-11,2,SH011,自贸区临港新片区分行营业部,自贸区分行营业部,自贸区临港新片区,1,9,25,280,291,178,13.62,43.17,2,0,13,3.917,0.25656,749,0.6261682242990654,0.007142857142857143,0.0,0.04642857142857143,11.2,31.11111111111111,0.8296296296296296,257.5,10.004999999999999,0.00388421274926841,0.0,0.6265047879616963,0.24906500000000004,237.23809523809524,9.922380952380953,0.011683976038742765,5.025591345064299,23.0,1764.0,0.013038548752834467,0.08737864077669903,0.36131934032983515,0.8389459084604717,,-0.0005372084445290522,0.030092546122498034,0.18024889602569247,0.3726544128233429,0.11593422560950914,0.0,0,0,0,1,4,0,0.08737864077669903,0.18024889602569247,,0.6265047879616963,10.004999999999999,0.24906500000000004
2026-08-12,3,SH011,自贸区临港新片区分行营业部,自贸区分行营业部,自贸区临港新片区,1,9,25,268,279,171,11.61,29.97,3,0,8,4.016,0.27307000000000003,718,0.6267409470752089,0.011194029850746268,0.0,0.029850746268656716,10.72,29.77777777777778,0.794074074074074,248.5,9.739999999999998,0.013635642936419851,0.0,0.6265963403840249,0.254645,238.8095238095238,10.103809523809522,0.012024112093164533,5.025591345064299,21.0,1767.0,0.011884550084889643,0.07847082494969819,0.19199178644763873,-0.17906108989934058,,0.0002307812571892213,0.07235563235092,0.12223330009970096,0.1490715430295034,-0.011606845245082896,0.0,0,0,0,1,4,0,0.07847082494969819,0.12223330009970096,,0.6265963403840249,9.739999999999998,0.254645
2026-08-13,4,SH011,自贸区临港新片区分行营业部,自贸区分行营业部,自贸区临港新片区,1,9,24,262,272,167,10.3,25.39,4,0,13,4.232,0.27440000000000003,701,0.6262482168330956,0.015267175572519083,0.0,0.04961832061068702,10.916666666666666,29.11111111111111,0.7762962962962963,244.0,9.469999999999999,0.012648731637530969,0.0,0.6269496354242117,0.23888000000000004,240.23809523809524,10.210952380952381,0.012157001069650649,5.025591345064299,20.0,1767.0,0.011318619128466326,0.07377049180327869,0.08764519535374889,0.20701237167675687,,-0.0011187798054008832,0.14869390488948422,0.09058473736372645,0.008720794664925638,-0.06896289112594564,0.0,0,0,0,0,3,0,0.07377049180327869,0.09058473736372645,,0.6269496354242117,9.469999999999999,0.23888000000000004
2026-08-14,5,SH011,自贸区临港新片区分行营业部,自贸区分行营业部,自贸区临港新片区,1,9,24,270,281,172,11.76,27.72,5,0,11,4.132,0.24524,723,0.6265560165975104,0.018518518518518517,0.0,0.040740740740740744,11.25,30.0,0.8,254.0,10.125,0.007532065723468806,0.0,0.6265054597736261,0.24768,241.61904761904762,10.301428571428572,0.012066515050520657,5.025591345064299,22.0,1763.0,0.012478729438457176,0.06299212598425197,0.16148148148148145,1.458624127617148,,8.069654157919963e-05,-0.009851421188630482,0.117461568782026,0.14158923866315348,0.034161842604152094,0.0,0,0,0,1,4,0,0.06299212598425197,0.117461568782026,,0.6265054597736261,10.125,0.24768
2026-08-15,6,SH011,自贸区临港新片区分行营业部,自贸区分行营业部,自贸区临港新片区,1,9,24,287,299,183,14.72,36.48,2,0,11,4.187,0.2521,769,0.6267880364109233,0.006968641114982578,0.0,0.03832752613240418,11.958333333333334,31.88888888888889,0.8503703703703703,272.0,11.625,0.003389830508474576,0.0,0.626463182251259,0.26097000000000004,242.9047619047619,10.42,0.012752386106762083,5.025591345064299,22.0,1755.0,0.012535612535612535,0.05514705882352941,0.266236559139785,1.0557491289198606,,0.0005185526761475854,-0.033988581062957594,0.1815330327386787,0.41266794625719777,-0.01699866749130199,0.0,0,0,0,1,4,0,0.05514705882352941,0.1815330327386787,,0.626463182251259,11.625,0.26097000000000004
2026-08-16,7,SH011,自贸区临港新片区分行营业部,自贸区分行营业部,自贸区临港新片区,1,9,24,84,87,53,1.0,2.33,0,0,2,4.239,0.25166,224,0.625,0.0,0.0,0.023809523809523808,3.5,9.333333333333334,0.2488888888888889,79.5,1.0,0.012987012987012988,0.0,0.6262135922330098,0.24530000000000002,244.0952380952381,10.60047619047619,0.01308422615985649,5.025591345064299,18.0,1752.0,0.010273972602739725,0.05660377358490566,0.0,-1.0,,-0.0019379844961241186,0.025927435792906548,-0.6558720249707374,-0.9056646152463951,-0.21478179318994498,0.0,0,0,0,0,3,0,0.05660377358490566,-0.6558720249707374,,0.6262135922330098,1.0,0.24530000000000002
2026-08-17,1,SH011,自贸区临港新片区分行营业部,自贸区分行营业部,自贸区临港新片区,1,9,23,287,299,183,13.83,35.59,1,0,11,4.116,0.27247000000000005,769,0.6267880364109233,0.003484320557491289,0.0,0.03832752613240418,12.478260869565217,31.88888888888889,0.8503703703703703,279.5,13.805,0.008512570554897746,17.301038062283737,0.6265534425419313,0.24657500000000002,244.42857142857142,10.60047619047619,0.01246579696999873,5.025591345064299,17.0,1738.0,0.009781357882623706,0.026833631484794274,0.0018109380659181713,-0.59068526539418,-1.0,0.00037441956753152657,0.1050187569704959,0.17416715371128,0.30465837114235667,-0.21534436136218393,-17.301038062283737,0,0,0,0,2,0,0.026833631484794274,0.17416715371128,-1.0,0.6265534425419313,13.805,0.24657500000000002
2026-08-18,2,SH011,自贸区临港新片区分行营业部,自贸区分行营业部,自贸区临港新片区,1,9,24,266,276,169,11.13,24.95,4,0,13,4.026,0.24087000000000003,711,0.6258790436005626,0.015037593984962405,0.0,0.04887218045112782,11.083333333333334,29.555555555555557,0.7881481481481482,263.5,11.12,0.005539932508436445,0.0,0.6265047879616963,0.25167,245.23809523809524,10.646190476190476,0.012102616467445405,3.2619229147292024,19.0,1724.0,0.011020881670533642,0.009487666034155597,0.000899280575539709,1.7144002137323004,,-0.0009987862393989796,-0.042913338896173464,0.08466019417475727,0.04544437983629296,-0.08938024267905215,0.0,0,0,0,0,2,0,0.009487666034155597,0.08466019417475727,,0.6265047879616963,11.12,0.25167
2026-08-19,3,SH011,自贸区临港新片区分行营业部,自贸区分行营业部,自贸区临港新片区,1,9,24,254,264,162,9.88,31.57,1,0,5,4.071,0.24346,680,0.6264705882352941,0.003937007874015748,0.0,0.01968503937007874,10.583333333333334,28.22222222222222,0.7525925925925926,256.5,10.364999999999998,0.015030977189524078,0.0,0.6266234855857973,0.25800500000000004,245.8095238095238,10.69047619047619,0.012631215806061913,3.2619229147292024,17.0,1710.0,0.009941520467836258,-0.009746588693957114,-0.04679208876025062,-0.7380737243910085,,-0.00024400194697495506,-0.056374876455882746,0.033320418442464216,-0.07581291759465465,-0.2129403360312179,0.0,0,0,0,0,1,0,-0.009746588693957114,0.033320418442464216,,0.6266234855857973,10.364999999999998,0.25800500000000004
2026-08-20,4,SH011,自贸区临港新片区分行营业部,自贸区分行营业部,自贸区临港新片区,1,9,24,248,258,158,10.09,21.02,2,0,11,4.248,0.24144000000000002,664,0.6265060240963856,0.008064516129032258,0.0,0.04435483870967742,10.333333333333334,27.555555555555557,0.7348148148148148,254.0,9.955,0.016217278773384004,0.0,0.626743879399418,0.24351,246.0952380952381,10.751904761904761,0.011858630927558823,3.2619229147292024,15.0,1696.0,0.00884433962264151,-0.023622047244094488,0.013561024610748346,-0.5027207559465624,,-0.0003795095745655596,-0.008500677590242653,0.007739938080495328,-0.061561628061473,-0.2541854387180785,0.0,0,0,0,0,0,0,-0.023622047244094488,0.007739938080495328,,0.626743879399418,9.955,0.24351
2026-08-21,5,SH011,自贸区临港新片区分行营业部,自贸区分行营业部,自贸区临港新片区,1,9,24,256,266,163,9.91,24.4,3,0,10,4.268,0.24872000000000002,685,0.6262773722627737,0.01171875,0.0,0.0390625,10.666666666666666,28.444444444444443,0.7585185185185185,264.0,11.024999999999999,0.011288406043116619,0.0,0.6266295069363574,0.24768,246.1904761904762,10.774761904761906,0.011855508776521645,3.2619229147292024,13.0,1682.0,0.0077288941736028535,-0.030303030303030304,-0.10113378684807244,0.038122650375939836,,-0.0005619503545330371,0.004198966408268787,0.03984526112185681,-0.08025809873160393,-0.34807570731093684,0.0,0,0,0,0,0,0,-0.030303030303030304,0.03984526112185681,,0.6266295069363574,11.024999999999999,0.24768
2026-08-22,6,SH011,自贸区临港新片区分行营业部,自贸区分行营业部,自贸区临港新片区,1,9,24,274,285,175,11.9,28.91,8,0,17,4.043,0.26012,734,0.6267029972752044,0.029197080291970802,0.0,0.06204379562043796,11.416666666666666,30.444444444444443,0.8118518518518518,282.5,13.32,0.006874151065965865,0.0,0.626463182251259,0.256925,246.0952380952381,10.756666666666668,0.01185983463477192,3.2619229147292024,19.0,1669.0,0.011384062312762133,-0.03008849557522124,-0.1066066066066066,3.2473725136077456,,0.0003828078500697099,0.01243553566215823,0.11339009287925693,0.10629067245119299,-0.04011626946423588,0.0,0,0,0,0,0,0,-0.03008849557522124,0.11339009287925693,,0.626463182251259,13.32,0.256925
2026-08-23,7,SH011,自贸区临港新片区分行营业部,自贸区分行营业部,自贸区临港新片区,1,9,24,80,84,51,1.0,2.49,1,0,4,4.135,0.27236000000000005,215,0.627906976744186,0.0125,0.0,0.05,3.3333333333333335,8.88888888888889,0.23703703703703705,83.0,1.0,0.006493506493506494,0.0,0.6256067961165048,0.250975,245.9047619047619,10.755714285714285,0.012565005638740382,3.2619229147292024,20.0,1665.0,0.012012012012012012,-0.03614457831325301,0.0,0.9249999999999999,,0.0036767193738299316,0.0852076900089652,-0.6746707978311386,-0.9070261654934254,-0.04401061508666438,0.0,0,0,0,0,0,0,-0.03614457831325301,-0.6746707978311386,,0.6256067961165048,1.0,0.250975
2026-08-24,1,SH011,自贸区临港新片区分行营业部,自贸区分行营业部,自贸区临港新片区,1,9,25,279,290,178,14.0,29.85,4,0,13,4.072,0.25957,747,0.6265060240963856,0.014336917562724014,0.0,0.04659498207885305,11.16,31.0,0.8266666666666667,288.0,14.285,0.008512570554897746,17.301038062283737,0.6266720265042168,0.25354,245.8095238095238,10.755714285714285,0.013160243733978479,3.2619229147292024,23.0,1657.0,0.01388050694025347,-0.03125,-0.019950997549877503,0.6842054312812953,-1.0,-0.0002648951936745659,0.0237832294706951,0.13502518403719496,0.30163368309204414,0.054730233028689325,-17.301038062283737,0,0,0,0,0,0,-0.03125,0.13502518403719496,-1.0,0.6266720265042168,14.285,0.25354
2026-08-25,2,SH011,自贸区临港新片区分行营业部,自贸区分行营业部,自贸区临港新片区,1,9,24,261,272,167,11.68,24.12,3,0,14,4.331,0.23442000000000002,700,0.6271428571428571,0.011494252873563218,0.0,0.05363984674329502,10.875,29.0,0.7733333333333333,269.5,11.585,0.010897435897435897,0.0,0.6263194062671797,0.25167,245.33333333333334,10.720476190476191,0.013348638720900089,1.6142050040355127,22.0,1652.0,0.013317191283292978,-0.03153988868274583,0.008200258955545867,0.054766734279918905,,0.0013147459067013067,-0.06854213851472162,0.06385869565217388,0.08950384222449244,-0.002355853526687567,0.0,0,0,0,0,0,0,-0.03153988868274583,0.06385869565217388,,0.6263194062671797,11.585,0.25167
2026-08-26,3,SH011,自贸区临港新片区分行营业部,自贸区分行营业部,自贸区临港新片区,1,9,24,253,263,161,9.88,25.35,3,0,13,4.261,0.25847000000000003,677,0.6262924667651403,0.011857707509881422,0.0,0.05138339920948617,10.541666666666666,28.11111111111111,0.7496296296296296,259.5,10.625,0.015030977189524078,0.0,0.6266234855857973,0.256205,244.76190476190476,10.703333333333333,0.0131982691124024,1.6142050040355127,24.0,1651.0,0.014536644457904301,-0.025048169556840076,-0.07011764705882345,-0.21111532800770155,,-0.0005282579224549029,0.008840576881793941,0.033657587548638145,-0.07692307692307683,0.10140536869673544,0.0,0,0,0,0,0,0,-0.025048169556840076,0.033657587548638145,,0.6266234855857973,10.625,0.256205
2026-08-27,4,SH011,自贸区临港新片区分行营业部,自贸区分行营业部,自贸区临港新片区,1,9,24,250,260,160,9.61,20.46,1,0,5,3.915,0.24619000000000002,670,0.6268656716417911,0.004,0.0,0.02,10.416666666666666,27.77777777777778,0.7407407407407408,255.0,10.195,0.011698628436666046,0.0,0.6266065780572975,0.24507,244.1904761904762,10.632380952380952,0.012864449254382378,1.6142050040355127,23.0,1653.0,0.013914095583787053,-0.0196078431372549,-0.05738106915154496,-0.658079575596817,,0.00041348685693164946,0.0045701228220508825,0.023790951638065466,-0.09615729129344325,0.08159279178213591,0.0,0,0,0,0,0,0,-0.0196078431372549,0.023790951638065466,,0.6266065780572975,10.195,0.24507
2026-08-28,5,SH011,自贸区临港新片区分行营业部,自贸区分行营业部,自贸区临港新片区,1,9,24,263,273,167,11.6,30.52,4,0,16,4.135,0.26716,703,0.6258890469416786,0.015209125475285171,0.0,0.060836501901140684,10.958333333333334,29.22222222222222,0.7792592592592592,264.0,11.024999999999999,0.011673328488372093,0.0,0.6266295069363574,0.24767000000000003,243.61904761904762,10.523333333333333,0.012146164994113386,1.6142050040355127,24.0,1660.0,0.014457831325301205,-0.003787878787878788,0.05215419501133797,0.30289535589057714,,-0.0011816551670205174,0.07869342269955981,0.07955433932759969,0.1023123218245169,0.19032067589302165,0.0,0,0,0,0,0,0,-0.003787878787878788,0.07955433932759969,,0.6266295069363574,11.024999999999999,0.24767000000000003
2026-08-29,6,SH011,自贸区临港新片区分行营业部,自贸区分行营业部,自贸区临港新片区,1,9,24,285,297,182,12.71,32.29,2,0,8,4.194,0.24436000000000002,764,0.6269633507853403,0.007017543859649123,0.0,0.028070175438596492,11.875,31.666666666666668,0.8444444444444444,282.5,13.32,0.010678565161807835,0.0,0.6266426378781085,0.25611,243.0952380952381,10.488571428571428,0.012349032630579867,1.6142050040355127,18.0,1671.0,0.010771992818671455,0.008849557522123894,-0.04579579579579575,-0.34283831644839796,,0.0005117955399871369,-0.04587872398578729,0.17238001958863855,0.21179515118496342,-0.12770553444026006,0.0,0,0,0,0,0,0,0.008849557522123894,0.17238001958863855,,0.6266426378781085,13.32,0.25611
2026-08-30,7,SH011,自贸区临港新片区分行营业部,自贸区分行营业部,自贸区临港新片区,1,9,23,85,88,54,1.0,3.16,2,0,6,3.906,0.23547,227,0.6255506607929515,0.023529411764705882,0.0,0.07058823529411765,3.6956521739130435,9.444444444444445,0.2518518518518519,83.0,1.0,0.00625,0.0,0.626453488372093,0.250975,242.61904761904762,10.369047619047619,0.012360360384994152,0.0,19.0,1676.0,0.011336515513126491,0.024096385542168676,0.0,2.764705882352941,,-0.0014411725625275108,-0.061779061659527804,-0.6496565260058881,-0.9035591274397244,-0.08283293043062395,0.0,0,0,0,0,0,0,0.024096385542168676,-0.6496565260058881,,0.626453488372093,1.0,0.250975
2026-08-31,1,SH011,自贸区临港新片区分行营业部,自贸区分行营业部,自贸区临港新片区,1,9,24,297,309,189,16.39,46.37,3,0,9,3.966,0.22362,795,0.6264150943396226,0.010101010101010102,0.0,0.030303030303030304,12.375,33.0,0.88,288.0,14.370000000000001,0.008512570554897746,0.0,0.6266694524486378,0.25504000000000004,242.52380952380952,10.369047619047619,0.011291427064539531,0.0,18.0,1694.0,0.010625737898465172,0.03125,0.14057063326374386,0.18659928113000362,,-0.0004058887951555979,-0.12319636135508166,0.224622030237581,0.5806659012629163,-0.05895527308190665,0.0,0,0,0,0,1,0,0.03125,0.224622030237581,,0.6266694524486378,14.370000000000001,0.25504000000000004
2026-09-01,2,SH011,自贸区临港新片区分行营业部,自贸区分行营业部,自贸区临港新片区,1,9,24,277,288,177,13.05,27.03,3,0,6,3.8449999999999998,0.24509000000000003,742,0.6266846361185984,0.010830324909747292,0.0,0.021660649819494584,11.541666666666666,30.77777777777778,0.8207407407407408,269.5,11.86,0.013073133762788935,0.0,0.6263536059935819,0.24382500000000001,242.33333333333334,10.362857142857143,0.011456021913519762,0.0,18.0,1710.0,0.010526315789473684,0.027829313543599257,0.100337268128162,-0.1715586250196202,,0.0005285035830381147,0.005188147236747733,0.1430536451169188,0.2593052109181142,-0.08115435978250794,0.0,0,0,0,0,1,0,0.027829313543599257,0.1430536451169188,,0.6263536059935819,11.86,0.24382500000000001
2026-09-02,3,SH011,自贸区临港新片区分行营业部,自贸区分行营业部,自贸区临港新片区,1,9,24,270,281,172,11.43,31.6,2,0,8,4.288,0.25381000000000004,723,0.6265560165975104,0.007407407407407408,0.0,0.02962962962962963,11.25,30.0,0.8,259.5,10.625,0.011525868680313845,0.0,0.6266057676552514,0.26115,242.1904761904762,10.335714285714285,0.011631615616705008,0.0,17.0,1727.0,0.009843659525188187,0.04046242774566474,0.07576470588235291,-0.3573232861780526,,-7.939770156799563e-05,-0.0281064522305187,0.11482500983090832,0.10587422252937112,-0.15371519747858645,0.0,0,0,0,0,1,0,0.04046242774566474,0.11482500983090832,,0.6266057676552514,10.625,0.26115
2026-09-03,4,SH011,自贸区临港新片区分行营业部,自贸区分行营业部,自贸区临港新片区,1,9,23,268,279,171,11.91,25.9,1,0,7,4.215,0.25311,718,0.6267409470752089,0.0037313432835820895,0.0,0.026119402985074626,11.652173913043478,29.77777777777778,0.794074074074074,256.0,10.195,0.01166584585077567,0.0,0.6266433254385062,0.243815,242.28571428571428,10.327142857142857,0.011451300262260301,0.0,17.0,1745.0,0.009742120343839542,0.046875,0.16821971554683668,-0.6801480723033906,,0.00015578500997257103,0.03812316715542521,0.10613207547169815,0.1532715451653065,-0.14925640575975913,0.0,0,0,0,0,2,0,0.046875,0.10613207547169815,,0.6266433254385062,10.195,0.243815
2026-09-04,5,SH011,自贸区临港新片区分行营业部,自贸区分行营业部,自贸区临港新片区,1,9,25,282,293,180,12.95,27.98,4,0,9,4.139,0.25679,755,0.6264900662251656,0.014184397163120567,0.0,0.031914893617021274,11.28,31.333333333333332,0.8355555555555555,266.5,11.68,0.013463937737642585,0.0,0.626416694430142,0.25268500000000005,242.57142857142858,10.403809523809523,0.010901974915168065,0.0,17.0,1764.0,0.00963718820861678,0.058161350844277676,0.10873287671232873,0.05351030578994109,,0.00011712937358778864,0.016245523082098142,0.16254416961130735,0.2447363603075797,-0.11601445759993174,0.0,0,0,0,0,2,0,0.058161350844277676,0.16254416961130735,,0.626416694430142,11.68,0.25268500000000005
2026-09-05,6,SH011,自贸区临港新片区分行营业部,自贸区分行营业部,自贸区临港新片区,1,9,25,305,318,195,16.24,39.64,4,0,15,3.914,0.24757,818,0.6271393643031785,0.013114754098360656,0.0,0.04918032786885246,12.2,33.888888888888886,0.9037037037037036,286.0,13.715,0.00699309248731585,0.0,0.6267455168430638,0.24823,243.14285714285714,10.46047619047619,0.010695588183958637,0.0,19.0,1784.0,0.010650224215246636,0.06643356643356643,0.18410499453153473,0.8753869081737935,,0.0006284009211562429,-0.0026588244772992545,0.25440658049353704,0.5525105840579051,-0.004241372043478476,0.0,0,0,0,0,2,0,0.06643356643356643,0.25440658049353704,,0.6267455168430638,13.715,0.24823
2026-09-06,7,SH011,自贸区临港新片区分行营业部,自贸区分行营业部,自贸区临港新片区,1,9,23,90,94,57,1.0,2.18,1,0,5,4.19,0.25858000000000003,241,0.6265560165975104,0.011111111111111112,0.0,0.05555555555555555,3.9130434782608696,10.0,0.26666666666666666,84.5,1.0,0.01801470588235294,0.0,0.6252753303964758,0.243565,244.0,10.532857142857143,0.010988260230786164,0.0,18.0,1789.0,0.010061486864169928,0.0650887573964497,0.0,-0.383219954648526,,0.0020481956328303385,0.06164678833165696,-0.6311475409836066,-0.90505899905059,-0.08434213853250992,0.0,0,0,0,0,2,0,0.0650887573964497,-0.6311475409836066,,0.6252753303964758,1.0,0.243565
2026-09-07,1,SH011,自贸区临港新片区分行营业部,自贸区分行营业部,自贸区临港新片区,1,9,24,315,327,201,19.09,57.2,3,0,11,3.74,0.25894,843,0.6263345195729537,0.009523809523809525,0.0,0.03492063492063492,13.125,35.0,0.9333333333333333,292.0,15.195,0.008372764186717676,0.0,0.626528446291369,0.250475,244.28571428571428,10.532857142857143,0.011517360759886693,0.0,18.0,1807.0,0.00996126175982291,0.07876712328767123,0.25633432050016447,0.13747494989979964,,-0.00030952579976718396,0.03379578800279469,0.2894736842105264,0.812423708124237,-0.1351089917651491,0.0,0,0,0,0,3,0,0.07876712328767123,0.2894736842105264,,0.626528446291369,15.195,0.250475
2026-09-08,2,SH011,自贸区临港新片区分行营业部,自贸区分行营业部,自贸区临港新片区,1,9,23,294,306,188,14.68,41.62,3,0,12,3.871,0.25906,788,0.6269035532994924,0.01020408163265306,0.0,0.04081632653061224,12.782608695652174,32.666666666666664,0.8711111111111111,271.5,12.365,0.011162288891655256,0.0,0.6264264302088318,0.24298000000000003,245.61904761904762,10.783333333333335,0.011804955472568514,0.0,18.0,1824.0,0.009868421052631578,0.08287292817679558,0.18722199757379696,-0.08584325923678034,,0.0007616586204728866,0.06617828627870599,0.19697557192710352,0.3613601236476041,-0.16404419520572627,0.0,0,0,0,0,3,0,0.08287292817679558,0.19697557192710352,,0.6264264302088318,12.365,0.24298000000000003
2026-09-09,3,SH011,自贸区临港新片区分行营业部,自贸区分行营业部,自贸区临港新片区,1,9,24,284,296,181,13.86,41.05,4,0,10,4.079,0.24289000000000002,761,0.6268068331143233,0.014084507042253521,0.0,0.035211267605633804,11.833333333333334,31.555555555555557,0.8414814814814815,261.0,10.655000000000001,0.009300718629076839,0.0,0.6265133024164022,0.25614000000000003,246.95238095238096,10.952380952380953,0.01157478821769664,0.0,20.0,1838.0,0.01088139281828074,0.08812260536398467,0.30079774753636773,0.5143461063558168,,0.0004685147095662943,-0.05172952291715472,0.15001928268414957,0.26547826086956516,-0.05990566620957869,0.0,0,0,0,1,4,0,0.08812260536398467,0.15001928268414957,,0.6265133024164022,10.655000000000001,0.25614000000000003
2026-09-10,4,SH011,自贸区临港新片区分行营业部,自贸区分行营业部,自贸区临港新片区,1,9,24,279,290,178,13.06,30.93,2,0,8,3.656,0.24211000000000002,747,0.6265060240963856,0.007168458781362007,0.0,0.02867383512544803,11.625,31.0,0.8266666666666667,256.0,10.195,0.006032258064516129,0.0,0.6266234855857973,0.24965,248.38095238095238,11.141904761904762,0.0120580024638032,0.0,21.0,1849.0,0.011357490535424553,0.08984375,0.2810201078960275,0.18835412953060013,,-0.00018745146346040668,-0.030202283196475027,0.12327453987730062,0.17215146593725966,-0.05809518869161848,0.0,0,0,0,1,4,0,0.08984375,0.12327453987730062,,0.6266234855857973,10.195,0.24965
2026-09-11,5,SH011,自贸区临港新片区分行营业部,自贸区分行营业部,自贸区临港新片区,1,9,23,289,300,184,15.13,37.07,5,0,20,3.808,0.25346,773,0.6261319534282018,0.01730103806228374,0.0,0.06920415224913495,12.565217391304348,32.111111111111114,0.8562962962962963,266.5,11.68,0.014696761319202868,0.0,0.6263837192439696,0.252755,249.85714285714286,11.283333333333333,0.012015333066295094,0.0,22.0,1856.0,0.011853448275862068,0.08442776735459662,0.2953767123287672,0.17720072378654664,,-0.0004019354399435492,0.002789262329132999,0.15666094911377929,0.3409158050221567,-0.013473183767759049,0.0,0,0,0,1,5,0,0.08442776735459662,0.15666094911377929,,0.6263837192439696,11.68,0.252755
2026-09-12,6,SH011,自贸区临港新片区分行营业部,自贸区分行营业部,自贸区临港新片区,1,9,25,309,321,197,15.54,47.22,2,0,7,3.87,0.25148000000000004,827,0.626360338573156,0.006472491909385114,0.0,0.022653721682847898,12.36,34.333333333333336,0.9155555555555556,286.0,13.715,0.01006614897900489,0.0,0.6268756935981318,0.249835,251.42857142857142,11.53190476190476,0.012281156307356225,0.0,20.0,1860.0,0.010752688172043012,0.08041958041958042,0.13306598614655482,-0.357004160887656,,-0.0008221008251536557,0.006584345668141115,0.22897727272727278,0.3475657595903705,-0.12445637015446864,0.0,0,0,0,1,5,0,0.08041958041958042,0.22897727272727278,,0.6268756935981318,13.715,0.249835
2026-09-13,7,SH011,自贸区临港新片区分行营业部,自贸区分行营业部,自贸区临港新片区,1,9,24,90,94,57,1.0,2.5700000000000003,0,0,1,3.5700000000000003,0.25692000000000004,241,0.6265560165975104,0.0,0.0,0.011111111111111112,3.75,10.0,0.26666666666666666,84.5,1.0,0.011805555555555555,0.0,0.6260533386952309,0.25512,253.0952380952381,11.705238095238096,0.01119903305104262,0.0,19.0,1860.0,0.01021505376344086,0.0650887573964497,0.0,-1.0,,0.0008029314296559217,0.007055503292568296,-0.6444026340545626,-0.9145681624018551,-0.08786287915367406,0.0,0,0,0,1,4,0,0.0650887573964497,-0.6444026340545626,,0.6260533386952309,1.0,0.25512
2026-09-14,1,SH011,自贸区临港新片区分行营业部,自贸区分行营业部,自贸区临港新片区,1,9,23,310,322,198,19.13,47.3,6,0,19,4.07,0.25691,830,0.6265060240963856,0.01935483870967742,0.0,0.06129032258064516,13.478260869565217,34.44444444444444,0.9185185185185185,292.0,15.195,0.009812409812409814,0.0,0.6264605592180041,0.259255,253.57142857142858,11.705238095238096,0.010603794955804526,0.0,22.0,1855.0,0.011859838274932614,0.06164383561643835,0.2589667653833497,0.9724857685009485,,7.257420712673587e-05,-0.009045148598869785,0.2225352112676056,0.6343110532525119,0.11845224510311089,0.0,0,0,0,1,4,0,0.06164383561643835,0.2225352112676056,,0.6264605592180041,15.195,0.259255
2026-09-15,2,SH011,自贸区临港新片区分行营业部,自贸区分行营业部,自贸区临港新片区,1,9,24,286,298,183,14.4,33.16,2,0,13,4.045,0.24924000000000002,767,0.6271186440677966,0.006993006993006993,0.0,0.045454545454545456,11.916666666666666,31.77777777777778,0.8474074074074074,271.5,12.365,0.011162288891655256,0.0,0.6267940947090453,0.24298000000000003,255.04761904761904,11.949523809523809,0.010842743581849926,0.0,21.0,1847.0,0.01136978884677856,0.053406998158379376,0.16457743631217145,-0.3735149608755557,,0.0005177926235918231,0.025763437319943974,0.12135922330097092,0.2050689407826573,0.04860810928065051,0.0,0,0,0,1,4,0,0.053406998158379376,0.12135922330097092,,0.6267940947090453,12.365,0.24298000000000003
2026-09-16,3,SH011,自贸区临港新片区分行营业部,自贸区分行营业部,自贸区临港新片区,1,9,24,274,285,174,12.5,36.1,2,0,8,4.016,0.26367,733,0.626193724420191,0.0072992700729927005,0.0,0.029197080291970802,11.416666666666666,30.444444444444443,0.8118518518518518,262.0,10.655000000000001,0.009632557458644414,0.0,0.6265133024164022,0.24863500000000002,256.23809523809524,12.07904761904762,0.010628398539918676,0.0,19.0,1837.0,0.010342950462710943,0.04580152671755725,0.1731581417175034,-0.24222927251347806,,-0.0005100897219240414,0.06047016711243385,0.06931797063742798,0.0348497989434676,-0.026857110799490026,0.0,0,0,0,1,4,0,0.04580152671755725,0.06931797063742798,,0.6265133024164022,10.655000000000001,0.24863500000000002
2026-09-17,4,SH011,自贸区临港新片区分行营业部,自贸区分行营业部,自贸区临港新片区,1,9,23,266,277,170,11.72,33.32,3,0,4,3.9370000000000003,0.24354,713,0.6269284712482468,0.011278195488721804,0.0,0.015037593984962405,11.565217391304348,29.555555555555557,0.7881481481481482,259.0,11.0,0.005584229390681004,0.0,0.6266234855857973,0.24415000000000003,257.23809523809524,12.203809523809522,0.010411330090543023,0.0,20.0,1824.0,0.010964912280701754,0.02702702702702703,0.06545454545454552,1.0196511818699507,,0.00048671278601121134,-0.002498464058980246,0.03406145871899295,-0.039644139222724924,0.05317113042660796,0.0,0,0,0,0,3,0,0.02702702702702703,0.03406145871899295,,0.6266234855857973,11.0,0.24415000000000003
2026-09-18,5,SH011,自贸区临港新片区分行营业部,自贸区分行营业部,自贸区临港新片区,1,9,25,274,285,175,11.54,32.59,3,0,9,4.24,0.24102,734,0.6267029972752044,0.010948905109489052,0.0,0.032846715328467155,10.96,30.444444444444443,0.8118518518518518,272.5,12.274999999999999,0.014696761319202868,0.0,0.6262046628454878,0.25512500000000005,258.0,12.304285714285713,0.010757910828101205,0.0,18.0,1809.0,0.009950248756218905,0.005504587155963303,-0.059877800407331934,-0.25501238866938986,,0.0007958012121023535,-0.05528662420382178,0.06201550387596899,-0.062115406942993154,-0.07507610769300767,0.0,0,0,0,0,3,0,0.005504587155963303,0.06201550387596899,,0.6262046628454878,12.274999999999999,0.25512500000000005
2026-09-19,6,SH011,自贸区临港新片区分行营业部,自贸区分行营业部,自贸区临港新片区,1,9,24,292,304,186,13.46,27.46,2,0,15,4.335,0.26940000000000003,782,0.6265984654731458,0.00684931506849315,0.0,0.05136986301369863,12.166666666666666,32.44444444444444,0.8651851851851852,295.0,14.125,0.01006614897900489,0.0,0.6268331740302724,0.24952500000000002,258.5238095238095,12.30142857142857,0.010555043191634722,0.0,18.0,1792.0,0.010044642857142858,-0.010169491525423728,-0.04707964601769905,-0.31956947162426624,,-0.0003744354428747256,0.07965133754132853,0.12948977712285875,0.0941818604111023,-0.04835606308995268,0.0,0,0,0,0,2,0,-0.010169491525423728,0.12948977712285875,,0.6268331740302724,14.125,0.24952500000000002
2026-06-22,1,SH012,闵行区第1支行,综合支行,闵行区,0,7,16,158,284,174,9.57,22.05,1,0,3,4.61,0.29445000000000005,616,0.7435064935064936,0.006329113924050633,0.0,0.0189873417721519,9.875,22.571428571428573,0.6019047619047619,,,,,,,,,,,,,,,,,,,,,,,,0,0,0,0,0,0,,,,,,
2026-06-23,2,SH012,闵行区第1支行,综合支行,闵行区,0,7,15,147,265,162,7.93,21.77,1,0,6,4.577,0.27729000000000004,574,0.7439024390243902,0.006802721088435374,0.0,0.04081632653061224,9.8,21.0,0.56,,,,,,,,,,,,,,,,,,,,,,,,0,0,0,0,0,0,,,,,,
2026-06-24,3,SH012,闵行区第1支行,综合支行,闵行区,0,7,16,142,256,157,8.43,26.87,1,0,5,4.586,0.27107000000000003,555,0.7441441441441441,0.007042253521126761,0.0,0.035211267605633804,8.875,20.285714285714285,0.540952380952381,,,,,,,,,,,,,,,,,,,,,,,,0,0,0,0,0,0,,,,,,
2026-06-25,4,SH012,闵行区第1支行,综合支行,闵行区,0,7,16,140,252,154,7.65,17.8,0,0,3,4.67,0.28363000000000005,546,0.7435897435897436,0.0,0.0,0.02142857142857143,8.75,20.0,0.5333333333333333,,,,,,,,,,,,,,,,,,,,,,,,0,0,0,0,0,0,,,,,,
2026-06-26,5,SH012,闵行区第1支行,综合支行,闵行区,0,7,16,146,263,161,7.58,22.11,0,0,3,4.647,0.28555,570,0.743859649122807,0.0,0.0,0.02054794520547945,9.125,20.857142857142858,0.5561904761904762,,,,,,,,,,,3.0,733.0,0.004092769440654843,,,,,,,,,,,0,0,0,0,0,0,,,,,,
2026-06-27,6,SH012,闵行区第1支行,综合支行,闵行区,0,7,16,158,285,175,8.18,25.36,0,0,4,4.638,0.28949,618,0.7443365695792881,0.0,0.0,0.02531645569620253,9.875,22.571428571428573,0.6019047619047619,,,,,,,146.6,8.232,0.004034817706722553,0.0,3.0,891.0,0.003367003367003367,,,,,,,0.07776261937244205,-0.006316812439261371,-0.16551289011310652,,0,0,0,0,0,0,,0.07776261937244205,,,,
2026-06-28,7,SH012,闵行区第1支行,综合支行,闵行区,0,7,16,47,84,52,1.72,3.48,1,0,3,4.525,0.26508000000000004,183,0.7431693989071039,0.02127659574468085,0.0,0.06382978723404255,2.9375,6.714285714285714,0.17904761904761904,,,,,,,148.5,8.223333333333334,0.0033623480889354612,0.0,4.0,938.0,0.0042643923240938165,,,,,,,-0.6835016835016835,-0.7908390758005676,0.2682780638110398,,0,0,0,0,0,0,,-0.6835016835016835,,,,
2026-06-29,1,SH012,闵行区第1支行,综合支行,闵行区,0,7,16,164,296,182,9.6,22.26,0,0,1,4.557,0.28014,642,0.7445482866043613,0.0,0.0,0.006097560975609756,10.25,23.428571428571427,0.6247619047619047,,,,,,,134.0,7.2942857142857145,0.005921526325470517,0.0,3.0,944.0,0.0031779661016949155,,,,,,,0.22388059701492538,0.3160987074030551,-0.463319771453959,,0,0,0,0,0,0,,0.22388059701492538,,,,
2026-06-30,2,SH012,闵行区第1支行,综合支行,闵行区,0,7,15,155,279,171,9.15,21.58,1,1,3,4.5969999999999995,0.27842,605,0.743801652892562,0.0064516129032258064,64.51612903225806,0.01935483870967742,10.333333333333334,22.142857142857142,0.5904761904761905,,,,,,,137.75,7.5825,0.005181335534786702,0.0,3.0,952.0,0.0031512605042016808,,,,,,,0.12522686025408347,0.2067260138476757,-0.3918053592467435,,0,0,0,0,0,0,,0.12522686025408347,,,,
2026-07-01,3,SH012,闵行区第1支行,综合支行,闵行区,0,7,17,151,273,167,7.78,18.29,0,0,2,4.575,0.28986,591,0.7445008460236887,0.0,0.0,0.013245033112582781,8.882352941176471,21.571428571428573,0.5752380952380953,,,,,,,139.66666666666666,7.756666666666667,0.00532247746461327,7.168458781362007,2.0,961.0,0.002081165452653486,,,,,,,0.08114558472553707,0.0030081650193382156,-0.6089855773950744,,0,0,0,0,0,0,,0.08114558472553707,,,,
2026-07-02,4,SH012,闵行区第1支行,综合支行,闵行区,0,7,15,150,271,166,8.08,21.98,0,0,1,4.595,0.27601000000000003,587,0.7444633730834753,0.0,0.0,0.006666666666666667,10.0,21.428571428571427,0.5714285714285714,,,,,,,140.8,7.759,0.0047902297181519424,6.451612903225806,2.0,971.0,0.0020597322348094747,,,,,,,0.065340909090909,0.04137131073591954,-0.5700138916084981,,0,0,0,0,0,0,,0.065340909090909,,,,
2026-07-03,5,SH012,闵行区第1支行,综合支行,闵行区,0,7,16,158,284,174,9.06,28.57,0,0,2,4.624,0.28791,616,0.7435064935064936,0.0,0.0,0.012658227848101266,9.875,22.571428571428573,0.6019047619047619,,,,,,,141.63636363636363,7.788181818181818,0.004354754289229039,5.865102639296188,2.0,983.0,0.002034587995930824,,,,,,,0.11553273427471125,0.16330103887008296,-0.5327892549613803,,0,0,0,0,0,0,,0.11553273427471125,,,,
2026-07-04,6,SH012,闵行区第1支行,综合支行,闵行区,0,7,15,171,309,189,9.34,25.37,0,0,5,4.556,0.28437,669,0.7443946188340808,0.0,0.0,0.029239766081871343,11.4,24.428571428571427,0.6514285714285714,,,,,,,143.0,7.894166666666667,0.003991858098459952,5.376344086021505,2.0,996.0,0.002008032128514056,,,,,,,0.1958041958041958,0.18315211654175018,-0.4969680587371707,,0,0,0,0,0,0,,0.1958041958041958,,,,
2026-07-05,7,SH012,闵行区第1支行,综合支行,闵行区,0,7,15,51,91,56,3.13,7.07,0,0,2,4.621,0.28989000000000004,198,0.7424242424242424,0.0,0.0,0.0392156862745098,3.4,7.285714285714286,0.19428571428571428,,,,,,,145.15384615384616,8.005384615384616,0.00368479209088611,4.962779156327543,1.0,1000.0,0.001,,,,,,,-0.6486486486486487,-0.6090131642163928,-0.7286142676887036,,0,0,0,0,0,0,,-0.6486486486486487,,,,
2026-07-06,1,SH012,闵行区第1支行,综合支行,闵行区,0,7,16,177,319,196,10.82,26.52,3,0,7,4.546,0.27849,692,0.7442196531791907,0.01694915254237288,0.0,0.03954802259887006,11.0625,25.285714285714285,0.6742857142857143,161.0,9.585,0.0031645569620253164,0.0,0.7440273900554275,0.287295,138.42857142857142,7.6571428571428575,0.0034215926558228164,4.608294930875576,4.0,1013.0,0.003948667324777887,0.09937888198757763,0.12884715701617103,4.3559322033898304,,0.0002584086638918888,-0.030647940270453738,0.2786377708978329,0.4130597014925373,0.15404366386457571,0.0,0,0,0,0,1,0,0.09937888198757763,0.2786377708978329,,0.7440273900554275,9.585,0.287295
2026-07-07,2,SH012,闵行区第1支行,综合支行,闵行区,0,7,16,166,299,184,9.76,29.16,1,0,4,4.688,0.29268000000000005,649,0.7442218798151001,0.006024096385542169,0.0,0.024096385542168676,10.375,23.714285714285715,0.6323809523809524,151.0,8.54,0.00662716699583059,32.25806451612903,0.7438520459584761,0.277855,141.0,7.868,0.004323429981592821,4.301075268817204,4.0,1024.0,0.00390625,0.09933774834437085,0.14285714285714293,-0.09099976063193163,-1.0,0.0004971873891231869,0.05335516726350086,0.1773049645390071,0.24046771733604466,-0.09649282707687688,-32.25806451612903,0,0,0,0,2,0,0.09933774834437085,0.1773049645390071,-1.0,0.7438520459584761,8.54,0.277855
2026-07-08,3,SH012,闵行区第1支行,综合支行,闵行区,0,7,15,161,290,178,9.49,25.01,0,0,2,4.663,0.25854000000000005,629,0.7440381558028617,0.0,0.0,0.012422360248447204,10.733333333333333,23.0,0.6133333333333333,146.5,8.105,0.0035211267605633804,0.0,0.7443224950839165,0.280465,142.5625,7.98625,0.0044297216318396546,4.032258064516129,4.0,1034.0,0.0038684719535783366,0.09897610921501707,0.17088217149907461,-1.0,,-0.0003820108661672255,-0.07817374716987849,0.12932924156071898,0.18829237752386915,-0.12670089114115105,0.0,0,0,0,0,3,0,0.09897610921501707,0.12932924156071898,,0.7443224950839165,8.105,0.280465
2026-07-09,4,SH012,闵行区第1支行,综合支行,闵行区,0,7,16,158,285,174,9.82,26.27,1,0,5,4.659,0.2903,617,0.7439222042139384,0.006329113924050633,0.0,0.03164556962025317,9.875,22.571428571428573,0.6019047619047619,145.0,7.865,0.0,0.0,0.7440265583366095,0.27982000000000007,143.64705882352942,8.074705882352943,0.0041691497711432044,3.795066413662239,5.0,1042.0,0.0047984644913627635,0.0896551724137931,0.24856961220597584,,,-0.00014025591089701024,0.037452648130941076,0.09991809991809986,0.21614336708676316,0.15094557757923804,0.0,0,0,0,1,4,0,0.0896551724137931,0.09991809991809986,,0.7440265583366095,7.865,0.27982000000000007
2026-07-10,5,SH012,闵行区第1支行,综合支行,闵行区,0,7,17,164,296,181,9.83,26.32,0,0,5,4.563,0.27681,641,0.7441497659906396,0.0,0.0,0.03048780487804878,9.647058823529411,23.428571428571427,0.6247619047619047,152.0,8.32,0.0,0.0,0.7436830713146503,0.28673000000000004,144.44444444444446,8.171666666666667,0.004289147779638062,3.5842293906810037,5.0,1048.0,0.004770992366412214,0.07894736842105263,0.18149038461538458,,,0.0006275451116083132,-0.034597007637847586,0.1353846153846153,0.2029369773607995,0.11234040222666623,0.0,0,0,0,1,5,0,0.07894736842105263,0.1353846153846153,,0.7436830713146503,8.32,0.28673000000000004
2026-07-11,6,SH012,闵行区第1支行,综合支行,闵行区,0,7,15,176,317,194,10.97,33.82,0,0,7,4.555,0.2807,687,0.7438136826783115,0.0,0.0,0.03977272727272727,11.733333333333333,25.142857142857142,0.6704761904761904,164.5,8.76,0.0,0.0,0.7443655942066845,0.28693,145.47368421052633,8.258947368421053,0.0040634031596571115,3.395585738539898,5.0,1053.0,0.004748338081671415,0.06990881458966565,0.25228310502283113,,,-0.0007414522281368715,-0.02171261283239819,0.2098408104196815,0.3282564364007138,0.1685618913758243,0.0,0,0,0,1,5,0,0.06990881458966565,0.2098408104196815,,0.7443655942066845,8.76,0.28693
2026-07-12,7,SH012,闵行区第1支行,综合支行,闵行区,0,7,15,51,92,57,2.8200000000000003,6.79,0,0,2,4.692,0.29213,200,0.745,0.0,0.0,0.0392156862745098,3.4,7.285714285714286,0.19428571428571428,49.0,2.425,0.010638297872340425,0.0,0.7427968206656732,0.27748500000000004,147.0,8.3945,0.0038602330016742556,3.225806451612903,5.0,1053.0,0.004748338081671415,0.04081632653061224,0.16288659793814453,-1.0,,0.002966059187426734,0.052777627619510825,-0.6530612244897959,-0.6640657573411162,0.23006514881665727,0.0,0,0,0,1,5,0,0.04081632653061224,-0.6530612244897959,,0.7427968206656732,2.425,0.27748500000000004
2026-07-13,1,SH012,闵行区第1支行,综合支行,闵行区,0,7,15,177,319,195,10.76,28.6,1,0,5,4.765,0.269,691,0.743849493487699,0.005649717514124294,0.0,0.02824858757062147,11.8,25.285714285714285,0.6742857142857143,164.0,9.6,0.006329113924050633,0.0,0.7442196531791907,0.28014,142.42857142857142,8.12904761904762,0.00367641238254691,3.0721966205837172,3.0,1053.0,0.002849002849002849,0.07926829268292683,0.12083333333333335,-0.10734463276836156,,-0.0004973796242956143,-0.03976583137002921,0.2427281845536611,0.32364829242575105,-0.22505895624550581,0.0,0,0,0,1,5,0,0.07926829268292683,0.2427281845536611,,0.7442196531791907,9.6,0.28014
2026-07-14,2,SH012,闵行区第1支行,综合支行,闵行区,0,7,16,164,295,181,9.58,26.14,1,0,2,4.667,0.28632,640,0.74375,0.006097560975609756,0.0,0.012195121951219513,10.25,23.428571428571427,0.6247619047619047,155.0,9.15,0.0064516129032258064,0.0,0.7439024390243902,0.27842,143.33333333333334,8.185714285714287,0.003644060172550417,3.0721966205837172,3.0,1051.0,0.0028544243577545195,0.05806451612903226,0.04699453551912565,-0.05487804878048777,,-0.0002049180327868481,0.028374398390920257,0.14418604651162784,0.1703315881326351,-0.21669121183672563,0.0,0,0,0,1,4,0,0.05806451612903226,0.14418604651162784,,0.7439024390243902,9.15,0.27842
2026-07-15,3,SH012,闵行区第1支行,综合支行,闵行区,0,7,15,157,282,173,7.53,22.59,0,0,1,4.529,0.28648,612,0.7434640522875817,0.0,0.0,0.006369426751592357,10.466666666666667,22.428571428571427,0.598095238095238,151.0,8.43,0.0,0.0,0.7441441441441441,0.27107000000000003,144.14285714285714,8.264285714285714,0.0036104811195587215,3.0721966205837172,3.0,1047.0,0.0028653295128939827,0.039735099337748346,-0.10676156583629887,,,-0.0009139248919905947,0.05684878444682177,0.08919722497522302,-0.08885047536732926,-0.20638568157249146,0.0,0,0,0,0,3,0,0.039735099337748346,0.08919722497522302,,0.7441441441441441,8.43,0.27107000000000003
2026-07-16,4,SH012,闵行区第1支行,综合支行,闵行区,0,7,16,152,274,168,8.22,24.54,1,0,2,4.592,0.30043000000000003,594,0.7441077441077442,0.006578947368421052,0.0,0.013157894736842105,9.5,21.714285714285715,0.579047619047619,150.0,8.08,0.0,0.0,0.7439222042139384,0.28363000000000005,144.85714285714286,8.221428571428572,0.00327513571379078,3.0721966205837172,3.0,1041.0,0.002881844380403458,0.013333333333333334,0.017326732673267398,,,0.0002494076568151555,0.059232098156048296,0.049309664694280046,-0.00017376194613373126,-0.12008398056033842,0.0,0,0,0,0,2,0,0.013333333333333334,0.049309664694280046,,0.7439222042139384,8.08,0.28363000000000005
2026-07-17,5,SH012,闵行区第1支行,综合支行,闵行区,0,7,16,157,283,173,8.78,19.37,0,0,5,4.66,0.27502000000000004,613,0.7438825448613376,0.0,0.0,0.03184713375796178,9.8125,22.428571428571427,0.598095238095238,158.0,9.06,0.0,0.0,0.743859649122807,0.28555,145.42857142857142,8.248571428571429,0.0035884189218108307,3.0721966205837172,3.0,1034.0,0.0029013539651837525,-0.006329113924050633,-0.03090507726269328,,,3.077964849639041e-05,-0.03687620381719483,0.07956777996070737,0.06442674056113598,-0.19146732073309972,0.0,0,0,0,0,1,0,-0.006329113924050633,0.07956777996070737,,0.743859649122807,9.06,0.28555
2026-07-18,6,SH012,闵行区第1支行,综合支行,闵行区,0,7,17,167,301,184,8.98,23.17,0,0,1,4.702,0.28600000000000003,652,0.7438650306748467,0.0,0.0,0.005988023952095809,9.823529411764707,23.857142857142858,0.6361904761904762,171.0,9.34,0.0,0.0,0.7443365695792881,0.28437,145.95238095238096,8.305714285714286,0.0035884189218108307,3.0721966205837172,3.0,1025.0,0.002926829268292683,-0.023391812865497075,-0.03854389721627403,,,-0.0006335022672712778,0.005731968913739214,0.1442088091353996,0.08118335053319574,-0.18436800940295134,0.0,0,0,0,0,0,0,-0.023391812865497075,0.1442088091353996,,0.7443365695792881,9.34,0.28437
2026-07-19,7,SH012,闵行区第1支行,综合支行,闵行区,0,7,16,49,88,54,2.66,5.68,0,0,2,4.571,0.28571,191,0.743455497382199,0.0,0.0,0.04081632653061224,3.0625,7.0,0.18666666666666668,51.0,2.8200000000000003,0.0,0.0,0.7431693989071039,0.28989000000000004,146.38095238095238,8.343809523809524,0.0035884189218108307,3.0721966205837172,3.0,1023.0,0.002932551319648094,-0.0392156862745098,-0.05673758865248232,,,0.0003849707422235359,-0.014419262478871353,-0.6652569941444372,-0.6812007761671042,-0.1827734209560363,0.0,0,0,0,0,0,0,-0.0392156862745098,-0.6652569941444372,,0.7431693989071039,2.8200000000000003,0.28989000000000004
2026-07-20,1,SH012,闵行区第1支行,综合支行,闵行区,0,7,17,168,302,185,10.16,31.96,0,0,3,4.66,0.28912000000000004,655,0.7435114503816794,0.0,0.0,0.017857142857142856,9.882352941176471,24.0,0.64,170.5,10.18,0.005989415719087463,0.0,0.7440345733334448,0.279315,146.47619047619048,8.388571428571428,0.002575247695873647,3.0721966205837172,2.0,1014.0,0.0019723865877712033,-0.01466275659824047,-0.001964636542239644,-1.0,,-0.0007030895747514331,0.03510373592538913,0.14694408322496744,0.21117166212534072,-0.2340983001628993,0.0,0,0,0,0,0,0,-0.01466275659824047,0.14694408322496744,,0.7440345733334448,10.18,0.279315
2026-07-21,2,SH012,闵行区第1支行,综合支行,闵行区,0,7,16,155,280,172,8.87,19.15,0,0,5,4.632,0.29003,607,0.7446457990115322,0.0,0.0,0.03225806451612903,9.6875,22.142857142857142,0.5904761904761905,159.5,9.365,0.006274586939417782,0.0,0.7438520459584761,0.28237,146.66666666666666,8.415238095238095,0.002575247695873647,3.0721966205837172,1.0,1005.0,0.0009950248756218905,-0.02821316614420063,-0.05285638013881484,-1.0,,0.001067084586738338,0.027127527711867407,0.056818181818181886,0.05404028972385686,-0.6136197394851641,0.0,0,0,0,0,0,0,-0.02821316614420063,0.056818181818181886,,0.7438520459584761,9.365,0.28237
2026-07-22,3,SH012,闵行区第1支行,综合支行,闵行区,0,7,17,149,269,165,7.64,20.67,0,0,2,4.586,0.28183,583,0.7444253859348199,0.0,0.0,0.013422818791946308,8.764705882352942,21.285714285714285,0.5676190476190476,154.0,8.105,0.0,0.0,0.7440911499735029,0.278775,146.66666666666666,8.401904761904762,0.0022680280338152753,0.0,1.0,997.0,0.0010030090270812437,-0.032467532467532464,-0.05737199259716234,,,0.00044918685207973334,0.010958658416285643,0.015909090909090973,-0.09068238494672409,-0.557761627225576,0.0,0,0,0,0,0,0,-0.032467532467532464,0.015909090909090973,,0.7440911499735029,8.105,0.278775
2026-07-23,4,SH012,闵行区第1支行,综合支行,闵行区,0,7,16,147,264,162,7.64,17.55,0,0,1,4.499,0.27474000000000004,573,0.743455497382199,0.0,0.0,0.006802721088435374,9.1875,21.0,0.56,151.0,8.15,0.0031645569620253164,0.0,0.7440149741608413,0.286965,146.57142857142858,8.395238095238096,0.0022680280338152753,0.0,0.0,992.0,0.0,-0.026490066225165563,-0.0625766871165645,-1.0,,-0.0007519697829648422,-0.04260101406094815,0.002923976608187051,-0.08996029495178681,-1.0,0.0,0,0,0,0,0,0,-0.026490066225165563,0.002923976608187051,,0.7440149741608413,8.15,0.286965
2026-07-24,5,SH012,闵行区第1支行,综合支行,闵行区,0,7,16,152,275,168,8.99,25.97,1,0,3,4.578,0.27539,595,0.7445378151260504,0.006578947368421052,0.0,0.019736842105263157,9.5,21.714285714285715,0.579047619047619,157.5,8.92,0.0,0.0,0.7438710969920723,0.28118,146.42857142857142,8.374285714285715,0.0022680280338152753,0.0,1.0,987.0,0.0010131712259371835,-0.03492063492063492,0.007847533632287027,,,0.0008962818110208446,-0.020591791734831645,0.03804878048780497,0.07352439440463993,-0.5532809952825727,0.0,0,0,0,0,0,0,-0.03492063492063492,0.03804878048780497,,0.7438710969920723,8.92,0.28118
2026-07-25,6,SH012,闵行区第1支行,综合支行,闵行区,0,7,16,164,296,182,9.36,21.08,0,0,4,4.606,0.28775,642,0.7445482866043613,0.0,0.0,0.024390243902439025,10.25,23.428571428571427,0.6247619047619047,169.0,9.16,0.0,0.0,0.7441008001270674,0.285185,146.14285714285714,8.370952380952382,0.0025813112418353254,0.0,1.0,984.0,0.0010162601626016261,-0.029585798816568046,0.0218340611353711,,,0.0006013788417074185,0.008994161684520517,0.12218963831867061,0.11815234086125476,-0.606300803199904,0.0,0,0,0,0,0,0,-0.029585798816568046,0.12218963831867061,,0.7441008001270674,9.16,0.285185
2026-07-26,7,SH012,闵行区第1支行,综合支行,闵行区,0,7,15,48,87,54,2.96,7.18,0,0,1,4.55,0.27985000000000004,189,0.746031746031746,0.0,0.0,0.020833333333333332,3.2,6.857142857142857,0.18285714285714286,50.0,2.74,0.0,0.0,0.7433124481446514,0.28780000000000006,145.8095238095238,8.371904761904762,0.0025813112418353254,0.0,1.0,983.0,0.001017293997965412,-0.04,0.08029197080291961,,,0.0036583510660721497,-0.02762334954829747,-0.6708033964728936,-0.6464364939423242,-0.6059002953699955,0.0,0,0,0,0,0,0,-0.04,-0.6708033964728936,,0.7433124481446514,2.74,0.28780000000000006
2026-07-27,1,SH012,闵行区第1支行,综合支行,闵行区,0,7,16,170,306,187,9.48,26.18,2,0,6,4.572,0.28292,663,0.7435897435897436,0.011764705882352941,0.0,0.03529411764705882,10.625,24.285714285714285,0.6476190476190475,172.5,10.46,0.002824858757062147,0.0,0.7440345733334448,0.279315,145.66666666666666,8.363809523809525,0.0025813112418353254,0.0,3.0,985.0,0.003045685279187817,-0.014492753623188406,-0.09369024856596561,3.164705882352941,,-0.0005978616581058228,0.012906575013873316,0.16704805491990854,0.13345479389660653,0.1798985065521659,0.0,0,0,0,0,0,0,-0.014492753623188406,0.16704805491990854,,0.7440345733334448,10.46,0.279315
2026-07-28,2,SH012,闵行区第1支行,综合支行,闵行区,0,7,15,160,288,176,9.34,27.01,1,0,7,4.63,0.29066000000000003,624,0.7435897435897436,0.00625,0.0,0.04375,10.666666666666666,22.857142857142858,0.6095238095238096,159.5,9.365,0.006060828680575963,0.0,0.744011766353831,0.288175,145.33333333333334,8.299999999999999,0.0023344328294534235,0.0,4.0,990.0,0.00404040404040404,0.003134796238244514,-0.0026695141484250244,0.031212121212121226,,-0.000567225927293634,0.008623232410861508,0.10091743119266047,0.12530120481927723,0.7307861633140447,0.0,0,0,0,0,0,0,0.003134796238244514,0.10091743119266047,,0.744011766353831,9.365,0.288175
2026-07-29,3,SH012,闵行区第1支行,综合支行,闵行区,0,7,16,156,280,172,8.03,25.3,1,0,6,4.672,0.2731,608,0.743421052631579,0.00641025641025641,0.0,0.038461538461538464,9.75,22.285714285714285,0.5942857142857143,154.0,7.71,0.0,0.0,0.7442317708688408,0.28415500000000005,145.04761904761904,8.28,0.002345190144427606,0.0,5.0,997.0,0.0050150451354062184,0.012987012987012988,0.04150453955901419,,,-0.001089335700242151,-0.0389048230719151,0.07550886408404472,-0.030193236714975848,1.138438602653367,0.0,0,0,0,0,0,0,0.012987012987012988,0.07550886408404472,,0.7442317708688408,7.71,0.28415500000000005
2026-07-30,4,SH012,闵行区第1支行,综合支行,闵行区,0,7,16,154,278,171,8.7,20.6,1,0,5,4.551,0.28053,603,0.7446102819237148,0.006493506493506494,0.0,0.032467532467532464,9.625,22.0,0.5866666666666667,151.0,8.15,0.0031645569620253164,0.0,0.7440149741608413,0.28315500000000005,144.8095238095238,8.21047619047619,0.0026504404496779112,0.0,6.0,1004.0,0.00597609561752988,0.019867549668874173,0.06748466257668698,1.0519480519480522,,0.0008001287387326666,-0.00927054086984176,0.06346596514304514,0.05962185361326998,1.2547556645749622,0.0,0,0,0,0,0,0,0.019867549668874173,0.06346596514304514,,0.7440149741608413,8.15,0.28315500000000005
2026-07-31,5,SH012,闵行区第1支行,综合支行,闵行区,0,7,16,162,292,179,9.95,22.56,0,0,5,4.62,0.27681,633,0.7440758293838863,0.0,0.0,0.030864197530864196,10.125,23.142857142857142,0.6171428571428571,157.5,9.025,0.0,0.0,0.7440161554259886,0.2761,144.61904761904762,8.157142857142858,0.0026582686672710475,0.0,5.0,1014.0,0.004930966469428008,0.02857142857142857,0.10249307479224365,,,8.020519105995206e-05,0.002571532053603725,0.12018439249259136,0.21978984238178606,0.8549541399402979,0.0,0,0,0,0,0,0,0.02857142857142857,0.12018439249259136,,0.7440161554259886,9.025,0.2761
2026-08-01,6,SH012,闵行区第1支行,综合支行,闵行区,0,7,15,175,315,193,10.27,23.92,0,0,5,4.636,0.27413000000000004,683,0.7437774524158126,0.0,0.0,0.02857142857142857,11.666666666666666,25.0,0.6666666666666666,169.0,9.35,0.0,0.0,0.7441298247544637,0.285185,144.52380952380952,8.162857142857142,0.0026582686672710475,0.0,5.0,1025.0,0.004878048780487805,0.03550295857988166,0.09839572192513368,,,-0.00047353610476143953,-0.038764310885916094,0.21087314662273482,0.2581379068953449,0.8350473150238654,0.0,0,0,0,0,0,0,0.03550295857988166,0.21087314662273482,,0.7441298247544637,9.35,0.285185
2026-08-02,7,SH012,闵行区第1支行,综合支行,闵行区,0,7,16,52,93,57,2.55,6.34,0,0,1,4.642,0.28807000000000005,202,0.7425742574257426,0.0,0.0,0.019230769230769232,3.25,7.428571428571429,0.1980952380952381,50.0,2.89,0.0,0.0,0.7442277486910995,0.28780000000000006,144.47619047619048,8.129523809523809,0.0026582686672710475,0.0,5.0,1029.0,0.004859086491739553,0.04,-0.11764705882352951,,,-0.002221754386698186,0.0009381514940930938,-0.6400791034937376,-0.6863284910965324,0.8279139921277572,0.0,0,0,0,0,0,0,0.04,-0.6400791034937376,,0.7442277486910995,2.89,0.28780000000000006
2026-08-03,1,SH012,闵行区第1支行,综合支行,闵行区,0,7,17,182,328,201,11.67,26.49,2,0,12,4.444,0.28872000000000003,711,0.7440225035161744,0.01098901098901099,0.0,0.06593406593406594,10.705882352941176,26.0,0.6933333333333334,173.5,10.46,0.008707211698238617,0.0,0.7437196185387214,0.280705,144.52380952380952,8.116666666666665,0.0026582686672710475,0.0,5.0,1041.0,0.004803073967339097,0.04899135446685879,0.11567877629063088,0.2620585521348881,,0.0004072569418675906,0.02855310735469639,0.2593080724876442,0.43778234086242324,0.8068429374634604,0.0,0,0,0,0,0,0,0.04899135446685879,0.2593080724876442,,0.7437196185387214,10.46,0.280705
2026-08-04,2,SH012,闵行区第1支行,综合支行,闵行区,0,7,17,171,309,189,10.46,30.37,0,0,2,4.585,0.28109,669,0.7443946188340808,0.0,0.0,0.011695906432748537,10.058823529411764,24.428571428571427,0.6514285714285714,162.0,9.46,0.006060828680575963,0.0,0.7439859399075501,0.290345,144.76190476190476,8.16,0.0029125207375037473,0.0,4.0,1052.0,0.0038022813688212928,0.05555555555555555,0.10570824524312895,-1.0,,0.0005493100132798333,-0.03187587180767712,0.18125000000000002,0.2818627450980393,0.3054950372920394,0.0,0,0,0,0,0,0,0.05555555555555555,0.18125000000000002,,0.7439859399075501,9.46,0.290345
2026-08-05,3,SH012,闵行区第1支行,综合支行,闵行区,0,7,15,167,300,184,9.77,22.29,1,0,9,4.66,0.28941,651,0.7434715821812596,0.005988023952095809,0.0,0.05389221556886228,11.133333333333333,23.857142857142858,0.6361904761904762,156.5,7.834999999999999,0.0,0.0,0.7437511040452217,0.277465,145.0952380952381,8.20190476190476,0.00262216069104614,0.0,4.0,1063.0,0.0037629350893697085,0.0670926517571885,0.2469687300574347,,,-0.0003758271583622117,0.04305047483466377,0.15096816540859856,0.19118671620993977,0.43505129270641446,0.0,0,0,0,0,1,0,0.0670926517571885,0.15096816540859856,,0.7437511040452217,7.834999999999999,0.277465
2026-08-06,4,SH012,闵行区第1支行,综合支行,闵行区,0,7,16,165,297,182,9.91,20.55,1,0,7,4.63,0.27777,644,0.7437888198757764,0.006060606060606061,0.0,0.04242424242424243,10.3125,23.571428571428573,0.6285714285714286,153.0,8.46,0.006411310208778564,0.0,0.7440149741608413,0.285415,145.57142857142858,8.308571428571428,0.002907304688764988,0.0,4.0,1074.0,0.0037243947858473,0.0784313725490196,0.1713947990543734,-0.05470085470085479,,-0.00030396469549550287,-0.026785557871870636,0.13346418056918538,0.1927441540577718,0.2810472876268804,0.0,0,0,0,0,2,0,0.0784313725490196,0.13346418056918538,,0.7440149741608413,8.46,0.285415
2026-08-07,5,SH012,闵行区第1支行,综合支行,闵行区,0,7,16,172,310,190,10.79,23.18,0,0,3,4.474,0.30706,672,0.7440476190476191,0.0,0.0,0.01744186046511628,10.75,24.571428571428573,0.6552380952380953,159.5,9.41,0.0,0.0,0.744112797687263,0.2761,146.1904761904762,8.389047619047618,0.0028826217693452266,0.0,4.0,1084.0,0.0036900369003690036,0.07836990595611286,0.14665249734325175,,,-8.75924185775681e-05,0.11213328504165153,0.1765472312703582,0.2862008287449623,0.2800974930565301,0.0,0,0,0,0,3,0,0.07836990595611286,0.1765472312703582,,0.744112797687263,9.41,0.2761
2026-08-08,6,SH012,闵行区第1支行,综合支行,闵行区,0,7,15,185,334,205,11.53,29.58,0,0,5,4.606,0.26918000000000003,724,0.744475138121547,0.0,0.0,0.02702702702702703,12.333333333333334,26.428571428571427,0.7047619047619047,171.0,9.815,0.0,0.0,0.7438393566765791,0.28335,146.9047619047619,8.484761904761903,0.0028826217693452266,0.0,4.0,1094.0,0.003656307129798903,0.08187134502923976,0.17473255221599593,,,0.0008547295047798005,-0.05000882301041101,0.25931928687196115,0.3589067235379954,0.26839641907977935,0.0,0,0,0,1,4,0,0.08187134502923976,0.25931928687196115,,0.7438393566765791,9.815,0.28335
2026-08-09,7,SH012,闵行区第1支行,综合支行,闵行区,0,7,16,54,98,60,3.86,9.42,0,0,2,4.564,0.28828000000000004,212,0.7452830188679245,0.0,0.0,0.037037037037037035,3.375,7.714285714285714,0.2057142857142857,50.0,2.74,0.0,0.0,0.7442277486910995,0.28689000000000003,147.76190476190476,8.606190476190475,0.0028826217693452266,0.0,4.0,1096.0,0.0036496350364963502,0.08,0.4087591240875911,,,0.0014179398425829765,0.0048450625675346025,-0.6345472123751208,-0.5514856415647651,0.2660818270741593,0.0,0,0,0,1,5,0,0.08,-0.6345472123751208,,0.7442277486910995,2.74,0.28689000000000003
2026-08-10,1,SH012,闵行区第1支行,综合支行,闵行区,0,7,17,189,340,209,12.09,36.41,1,0,7,4.602,0.27552000000000004,738,0.7439024390243902,0.005291005291005291,0.0,0.037037037037037035,11.117647058823529,27.0,0.72,173.5,10.46,0.008319364251567641,0.0,0.7437196185387214,0.28582,148.0,8.663333333333334,0.0028826217693452266,0.0,3.0,1103.0,0.0027198549410698096,0.0893371757925072,0.15583173996175897,-0.36401326699834163,,0.00024581909783162186,-0.036036666433419545,0.27702702702702703,0.39553674490188523,-0.0564648577924216,0.0,0,0,0,1,5,0,0.0893371757925072,0.27702702702702703,,0.7437196185387214,10.46,0.28582
2026-08-11,2,SH012,闵行区第1支行,综合支行,闵行区,0,7,15,176,316,194,11.21,22.45,1,0,2,4.5280000000000005,0.28408,686,0.7434402332361516,0.005681818181818182,0.0,0.011363636363636364,11.733333333333333,25.142857142857142,0.6704761904761904,162.0,9.46,0.003048780487804878,0.0,0.7440723094170404,0.288175,149.0,8.755238095238095,0.0031345744022502403,0.0,4.0,1108.0,0.0036101083032490976,0.08641975308641975,0.18498942917547567,0.8636363636363636,,-0.0008494821980191672,-0.014210115381278789,0.18120805369127516,0.28037637332753196,0.15170605000075363,0.0,0,0,0,1,5,0,0.08641975308641975,0.18120805369127516,,0.7440723094170404,9.46,0.288175
2026-08-12,3,SH012,闵行区第1支行,综合支行,闵行区,0,7,16,169,304,186,10.49,22.48,0,0,5,4.593,0.28408,659,0.7435508345978755,0.0,0.0,0.029585798816568046,10.5625,24.142857142857142,0.6438095238095238,156.5,7.834999999999999,0.0029940119760479044,0.0,0.7434678172344207,0.28415500000000005,150.0,8.866666666666665,0.0034051371728130112,0.0,3.0,1110.0,0.002702702702702703,0.07987220447284345,0.3388640714741546,-1.0,,0.00011166234977547707,-0.0002639404550335107,0.12666666666666668,0.18308270676691749,-0.2062866881600607,0.0,0,0,0,1,5,0,0.07987220447284345,0.12666666666666668,,0.7434678172344207,7.834999999999999,0.28415500000000005
2026-08-13,4,SH012,闵行区第1支行,综合支行,闵行区,0,7,16,164,296,182,9.55,19.79,0,0,2,4.628,0.28788,642,0.7445482866043613,0.0,0.0,0.012195121951219513,10.25,23.428571428571427,0.6247619047619047,153.0,8.46,0.006277056277056277,0.0,0.7439482819917602,0.27915,150.95238095238096,9.002380952380951,0.0034051371728130112,0.0,2.0,1109.0,0.0018034265103697023,0.0718954248366013,0.12884160756501178,-1.0,,0.0008065138761994873,0.03127350886620102,0.08643533123028384,0.06083046813012449,-0.470380657563972,0.0,0,0,0,1,5,0,0.0718954248366013,0.08643533123028384,,0.7439482819917602,8.46,0.27915
2026-08-14,5,SH012,闵行区第1支行,综合支行,闵行区,0,7,16,169,305,187,9.83,24.24,1,0,8,4.564,0.28429000000000004,661,0.7443267776096822,0.005917159763313609,0.0,0.047337278106508875,10.5625,24.142857142857142,0.6438095238095238,159.5,9.469999999999999,0.0,0.0,0.7440617242157527,0.2761,151.76190476190476,9.093333333333334,0.0034051371728130112,0.0,3.0,1106.0,0.0027124773960217,0.05956112852664577,0.03801478352692727,,,0.0003562250083606158,0.029663165519739333,0.11358644493253846,0.08101173020527856,-0.2034161156036776,0.0,0,0,0,1,4,0,0.05956112852664577,0.11358644493253846,,0.7440617242157527,9.469999999999999,0.2761
2026-08-15,6,SH012,闵行区第1支行,综合支行,闵行区,0,7,15,181,325,199,11.18,32.93,3,0,9,4.552,0.30031,705,0.7432624113475177,0.016574585635359115,0.0,0.049723756906077346,12.066666666666666,25.857142857142858,0.6895238095238095,171.0,9.815,0.0,0.0,0.7441700843981969,0.280065,152.57142857142858,9.133333333333333,0.0033736234773317033,0.0,6.0,1102.0,0.0054446460980036296,0.05847953216374269,0.13907284768211922,,,-0.0012197118235587328,0.07228679056647569,0.18632958801498117,0.22408759124087593,0.6138867110060421,0.0,0,0,0,1,4,0,0.05847953216374269,0.18632958801498117,,0.7441700843981969,9.815,0.280065
2026-08-16,7,SH012,闵行区第1支行,综合支行,闵行区,0,7,16,52,95,58,2.12,4.78,0,0,2,4.585,0.27158000000000004,205,0.7463414634146341,0.0,0.0,0.038461538461538464,3.25,7.428571428571429,0.1980952380952381,50.5,2.81,0.0,0.0,0.7443692581250617,0.28689000000000003,153.38095238095238,9.22,0.004162889459967852,0.0,6.0,1100.0,0.005454545454545455,0.0297029702970297,-0.24555160142348753,,,0.0026494985762040638,-0.05336540137334863,-0.6609748525302701,-0.7700650759219089,0.31027871554090636,0.0,0,0,0,0,3,1,0.0297029702970297,-0.6609748525302701,,0.7443692581250617,2.81,0.28689000000000003
2026-08-17,1,SH012,闵行区第1支行,综合支行,闵行区,0,7,16,180,325,199,11.53,27.32,0,0,3,4.5809999999999995,0.27663000000000004,704,0.7443181818181818,0.0,0.0,0.016666666666666666,11.25,25.714285714285715,0.6857142857142857,176.0,10.915,0.008140008140008141,0.0,0.7437460913070669,0.28582,153.57142857142858,9.18,0.004162889459967852,0.0,5.0,1091.0,0.00458295142071494,0.022727272727272728,0.05634448007329366,-1.0,,0.0007692013683183794,-0.03215310335175976,0.17209302325581385,0.25599128540305005,0.100906345168803,0.0,0,0,0,0,2,1,0.022727272727272728,0.17209302325581385,,0.7437460913070669,10.915,0.28582
2026-08-18,2,SH012,闵行区第1支行,综合支行,闵行区,0,7,16,167,301,184,9.16,29.16,1,0,3,4.602,0.28922000000000003,652,0.7438650306748467,0.005988023952095809,0.0,0.017964071856287425,10.4375,23.857142857142858,0.6361904761904762,165.5,9.9,0.002840909090909091,0.0,0.7439921812119121,0.287055,154.04761904761904,9.277619047619048,0.0036026653703319987,0.0,5.0,1082.0,0.0046210720887245845,0.00906344410876133,-0.07474747474747477,1.1077844311377245,,-0.00017090305553796073,0.007542108655135873,0.08408037094281307,-0.012677719037109287,0.282681463224195,0.0,0,0,0,0,1,1,0.00906344410876133,0.08408037094281307,,0.7439921812119121,9.9,0.287055
2026-08-19,3,SH012,闵行区第1支行,综合支行,闵行区,0,7,16,160,287,176,9.15,28.91,0,0,3,4.622,0.27823000000000003,623,0.7431781701444623,0.0,0.0,0.01875,10.0,22.857142857142858,0.6095238095238096,161.5,8.899999999999999,0.0029940119760479044,0.0,0.7435112083895676,0.282955,154.38095238095238,9.269047619047619,0.0035901903204317983,0.0,5.0,1073.0,0.004659832246039142,-0.009287925696594427,0.028089887640449642,-1.0,,-0.00044792632760262983,-0.016698768355392125,0.036397285626156704,-0.012843565373747708,0.29793460238584124,0.0,0,0,0,0,1,1,-0.009287925696594427,0.036397285626156704,,0.7435112083895676,8.899999999999999,0.282955
2026-08-20,4,SH012,闵行区第1支行,综合支行,闵行区,0,7,17,156,280,172,9.76,23.14,0,0,2,4.674,0.27339,608,0.743421052631579,0.0,0.0,0.01282051282051282,9.176470588235293,22.285714285714285,0.5942857142857143,159.0,9.125,0.0030303030303030303,0.0,0.7441685532400688,0.27915,154.57142857142858,9.322380952380954,0.003284940015181493,0.0,5.0,1065.0,0.004694835680751174,-0.018867924528301886,0.06958904109589038,-1.0,,-0.0010044775544938707,-0.020634067705534612,0.00924214417744909,0.0469428410890329,0.4291998207132511,0.0,0,0,0,0,0,1,-0.018867924528301886,0.00924214417744909,,0.7441685532400688,9.125,0.27915
2026-08-21,5,SH012,闵行区第1支行,综合支行,闵行区,0,7,16,161,290,178,9.29,21.83,0,0,1,4.586,0.28212000000000004,629,0.7440381558028617,0.0,0.0,0.006211180124223602,10.0625,23.0,0.6133333333333333,165.5,9.89,0.0029585798816568047,0.0,0.7442013034967843,0.28055,154.66666666666666,9.372857142857143,0.0029757254202526125,0.0,4.0,1057.0,0.003784295175023652,-0.027190332326283987,-0.06066734074823068,-1.0,,-0.00021922521924642888,0.0055961504188202305,0.04094827586206903,-0.008840115836000691,0.2717218965392308,0.0,0,0,0,0,0,0,-0.027190332326283987,0.04094827586206903,,0.7442013034967843,9.89,0.28055
2026-08-22,6,SH012,闵行区第1支行,综合支行,闵行区,0,7,16,172,310,190,9.7,23.51,2,0,6,4.591,0.2808,672,0.7440476190476191,0.011627906976744186,0.0,0.03488372093023256,10.75,24.571428571428573,0.6552380952380953,178.0,10.725,0.0,0.0,0.7441262952686798,0.28094,154.61904761904762,9.34142857142857,0.0029757254202526125,0.0,3.0,1048.0,0.0028625954198473282,-0.033707865168539325,-0.09557109557109561,,,-0.00010572966116231332,-0.0004983270449207268,0.11241145672928857,0.03838507417036244,-0.03801762072378321,0.0,0,0,0,0,0,0,-0.033707865168539325,0.11241145672928857,,0.7441262952686798,10.725,0.28094
2026-08-23,7,SH012,闵行区第1支行,综合支行,闵行区,0,7,16,50,91,56,3.31,7.01,0,0,1,4.556,0.29292,197,0.7461928934010152,0.0,0.0,0.02,3.125,7.142857142857143,0.1904761904761905,52.0,2.755,0.0,0.0,0.7456573824498353,0.28396000000000005,154.47619047619048,9.314285714285713,0.00352943527628805,0.0,3.0,1046.0,0.0028680688336520078,-0.038461538461538464,0.20145190562613435,,,0.000718172935431256,0.031553739963375,-0.6763255240443896,-0.6446319018404907,-0.18738591045409664,0.0,0,0,0,0,1,0,-0.038461538461538464,-0.6763255240443896,,0.7456573824498353,2.755,0.28396000000000005
2026-08-24,1,SH012,闵行区第1支行,综合支行,闵行区,0,7,16,175,316,194,11.05,26.9,0,0,4,4.55,0.28211,685,0.7445255474452555,0.0,0.0,0.022857142857142857,10.9375,25.0,0.6666666666666666,181.0,11.6,0.008140008140008141,0.0,0.7439624712702824,0.279775,154.38095238095238,9.350476190476192,0.00352943527628805,0.0,3.0,1041.0,0.002881844380403458,-0.03314917127071823,-0.04741379310344818,-1.0,,0.0007568609932859384,0.008345992315253441,0.13355953115360888,0.18175799551843544,-0.18348286487510584,0.0,0,0,0,0,1,0,-0.03314917127071823,0.13355953115360888,,0.7439624712702824,11.6,0.279775
2026-08-25,2,SH012,闵行区第1支行,综合支行,闵行区,0,7,14,164,296,181,10.35,32.18,0,0,1,4.5600000000000005,0.29461000000000004,641,0.7441497659906396,0.0,0.0,0.006097560975609756,11.714285714285714,23.428571428571427,0.6247619047619047,169.0,9.9,0.005834921066956995,0.0,0.7437273871322951,0.28665,154.04761904761904,9.32095238095238,0.003006149038716098,0.0,2.0,1038.0,0.0019267822736030828,-0.029585798816568046,0.04545454545454538,-1.0,,0.0005679216143607931,0.027769056340484988,0.06460587326120563,0.11040155308061711,-0.3590529781497474,0.0,0,0,0,0,1,0,-0.029585798816568046,0.06460587326120563,,0.7437273871322951,9.9,0.28665
2026-08-26,3,SH012,闵行区第1支行,综合支行,闵行区,0,7,16,159,287,176,9.32,23.72,1,0,6,4.601,0.30113,622,0.7443729903536977,0.006289308176100629,0.0,0.03773584905660377,9.9375,22.714285714285715,0.6057142857142858,163.5,9.46,0.0029940119760479044,0.0,0.7434463174064193,0.28115500000000004,153.71428571428572,9.315714285714286,0.003006149038716098,0.0,3.0,1037.0,0.0028929604628736743,-0.027522935779816515,-0.014799154334038113,1.10062893081761,,0.0012464557636269196,0.0710462200565523,0.03438661710037169,0.0004600521392424649,-0.03765235002811629,0.0,0,0,0,0,1,0,-0.027522935779816515,0.03438661710037169,,0.7434463174064193,9.46,0.28115500000000004
2026-08-27,4,SH012,闵行区第1支行,综合支行,闵行区,0,7,16,157,283,174,8.75,24.28,1,0,10,4.565,0.28354,614,0.744299674267101,0.006369426751592357,0.0,0.06369426751592357,9.8125,22.428571428571427,0.598095238095238,160.0,9.655000000000001,0.0030303030303030303,0.0,0.7441685532400688,0.27915,153.33333333333334,9.294285714285715,0.0030204959065258516,0.0,4.0,1038.0,0.0038535645472061657,-0.01875,-0.09373381667529788,1.101910828025478,,0.000176198021888015,0.015726312018627994,0.023913043478260808,-0.058561328004918645,0.27580525399172034,0.0,0,0,0,0,1,0,-0.01875,0.023913043478260808,,0.7441685532400688,9.655000000000001,0.27915
2026-08-28,5,SH012,闵行区第1支行,综合支行,闵行区,0,7,16,165,297,182,9.72,24.96,1,0,4,4.572,0.27011,644,0.7437888198757764,0.006060606060606061,0.0,0.024242424242424242,10.3125,23.571428571428573,0.6285714285714286,165.5,9.89,0.0,0.0,0.7440617242157527,0.28320500000000004,152.95238095238096,9.23904761904762,0.003035201653715675,0.0,5.0,1042.0,0.0047984644913627635,-0.0030211480362537764,-0.01718907987866531,,,-0.00036677647981950837,-0.046238590420366946,0.07876712328767116,0.05205648902175034,0.5809376241899821,0.0,0,0,0,0,0,0,-0.0030211480362537764,0.07876712328767116,,0.7440617242157527,9.89,0.28320500000000004
2026-08-29,6,SH012,闵行区第1支行,综合支行,闵行区,0,7,15,179,323,198,11.21,28.38,3,0,9,4.534,0.30286,700,0.7442857142857143,0.01675977653631285,0.0,0.05027932960893855,11.933333333333334,25.571428571428573,0.6819047619047619,178.0,10.725,0.005813953488372093,0.0,0.7439125357317158,0.277465,152.61904761904762,9.188095238095238,0.003323801942315964,0.0,6.0,1049.0,0.005719733079122974,0.0056179775280898875,0.04522144522144533,1.8826815642458101,,0.0005016430508614606,0.09152505721442344,0.17285491419656784,0.22005700958797622,0.7208405249133375,0.0,0,0,0,0,0,0,0.0056179775280898875,0.17285491419656784,,0.7439125357317158,10.725,0.277465
2026-08-30,7,SH012,闵行区第1支行,综合支行,闵行区,0,7,16,53,96,59,2.38,6.17,0,0,3,4.505,0.2974,208,0.7451923076923077,0.0,0.0,0.05660377358490566,3.3125,7.571428571428571,0.2019047619047619,52.0,2.9299999999999997,0.0,0.0,0.7457379561344699,0.28817500000000007,152.33333333333334,9.172857142857143,0.004121886539283242,0.0,6.0,1052.0,0.005703422053231939,0.019230769230769232,-0.18771331058020474,,,-0.0007316892450943119,0.032011798386396895,-0.6520787746170679,-0.7405388568758761,0.3836921513671047,0.0,0,0,0,0,0,1,0.019230769230769232,-0.6520787746170679,,0.7457379561344699,2.9299999999999997,0.28817500000000007
2026-08-31,1,SH012,闵行区第1支行,综合支行,闵行区,0,7,15,187,336,206,11.75,28.33,4,0,11,4.561,0.27645000000000003,729,0.7434842249657064,0.0213903743315508,0.0,0.058823529411764705,12.466666666666667,26.714285714285715,0.7123809523809524,181.0,11.6,0.0026455026455026454,0.0,0.7441703426671781,0.27937,152.28571428571428,9.102380952380953,0.004121886539283242,0.0,10.0,1064.0,0.009398496240601503,0.03314917127071823,0.012931034482758652,7.0855614973262036,,-0.0009219901172257589,-0.010452088627984316,0.22795497185741095,0.2908710436829714,1.280144334646294,0.0,0,0,0,0,0,1,0.03314917127071823,0.22795497185741095,,0.7441703426671781,11.6,0.27937
2026-09-01,2,SH012,闵行区第1支行,综合支行,闵行区,0,7,17,174,314,192,10.57,22.35,0,0,3,4.6129999999999995,0.28165,680,0.7441176470588236,0.0,0.0,0.017241379310344827,10.235294117647058,24.857142857142858,0.6628571428571429,169.0,10.405000000000001,0.002840909090909091,0.0,0.7440073983327431,0.28665,152.1904761904762,9.086190476190476,0.0048885231602616,0.0,10.0,1074.0,0.00931098696461825,0.029585798816568046,0.015857760691974927,-1.0,,0.00014818229808938858,-0.01744287458573174,0.14330413016270327,0.16330381007284742,0.9046625451847079,0.0,0,0,0,0,0,1,0.029585798816568046,0.14330413016270327,,0.7440073983327431,10.405000000000001,0.28665
2026-09-02,3,SH012,闵行区第1支行,综合支行,闵行区,0,7,16,170,306,188,656.17,1727.2,0,0,3,3.0,0.28183,664,0.7439759036144579,0.0,0.0,0.01764705882352941,10.625,24.285714285714285,0.6476190476190475,163.5,9.545,0.0029940119760479044,0.0,0.7435112083895676,0.286745,152.0952380952381,9.055714285714286,0.004617960389698829,0.0,9.0,1085.0,0.008294930875576038,0.039755351681957186,67.744892613934,-1.0,,0.0006250009679030317,-0.017140665050829142,0.11772072636192857,71.45922069727085,0.796232573600964,0.0,0,0,0,0,1,1,0.039755351681957186,0.11772072636192857,,0.7435112083895676,9.545,0.286745
2026-09-03,4,SH012,闵行区第1支行,综合支行,闵行区,0,7,16,169,304,186,9.86,26.16,0,0,3,4.666,0.27387,659,0.7435508345978755,0.0,0.0,0.01775147928994083,10.5625,24.142857142857142,0.6438095238095238,160.5,9.655000000000001,0.0030303030303030303,0.0,0.7440442470714387,0.280655,152.14285714285714,39.80238095238095,0.004617960389698829,0.0,8.0,1097.0,0.007292616226071103,0.0529595015576324,0.021232522009321415,-1.0,,-0.0006631493698193799,-0.024175589246583834,0.11079812206572773,-0.7522761260991805,0.5791855301181369,0.0,0,0,0,0,1,1,0.0529595015576324,0.11079812206572773,,0.7440442470714387,9.655000000000001,0.280655
2026-09-04,5,SH012,闵行区第1支行,综合支行,闵行区,0,7,16,177,319,195,9.99,26.83,0,0,8,4.654,0.2801,691,0.743849493487699,0.0,0.0,0.04519774011299435,11.0625,25.285714285714285,0.6742857142857143,167.0,9.775,0.0029585798816568047,0.0,0.7440428874252404,0.28320500000000004,152.38095238095238,39.81714285714286,0.004617960389698829,0.0,7.0,1109.0,0.0063119927862939585,0.059880239520958084,0.02199488491048592,-1.0,,-0.00025992310498471874,-0.010963789481118003,0.1615625,-0.7491030424799081,0.3668356273418816,0.0,0,0,0,0,1,0,0.059880239520958084,0.1615625,,0.7440428874252404,9.775,0.28320500000000004
2026-09-05,6,SH012,闵行区第1支行,综合支行,闵行区,0,7,16,192,345,212,12.19,31.79,2,0,7,4.578,0.27812000000000003,749,0.7436582109479306,0.010416666666666666,0.0,0.036458333333333336,12.0,27.428571428571427,0.7314285714285714,180.0,11.195,0.01410124630605165,0.0,0.7441666666666666,0.290555,152.76190476190476,39.82476190476191,0.004336190877160086,0.0,6.0,1122.0,0.0053475935828877,0.06666666666666667,0.08887896382313526,-0.26129460895975704,,-0.0006832551651548048,-0.042797404966357394,0.25685785536159605,-0.6939090300363498,0.2332468137080753,0.0,0,0,0,0,1,0,0.06666666666666667,0.25685785536159605,,0.7441666666666666,11.195,0.290555
2026-09-06,7,SH012,闵行区第1支行,综合支行,闵行区,0,7,16,57,102,63,3.43,7.85,0,0,1,4.589,0.26874000000000003,222,0.7432432432432432,0.0,0.0,0.017543859649122806,3.5625,8.142857142857142,0.21714285714285714,52.5,2.8449999999999998,0.0,0.0,0.7457379561344699,0.2906,153.28571428571428,39.87285714285714,0.0040429566405556835,0.0,6.0,1126.0,0.0053285968028419185,0.08571428571428572,0.20562390158172247,,,-0.003345294242709663,-0.075223675154852,-0.6281453867660765,-0.9139765683780589,0.317995040903909,0.0,0,0,0,0,2,0,0.08571428571428572,-0.6281453867660765,,0.7457379561344699,2.8449999999999998,0.2906
2026-09-07,1,SH012,闵行区第1支行,综合支行,闵行区,0,7,16,198,356,218,13.86,39.33,1,0,3,4.565,0.29596,772,0.7435233160621761,0.005050505050505051,0.0,0.015151515151515152,12.375,28.285714285714285,0.7542857142857142,183.5,11.64,0.0026455026455026454,0.0,0.7441103104212861,0.27654,153.52380952380952,39.9352380952381,0.0040429566405556835,0.0,3.0,1137.0,0.002638522427440633,0.07901907356948229,0.190721649484536,0.9090909090909094,,-0.0007888539520136237,0.07022492225356185,0.2897022332506204,-0.6529380902413432,-0.3473780052516265,0.0,0,0,0,0,2,0,0.07901907356948229,0.2897022332506204,,0.7441103104212861,11.64,0.27654
2026-09-08,2,SH012,闵行区第1支行,综合支行,闵行区,0,7,16,185,333,204,11.43,24.92,0,0,3,4.665,0.26856,722,0.7437673130193906,0.0,0.0,0.016216216216216217,11.5625,26.428571428571427,0.7047619047619047,170.5,10.46,0.002840909090909091,0.0,0.7439913388668351,0.28665,154.38095238095238,40.046190476190475,0.004283456881055924,0.0,3.0,1148.0,0.002613240418118467,0.08504398826979472,0.0927342256214148,-1.0,,-0.00030111351536125583,-0.06310832025117737,0.1983343615052437,-0.7145795926132917,-0.38992255771831846,0.0,0,0,0,0,2,0,0.08504398826979472,0.1983343615052437,,0.7439913388668351,10.46,0.28665
2026-09-09,3,SH012,闵行区第1支行,综合支行,闵行区,0,7,15,178,322,197,11.01,33.14,1,0,8,4.57,0.29289000000000004,697,0.7446197991391679,0.0056179775280898875,0.0,0.0449438202247191,11.866666666666667,25.428571428571427,0.6780952380952381,164.5,9.905000000000001,0.0,0.0,0.7437633691061667,0.282955,155.23809523809524,40.15428571428571,0.003998312883337076,0.0,4.0,1156.0,0.0034602076124567475,0.08206686930091185,0.11155981827359904,,,0.0011514818671836573,0.03511159018218454,0.14662576687116563,-0.7258075992599972,-0.1345830820601549,0.0,0,0,0,0,2,0,0.08206686930091185,0.14662576687116563,,0.7437633691061667,9.905000000000001,0.282955
2026-09-10,4,SH012,闵行区第1支行,综合支行,闵行区,0,7,16,175,315,193,11.39,25.71,1,0,5,4.536,0.27784000000000003,683,0.7437774524158126,0.005714285714285714,0.0,0.02857142857142857,10.9375,25.0,0.6666666666666666,160.5,9.655000000000001,0.0,0.0,0.7439252544324882,0.278705,156.0952380952381,40.24285714285715,0.004265835622769928,0.0,5.0,1162.0,0.004302925989672977,0.09034267912772585,0.1796996374935266,,,-0.00019867858470322796,-0.0031036400495145374,0.12111043319097005,-0.7169684061057863,0.008694748270437534,0.0,0,0,0,0,3,0,0.09034267912772585,0.12111043319097005,,0.7439252544324882,9.655000000000001,0.278705
2026-09-11,5,SH012,闵行区第1支行,综合支行,闵行区,0,7,16,181,327,200,12.14,26.73,2,0,8,4.448,0.28916000000000003,708,0.7443502824858758,0.011049723756906077,0.0,0.04419889502762431,11.3125,25.857142857142858,0.6895238095238095,167.0,9.775,0.0029585798816568047,0.0,0.7439438246452803,0.28111,157.0,40.32047619047619,0.004537944466307343,0.0,7.0,1166.0,0.006003430531732418,0.08383233532934131,0.24194373401534527,2.7348066298342544,,0.0005463555541834847,0.02863647682401907,0.15286624203821655,-0.6989122860888358,0.32294050231460497,0.0,0,0,0,0,3,0,0.08383233532934131,0.15286624203821655,,0.7439438246452803,9.775,0.28111
2026-09-12,6,SH012,闵行区第1支行,综合支行,闵行区,0,7,16,194,349,214,12.25,38.72,1,0,8,4.542,0.28531,757,0.7437252311756936,0.005154639175257732,0.0,0.041237113402061855,12.125,27.714285714285715,0.7390476190476191,180.0,11.195,0.01410124630605165,0.0,0.7438529149977748,0.290555,157.95238095238096,40.45619047619047,0.005064121788064775,0.0,6.0,1168.0,0.005136986301369863,0.07777777777777778,0.09423849933005804,-0.6344550642275086,,-0.00017165197515111363,-0.018051659754607558,0.2282182695206511,-0.6972033239953859,0.014388380918645355,0.0,0,0,0,0,2,0,0.07777777777777778,0.2282182695206511,,0.7438529149977748,11.195,0.290555
2026-09-13,7,SH012,闵行区第1支行,综合支行,闵行区,0,7,16,56,102,62,3.35,9.5,0,0,1,4.633,0.26626,220,0.7454545454545455,0.0,0.0,0.017857142857142856,3.5,8.0,0.21333333333333335,52.5,2.8449999999999998,0.0,0.0,0.7456926005466615,0.28225,159.0,40.577619047619045,0.004755870940374944,0.0,6.0,1167.0,0.005141388174807198,0.06666666666666667,0.17750439367311086,,,-0.00031924024985836716,-0.056651904340124015,-0.6477987421383647,-0.9174421743161254,0.08106133224924304,0.0,0,0,0,0,3,0,0.06666666666666667,-0.6477987421383647,,0.7456926005466615,2.8449999999999998,0.28225
2026-09-14,1,SH012,闵行区第1支行,综合支行,闵行区,0,7,16,195,351,215,11.85,34.6,0,0,5,4.646,0.27340000000000003,761,0.7437582128777924,0.0,0.0,0.02564102564102564,12.1875,27.857142857142858,0.7428571428571429,183.5,11.64,0.0025252525252525255,0.0,0.7439207489401789,0.27937,159.28571428571428,40.579523809523806,0.004755870940374944,0.0,5.0,1164.0,0.00429553264604811,0.06267029972752043,0.01804123711340198,-1.0,,-0.00021848572259616572,-0.021369509968858415,0.22421524663677136,-0.707980801952662,-0.09679368933643555,0.0,0,0,0,0,3,0,0.06267029972752043,0.22421524663677136,,0.7439207489401789,11.64,0.27937
2026-09-15,2,SH012,闵行区第1支行,综合支行,闵行区,0,7,16,180,324,199,11.16,31.65,0,0,2,4.531,0.2803,703,0.7439544807965861,0.0,0.0,0.011111111111111112,11.25,25.714285714285715,0.6857142857142857,170.5,10.46,0.0,0.0,0.7439913388668351,0.285435,160.23809523809524,40.61761904761905,0.004755870940374944,0.0,5.0,1159.0,0.004314063848144953,0.05571847507331378,0.06692160611854678,,,-4.9540993723313905e-05,-0.017990085308388953,0.12332838038632984,-0.7252423883606692,-0.09289719964418555,0.0,0,0,0,0,2,0,0.05571847507331378,0.12332838038632984,,0.7439913388668351,10.46,0.285435
2026-09-16,3,SH012,闵行区第1支行,综合支行,闵行区,0,7,16,172,310,190,9.55,27.48,1,0,6,4.595,0.28553,672,0.7440476190476191,0.005813953488372093,0.0,0.03488372093023256,10.75,24.571428571428573,0.6552380952380953,165.0,10.165,0.0028089887640449437,0.0,0.7441744469840779,0.28736000000000006,161.0,40.656190476190474,0.004755870940374944,0.0,5.0,1153.0,0.004336513443191674,0.04242424242424243,-0.06050172159370374,1.0697674418604652,,-0.00017042769605002172,-0.006368318485523571,0.06832298136645963,-0.7651034224273232,-0.08817680345846586,0.0,0,0,0,0,1,0,0.04242424242424243,0.06832298136645963,,0.7441744469840779,10.165,0.28736000000000006
2026-09-17,4,SH012,闵行区第1支行,综合支行,闵行区,0,7,15,167,301,185,9.3,21.93,1,0,5,4.608,0.29143,653,0.7442572741194488,0.005988023952095809,0.0,0.029940119760479042,11.133333333333333,23.857142857142858,0.6361904761904762,163.0,9.809999999999999,0.002857142857142857,0.0,0.7436641435068441,0.275855,161.61904761904762,40.66714285714286,0.004733235002864061,0.0,5.0,1145.0,0.004366812227074236,0.024539877300613498,-0.05198776758409766,1.095808383233533,,0.0007975786082783321,0.05646082180855886,0.0332940483205657,-0.7713141532300559,-0.07741487071064602,0.0,0,0,0,0,1,0,0.024539877300613498,0.0332940483205657,,0.7436641435068441,9.809999999999999,0.275855
2026-09-18,5,SH012,闵行区第1支行,综合支行,闵行区,0,7,16,172,310,190,10.71,29.14,0,0,3,4.555,0.3002,672,0.7440476190476191,0.0,0.0,0.01744186046511628,10.75,24.571428571428573,0.6552380952380953,171.0,9.855,0.0030303030303030303,0.0,0.7439438246452803,0.28111,162.0952380952381,40.693333333333335,0.004715072964792798,0.0,3.0,1136.0,0.002640845070422535,0.005847953216374269,0.08675799086757995,-1.0,,0.00013951913961817477,0.06790935932553091,0.061104582843713236,-0.7368119266055045,-0.43991427277126216,0.0,0,0,0,0,0,0,0.005847953216374269,0.061104582843713236,,0.7439438246452803,9.855,0.28111
2026-09-19,6,SH012,闵行区第1支行,综合支行,闵行区,0,7,16,183,331,203,11.08,33.59,0,0,5,4.59,0.27605,717,0.7447698744769874,0.0,0.0,0.0273224043715847,11.4375,26.142857142857142,0.6971428571428572,185.5,11.7,0.011022286821705425,0.0,0.7438864251116564,0.283055,162.42857142857142,40.740476190476194,0.004426472676192508,0.0,2.0,1125.0,0.0017777777777777779,-0.013477088948787063,-0.05299145299145293,-1.0,,0.0011876132370588954,-0.02474784052569283,0.1266490765171505,-0.7280345976272574,-0.5983759738675359,0.0,0,0,0,0,0,0,-0.013477088948787063,0.1266490765171505,,0.7438864251116564,11.7,0.283055
2026-06-22,1,SH013,闵行区第2支行,综合支行,闵行区,0,6,15,178,223,137,13.4,39.87,0,0,3,4.541,0.28028000000000003,538,0.6691449814126395,0.0,0.0,0.016853932584269662,11.866666666666667,29.666666666666668,0.7911111111111111,,,,,,,,,,,,,,,,,,,,,,,,0,0,0,0,0,0,,,,,,
2026-06-23,2,SH013,闵行区第2支行,综合支行,闵行区,0,6,15,165,208,128,10.78,28.36,1,0,5,4.54,0.26380000000000003,501,0.6706586826347305,0.006060606060606061,0.0,0.030303030303030304,11.0,27.5,0.7333333333333333,,,,,,,,,,,,,,,,,,,,,,,,0,0,0,0,0,0,,,,,,
2026-06-24,3,SH013,闵行区第2支行,综合支行,闵行区,0,6,16,160,201,123,9.86,30.82,0,0,3,4.552,0.2612,484,0.6694214876033058,0.0,0.0,0.01875,10.0,26.666666666666668,0.7111111111111111,,,,,,,,,,,,,,,,,,,,,,,,0,0,0,0,0,0,,,,,,
2026-06-25,4,SH013,闵行区第2支行,综合支行,闵行区,0,6,17,157,198,121,9.36,29.09,3,0,7,4.434,0.26207,476,0.6701680672268907,0.01910828025477707,0.0,0.044585987261146494,9.235294117647058,26.166666666666668,0.6977777777777778,,,,,,,,,,,,,,,,,,,,,,,,0,0,0,0,0,0,,,,,,
2026-06-26,5,SH013,闵行区第2支行,综合支行,闵行区,0,6,17,164,207,127,10.98,28.9,1,0,5,4.527,0.25930000000000003,498,0.6706827309236948,0.006097560975609756,0.0,0.03048780487804878,9.647058823529411,27.333333333333332,0.7288888888888888,,,,,,,,,,,5.0,824.0,0.006067961165048544,,,,,,,,,,,0,0,0,0,0,0,,,,,,
2026-06-27,6,SH013,闵行区第2支行,综合支行,闵行区,0,6,17,178,224,137,12.73,38.51,0,0,2,4.434,0.26579,539,0.6697588126159555,0.0,0.0,0.011235955056179775,10.470588235294118,29.666666666666668,0.7911111111111111,,,,,,,164.8,10.876,0.006253289458198577,0.0,5.0,1002.0,0.00499001996007984,,,,,,,0.0800970873786407,0.17046708348657605,-0.2020167955702876,,0,0,0,0,0,0,,0.0800970873786407,,,,
2026-06-28,7,SH013,闵行区第2支行,综合支行,闵行区,0,6,16,53,66,41,1.73,3.59,0,0,1,4.451,0.27125000000000005,160,0.66875,0.0,0.0,0.018867924528301886,3.3125,8.833333333333334,0.23555555555555557,,,,,,,167.0,11.185,0.0052110745484988145,0.0,5.0,1055.0,0.004739336492890996,,,,,,,-0.6826347305389222,-0.8453285650424676,-0.09052606160541597,,0,0,0,0,0,0,,-0.6826347305389222,,,,
2026-06-29,1,SH013,闵行区第2支行,综合支行,闵行区,0,6,16,185,233,143,14.89,46.72,0,0,2,4.482,0.28577,561,0.6702317290552585,0.0,0.0,0.010810810810810811,11.5625,30.833333333333332,0.8222222222222222,,,,,,,150.71428571428572,9.834285714285715,0.004466635327284698,0.0,5.0,1062.0,0.004708097928436911,,,,,,,0.2274881516587677,0.5140906449738525,0.05405917059698727,,0,0,0,0,0,0,,0.2274881516587677,,,,
2026-06-30,2,SH013,闵行区第2支行,综合支行,闵行区,0,6,15,174,220,135,12.71,29.39,1,0,2,4.556,0.26853000000000005,529,0.6710775047258979,0.005747126436781609,0.0,0.011494252873563218,11.6,29.0,0.7733333333333333,,,,,,,155.0,10.46625,0.003908305911374111,0.0,5.0,1071.0,0.004668534080298786,,,,,,,0.12258064516129032,0.21437955332616745,0.19451603486621363,,0,0,0,0,0,0,,0.12258064516129032,,,,
2026-07-01,3,SH013,闵行区第2支行,综合支行,闵行区,0,6,17,170,214,131,11.42,28.26,0,0,2,4.514,0.26324000000000003,515,0.6699029126213593,0.0,0.0,0.011764705882352941,10.0,28.333333333333332,0.7555555555555555,,,,,,,157.11111111111111,10.715555555555556,0.004112619303086055,0.0,5.0,1081.0,0.004625346901017576,,,,,,,0.08203677510608201,0.06574035669846537,0.12467178704014185,,0,0,0,0,0,0,,0.08203677510608201,,,,
2026-07-02,4,SH013,闵行区第2支行,综合支行,闵行区,0,6,16,169,213,130,11.74,36.94,0,0,4,4.408,0.26488,512,0.669921875,0.0,0.0,0.023668639053254437,10.5625,28.166666666666668,0.7511111111111112,,,,,,,158.4,10.786,0.0037013573727774493,0.0,2.0,1093.0,0.0018298261665141812,,,,,,,0.06691919191919188,0.08844798813276476,-0.505633749399047,,0,0,0,0,0,0,,0.06691919191919188,,,,
2026-07-03,5,SH013,闵行区第2支行,综合支行,闵行区,0,6,17,178,223,137,12.31,37.61,1,0,3,4.485,0.27912000000000003,538,0.6691449814126395,0.0056179775280898875,0.0,0.016853932584269662,10.470588235294118,29.666666666666668,0.7911111111111111,,,,,,,159.36363636363637,10.872727272727273,0.00336487033888859,0.0,2.0,1107.0,0.0018066847335140017,,,,,,,0.11694238448374208,0.13219063545150503,-0.4630744868134366,,0,0,0,0,0,0,,0.11694238448374208,,,,
2026-07-04,6,SH013,闵行区第2支行,综合支行,闵行区,0,6,16,193,242,149,14.8,38.28,1,0,6,4.465,0.24329,584,0.6695205479452054,0.0051813471502590676,0.0,0.031088082901554404,12.0625,32.166666666666664,0.8577777777777778,,,,,,,160.91666666666666,10.9925,0.003552629271322032,0.0,3.0,1122.0,0.00267379679144385,,,,,,,0.19937856033143456,0.34637252672276564,-0.24737522909367457,,0,0,0,0,0,0,,0.19937856033143456,,,,
2026-07-05,7,SH013,闵行区第2支行,综合支行,闵行区,0,6,15,57,72,44,1.33,2.8200000000000003,1,0,4,4.63,0.26041000000000003,173,0.6705202312138728,0.017543859649122806,0.0,0.07017543859649122,3.8,9.5,0.25333333333333335,,,,,,,163.3846153846154,11.285384615384617,0.0036779152620094965,0.0,4.0,1126.0,0.003552397868561279,,,,,,,-0.6511299435028248,-0.8821484561379592,-0.034127320644042995,,0,0,0,0,0,0,,-0.6511299435028248,,,,
2026-07-06,1,SH013,闵行区第2支行,综合支行,闵行区,0,6,17,199,251,154,17.76,52.73,1,0,5,4.412,0.26213000000000003,604,0.6705298013245033,0.005025125628140704,0.0,0.02512562814070352,11.705882352941176,33.166666666666664,0.8844444444444444,181.5,14.145,0.0,0.0,0.669688355233949,0.283025,155.78571428571428,10.574285714285713,0.004668339861089018,0.0,5.0,1140.0,0.0043859649122807015,0.09641873278236915,0.2555673382820786,,,0.0012564741255810166,-0.07382740040632452,0.27739569005043563,0.6795460686301004,-0.060487230409665395,0.0,0,0,0,0,1,0,0.09641873278236915,0.27739569005043563,,0.669688355233949,14.145,0.283025
2026-07-07,2,SH013,闵行区第2支行,综合支行,闵行区,0,6,15,187,235,144,14.02,28.05,2,0,8,4.471,0.26013000000000003,566,0.6696113074204947,0.0106951871657754,0.0,0.0427807486631016,12.466666666666667,31.166666666666668,0.8311111111111111,169.5,11.745000000000001,0.005903866248693835,0.0,0.6708680936803142,0.26616500000000004,158.66666666666666,11.053333333333335,0.0046921255788924645,0.0,6.0,1153.0,0.005203816131830009,0.10324483775811209,0.19369944657300966,0.8115564809994792,,-0.0018733731290228864,-0.022673905284316162,0.17857142857142863,0.2683956574185764,0.10905303882730359,0.0,0,0,0,0,2,0,0.10324483775811209,0.17857142857142863,,0.6708680936803142,11.745000000000001,0.26616500000000004
2026-07-08,3,SH013,闵行区第2支行,综合支行,闵行区,0,6,17,181,228,139,13.1,32.21,2,0,4,4.5440000000000005,0.28164,548,0.6697080291970803,0.011049723756906077,0.0,0.022099447513812154,10.647058823529411,30.166666666666668,0.8044444444444445,165.0,10.64,0.0,0.0,0.6696622001123325,0.26222,160.4375,11.23875,0.005067316928072647,0.0,8.0,1164.0,0.006872852233676976,0.09696969696969697,0.23120300751879688,,,6.843612307836624e-05,0.07405994966059032,0.12816517335410985,0.1656100544989434,0.3563099232261882,0.0,0,0,0,0,3,0,0.09696969696969697,0.12816517335410985,,0.6696622001123325,10.64,0.26222
2026-07-09,4,SH013,闵行区第2支行,综合支行,闵行区,0,6,16,178,224,137,12.23,36.63,0,0,6,4.55,0.26355,539,0.6697588126159555,0.0,0.0,0.033707865168539325,11.125,29.666666666666668,0.7911111111111111,163.0,10.55,0.009554140127388535,0.0,0.6700449711134453,0.263475,161.64705882352942,11.348235294117648,0.005419223212121673,0.0,8.0,1173.0,0.0068201193520886615,0.09202453987730061,0.1592417061611374,-1.0,,-0.0004270735694266683,0.0002846569883290321,0.10116448326055308,0.07770060128550686,0.25850497112454723,0.0,0,0,0,1,4,0,0.09202453987730061,0.10116448326055308,,0.6700449711134453,10.55,0.263475
2026-07-10,5,SH013,闵行区第2支行,综合支行,闵行区,0,6,16,185,232,142,13.55,36.22,0,0,2,4.436,0.27992,559,0.669051878354204,0.0,0.0,0.010810810810810811,11.5625,30.833333333333332,0.8222222222222222,171.0,11.645,0.005857769251849822,0.0,0.6699138561681671,0.26921000000000006,162.55555555555554,11.397222222222222,0.005118155255892691,0.0,7.0,1180.0,0.005932203389830509,0.08187134502923976,0.16358952340060123,-1.0,,-0.0012866994853540578,0.039783068979606775,0.13807245386192762,0.18888618084328548,0.15905108251661162,0.0,0,0,0,1,5,0,0.08187134502923976,0.13807245386192762,,0.6699138561681671,11.645,0.26921000000000006
2026-07-11,6,SH013,闵行区第2支行,综合支行,闵行区,0,6,16,198,249,152,16.43,36.4,3,0,11,4.382,0.27509,599,0.669449081803005,0.015151515151515152,0.0,0.05555555555555555,12.375,33.0,0.88,185.5,13.765,0.0025906735751295338,0.0,0.6696396802805804,0.25454,163.73684210526315,11.510526315789475,0.004848778663477286,0.0,9.0,1185.0,0.007594936708860759,0.0673854447439353,0.1936069742099527,4.848484848484849,,-0.00028462841015566576,0.08073387286870438,0.2092574734811958,0.42738911751257413,0.5663607757698874,0.0,0,0,0,1,5,0,0.0673854447439353,0.2092574734811958,,0.6696396802805804,13.765,0.25454
2026-07-12,7,SH013,闵行区第2支行,综合支行,闵行区,0,6,17,58,73,45,2.06,4.64,3,0,7,4.269,0.27192,176,0.6704545454545454,0.05172413793103448,0.0,0.1206896551724138,3.411764705882353,9.666666666666666,0.2577777777777778,55.0,1.53,0.008771929824561403,0.0,0.6696351156069364,0.26583,165.45,11.756499999999999,0.00536391548787918,0.0,11.0,1186.0,0.00927487352445194,0.05454545454545454,0.3464052287581699,4.8965517241379315,,0.0012236960525378957,0.02290937817402093,-0.6494409187065578,-0.824777782503296,0.7291237241545541,0.0,0,0,0,1,5,0,0.05454545454545454,-0.6494409187065578,,0.6696351156069364,1.53,0.26583
2026-07-13,1,SH013,闵行区第2支行,综合支行,闵行区,0,6,15,199,251,154,17.82,35.88,0,0,2,4.338,0.26322,604,0.6705298013245033,0.0,0.0,0.010050251256281407,13.266666666666667,33.166666666666664,0.8844444444444444,185.0,14.89,0.0,0.0,0.6702317290552585,0.28028000000000003,160.33333333333334,11.294761904761904,0.0075715451280294315,0.0,10.0,1186.0,0.008431703204047217,0.07567567567567568,0.1967763599731363,,,0.00044473016767646354,-0.06086770372484664,0.2411642411642411,0.5777225009486068,0.11360403477402903,0.0,0,0,0,1,5,0,0.07567567567567568,0.2411642411642411,,0.6702317290552585,14.89,0.28028000000000003
2026-07-14,2,SH013,闵行区第2支行,综合支行,闵行区,0,6,16,184,232,142,13.77,28.41,1,0,2,4.348,0.26036000000000004,558,0.6702508960573477,0.005434782608695652,0.0,0.010869565217391304,11.5,30.666666666666668,0.8177777777777778,174.0,12.71,0.006060606060606061,0.0,0.6706586826347305,0.26380000000000003,161.33333333333334,11.505238095238095,0.0075715451280294315,0.0,9.0,1183.0,0.0076077768385460695,0.05747126436781609,0.08339889850511398,-0.10326086956521742,,-0.0006080389144904687,-0.013040181956027286,0.14049586776859496,0.19684615702992425,0.004785246591545793,0.0,0,0,0,1,4,0,0.05747126436781609,0.14049586776859496,,0.6706586826347305,12.71,0.26380000000000003
2026-07-15,3,SH013,闵行区第2支行,综合支行,闵行区,0,6,17,176,222,136,12.26,38.99,0,0,5,4.548,0.27443,534,0.6704119850187266,0.0,0.0,0.028409090909090908,10.352941176470589,29.333333333333332,0.7822222222222222,170.0,11.42,0.0,0.0,0.6697080291970803,0.26324000000000003,162.23809523809524,11.647619047619047,0.007541744011271793,0.0,7.0,1178.0,0.005942275042444821,0.03529411764705882,0.07355516637478107,,,0.0010511383930849158,0.042508737273970434,0.08482535955385968,0.05257563368765334,-0.2120821081219975,0.0,0,0,0,0,3,0,0.03529411764705882,0.08482535955385968,,0.6697080291970803,11.42,0.26324000000000003
2026-07-16,4,SH013,闵行区第2支行,综合支行,闵行区,0,6,16,171,216,132,11.54,27.69,0,0,2,4.532,0.26458000000000004,519,0.6705202312138728,0.0,0.0,0.011695906432748537,10.6875,28.5,0.76,169.0,11.74,0.0,0.0,0.669921875,0.26355,163.0,11.761904761904763,0.007541744011271793,0.0,7.0,1171.0,0.005977796754910333,0.011834319526627219,-0.017035775127768403,,,0.0008931731239151288,0.003908176816543468,0.049079754601226995,-0.018866396761133747,-0.2073720951047934,0.0,0,0,0,0,2,0,0.011834319526627219,0.049079754601226995,,0.669921875,11.74,0.26355
2026-07-17,5,SH013,闵行区第2支行,综合支行,闵行区,0,6,15,176,222,136,11.98,31.29,2,0,6,4.455,0.25923,534,0.6704119850187266,0.011363636363636364,0.0,0.03409090909090909,11.733333333333333,29.333333333333332,0.7822222222222222,178.0,12.31,0.0056179775280898875,0.0,0.6691449814126395,0.27912000000000003,163.66666666666666,11.865714285714287,0.006631825903901456,0.0,9.0,1162.0,0.00774526678141136,-0.011235955056179775,-0.026807473598700247,1.022727272727273,,0.0018934665002079644,-0.07125967325881347,0.07535641547861513,0.009631591620515256,0.16789356259410762,0.0,0,0,0,0,1,0,-0.011235955056179775,0.07535641547861513,,0.6691449814126395,12.31,0.27912000000000003
2026-07-18,6,SH013,闵行区第2支行,综合支行,闵行区,0,6,14,188,236,145,14.65,39.1,2,0,6,4.377,0.27977,569,0.6695957820738138,0.010638297872340425,0.0,0.031914893617021274,13.428571428571429,31.333333333333332,0.8355555555555555,193.0,14.8,0.0051813471502590676,0.0,0.6695205479452054,0.26579,164.23809523809524,11.913333333333334,0.006882591398569391,0.0,8.0,1152.0,0.006944444444444444,-0.025906735751295335,-0.010135135135135158,1.053191489361702,,0.00011237015628455822,0.052597915647691756,0.1446796172803711,0.22971460548405145,0.008986883325357686,0.0,0,0,0,0,0,0,-0.025906735751295335,0.1446796172803711,,0.6695205479452054,14.8,0.26579
2026-07-19,7,SH013,闵行区第2支行,综合支行,闵行区,0,6,16,55,69,42,1.9300000000000002,4.71,0,0,1,4.655,0.26811,166,0.6686746987951807,0.0,0.0,0.01818181818181818,3.4375,9.166666666666666,0.24444444444444444,57.0,1.73,0.017543859649122806,0.0,0.6704545454545454,0.27125000000000005,164.71428571428572,12.004761904761905,0.007389177011537982,0.0,5.0,1149.0,0.004351610095735422,-0.03508771929824561,0.11560693641618508,-1.0,,-0.0026546865427812525,-0.011576036866359562,-0.6660884648742411,-0.839230464101547,-0.411083252040043,0.0,0,0,0,0,0,0,-0.03508771929824561,-0.6660884648742411,,0.6704545454545454,1.73,0.27125000000000005
2026-07-20,1,SH013,闵行区第2支行,综合支行,闵行区,0,6,16,189,237,145,14.94,34.73,1,0,3,4.534,0.26925000000000004,571,0.6690017513134852,0.005291005291005291,0.0,0.015873015873015872,11.8125,31.5,0.84,192.0,16.325000000000003,0.0,0.0,0.670380765189881,0.27175000000000005,164.8095238095238,12.014285714285714,0.007389177011537982,0.0,6.0,1139.0,0.0052677787532923615,-0.015625,-0.08483920367534475,,,-0.002057060625844825,-0.009199632014719418,0.1467783877492055,0.2435196195005945,-0.2870953361833286,0.0,0,0,0,0,0,0,-0.015625,0.1467783877492055,,0.670380765189881,16.325000000000003,0.27175000000000005
2026-07-21,2,SH013,闵行区第2支行,综合支行,闵行区,0,6,15,175,220,135,11.93,32.33,1,0,5,4.433,0.27363000000000004,530,0.6698113207547169,0.005714285714285714,0.0,0.02857142857142857,11.666666666666666,29.166666666666668,0.7777777777777778,179.0,13.24,0.005903866248693835,0.0,0.6704547893460391,0.26208000000000004,165.0,12.016666666666667,0.0076411296444429955,0.0,6.0,1130.0,0.005309734513274336,-0.0223463687150838,-0.09894259818731121,-0.032111251580278194,,-0.0009597494141995419,0.04407051282051283,0.06060606060606061,-0.00721220527045779,-0.30511131725976726,0.0,0,0,0,0,0,0,-0.0223463687150838,0.06060606060606061,,0.6704547893460391,13.24,0.26208000000000004
2026-07-22,3,SH013,闵行区第2支行,综合支行,闵行区,0,6,15,168,212,130,11.72,28.25,0,0,1,4.5600000000000005,0.27182,510,0.6705882352941176,0.0,0.0,0.005952380952380952,11.2,28.0,0.7466666666666667,173.0,11.84,0.0,0.0,0.6698054709092198,0.26883500000000005,165.04761904761904,11.979523809523808,0.007639565800514619,0.0,6.0,1122.0,0.0053475935828877,-0.028901734104046242,-0.01013513513513507,,,0.0011686443585407224,0.011103464950620118,0.017888055395268387,-0.02166395039154097,-0.3000134140440974,0.0,0,0,0,0,0,0,-0.028901734104046242,0.017888055395268387,,0.6698054709092198,11.84,0.26883500000000005
2026-07-23,4,SH013,闵行区第2支行,综合支行,闵行区,0,6,15,165,207,127,11.16,35.59,0,0,5,4.445,0.27413000000000004,499,0.6693386773547094,0.0,0.0,0.030303030303030304,11.0,27.5,0.7333333333333333,170.0,11.64,0.0,0.0,0.6700449711134453,0.264065,164.95238095238096,11.993809523809523,0.007639565800514619,0.0,6.0,1116.0,0.005376344086021506,-0.029411764705882353,-0.04123711340206189,,,-0.0010540990369082165,0.03811561547346315,0.00028868360277129693,-0.06951999047127476,-0.2962500453023989,0.0,0,0,0,0,0,0,-0.029411764705882353,0.00028868360277129693,,0.6700449711134453,11.64,0.264065
2026-07-24,5,SH013,闵行区第2支行,综合支行,闵行区,0,6,15,171,216,132,11.62,36.04,1,0,4,4.508,0.27433,519,0.6705202312138728,0.005847953216374269,0.0,0.023391812865497075,11.4,28.5,0.76,177.0,12.145,0.005857769251849822,0.0,0.669778483215683,0.26921000000000006,164.76190476190476,11.966190476190476,0.007639565800514619,0.0,5.0,1111.0,0.004500450045004501,-0.03389830508474576,-0.0432276657060519,-0.0016757292842242658,,0.0011074527127664755,0.019018610007057526,0.037861271676300594,-0.028930717497711898,-0.4109023781559235,0.0,0,0,0,0,0,0,-0.03389830508474576,0.037861271676300594,,0.669778483215683,12.145,0.26921000000000006
2026-07-25,6,SH013,闵行区第2支行,综合支行,闵行区,0,6,16,185,233,143,14.28,35.52,0,0,4,4.328,0.27256,561,0.6702317290552585,0.0,0.0,0.021621621621621623,11.5625,30.833333333333332,0.8222222222222222,190.5,14.725000000000001,0.007909822511299746,0.0,0.6695581650095096,0.27044,164.42857142857142,11.933333333333334,0.007650517023766257,0.0,3.0,1108.0,0.002707581227436823,-0.028871391076115485,-0.03022071307300523,-1.0,,0.0010059828719127838,0.007839077059606606,0.12510860121633371,0.19664804469273736,-0.6460917322285868,0.0,0,0,0,0,0,0,-0.028871391076115485,0.12510860121633371,,0.6695581650095096,14.725000000000001,0.27044
2026-07-26,7,SH013,闵行区第2支行,综合支行,闵行区,0,6,14,55,69,42,1.5,3.54,1,0,1,4.545,0.27269000000000004,166,0.6686746987951807,0.01818181818181818,0.0,0.01818181818181818,3.9285714285714284,9.166666666666666,0.24444444444444444,56.0,1.83,0.008771929824561403,0.0,0.6696022727272727,0.26968000000000003,164.04761904761904,11.908571428571427,0.007403786207087253,0.0,4.0,1108.0,0.0036101083032490976,-0.017857142857142856,-0.18032786885245905,1.0727272727272728,,-0.0013852610271377806,0.011161376446158456,-0.6647314949201741,-0.8740403071017274,-0.5123970084666503,0.0,0,0,0,0,0,1,-0.017857142857142856,-0.6647314949201741,,0.6696022727272727,1.83,0.26968000000000003
2026-07-27,1,SH013,闵行区第2支行,综合支行,闵行区,0,6,17,191,240,147,16.6,36.46,1,0,5,4.211,0.27179000000000003,578,0.6695501730103807,0.005235602094240838,0.0,0.02617801047120419,11.235294117647058,31.833333333333332,0.8488888888888888,194.0,16.35,0.002512562814070352,0.0,0.670380765189881,0.266235,163.95238095238096,11.916666666666666,0.007434165184834652,0.0,4.0,1110.0,0.0036036036036036037,-0.015463917525773196,0.015290519877675839,1.0837696335078535,,-0.0012389856968301628,0.02086502525963916,0.16497240778390931,0.3930069930069932,-0.5152645234525074,0.0,0,0,0,0,0,1,-0.015463917525773196,0.16497240778390931,,0.670380765189881,16.35,0.266235
2026-07-28,2,SH013,闵行区第2支行,综合支行,闵行区,0,6,16,180,226,139,12.94,37.14,0,0,8,4.384,0.25394,545,0.6697247706422018,0.0,0.0,0.044444444444444446,11.25,30.0,0.8,179.5,13.24,0.005730706075533661,0.0,0.6700311084060323,0.26444500000000004,163.57142857142858,11.86142857142857,0.0074441878736965636,0.0,3.0,1115.0,0.0026905829596412557,0.002785515320334262,-0.022658610271903377,-1.0,,-0.0004571993150575496,-0.039724706460700865,0.10043668122270734,0.09093098879922926,-0.6385659516804764,0.0,0,0,0,0,0,1,0.002785515320334262,0.10043668122270734,,0.6700311084060323,13.24,0.26444500000000004
2026-07-29,3,SH013,闵行区第2支行,综合支行,闵行区,0,6,15,175,220,135,12.14,26.85,2,0,5,4.601,0.26208000000000004,530,0.6698113207547169,0.011428571428571429,0.0,0.02857142857142857,11.666666666666666,29.166666666666668,0.7777777777777778,173.0,11.99,0.0,0.0,0.6701574488200429,0.273125,163.23809523809524,11.81,0.006934893246754879,0.0,5.0,1122.0,0.004456327985739751,0.011560693641618497,0.012510425354462082,,,-0.0005164876790303551,-0.04043935926773445,0.07205367561260208,0.027942421676545304,-0.35740496253131954,0.0,0,0,0,0,0,1,0.011560693641618497,0.07205367561260208,,0.6701574488200429,11.99,0.273125
2026-07-30,4,SH013,闵行区第2支行,综合支行,闵行区,0,6,15,174,219,134,12.14,35.53,1,1,4,4.587,0.27424000000000004,527,0.6698292220113852,0.005747126436781609,57.47126436781609,0.022988505747126436,11.6,29.0,0.7733333333333333,170.0,11.64,0.0,0.0,0.6698403438079777,0.26473,162.95238095238096,11.764285714285714,0.006952933612072276,0.0,6.0,1131.0,0.005305039787798408,0.023529411764705882,0.0429553264604811,,,-1.6603652938170562e-05,0.03592339364635673,0.06779661016949146,0.031936854887674615,-0.23700698384530153,57.47126436781609,0,0,0,0,0,1,0.023529411764705882,0.06779661016949146,,0.6698403438079777,11.64,0.26473
2026-07-31,5,SH013,闵行区第2支行,综合支行,闵行区,0,6,16,183,230,141,13.88,38.76,1,0,4,4.451,0.26496000000000003,554,0.6696750902527075,0.00546448087431694,0.0,0.02185792349726776,11.4375,30.5,0.8133333333333334,177.0,12.145,0.005732965372232078,0.0,0.669778483215683,0.276725,162.76190476190476,11.76,0.007226606299538067,2.736726874657909,6.0,1143.0,0.005249343832020997,0.03389830508474576,0.14285714285714296,-0.046831697120578664,,-0.00015436889294958485,-0.0425151323516125,0.12434172030427153,0.1802721088435375,-0.27360871556590244,0.0,0,0,0,0,1,0,0.03389830508474576,0.12434172030427153,,0.669778483215683,12.145,0.276725
2026-08-01,6,SH013,闵行区第2支行,综合支行,闵行区,0,6,16,196,247,152,16.34,33.36,2,0,10,4.413,0.26442000000000004,595,0.6705882352941176,0.01020408163265306,0.0,0.05102040816326531,12.25,32.666666666666664,0.8711111111111111,190.5,14.725000000000001,0.007909822511299746,0.0,0.6695581650095096,0.273825,162.66666666666666,11.775714285714285,0.00748681967450554,2.736726874657909,8.0,1154.0,0.006932409012131715,0.028871391076115485,0.10967741935483859,0.2900519092654483,,0.0015384328628019464,-0.034346754313886396,0.2049180327868853,0.3876016013587287,-0.07405155813512238,0.0,0,0,0,0,1,0,0.028871391076115485,0.2049180327868853,,0.6695581650095096,14.725000000000001,0.273825
2026-08-02,7,SH013,闵行区第2支行,综合支行,闵行区,0,6,16,58,73,45,2.36,6.72,0,0,1,4.579,0.25194,176,0.6704545454545454,0.0,0.0,0.017241379310344827,3.625,9.666666666666666,0.2577777777777778,56.0,1.715,0.017862838915470493,0.0,0.669564622124863,0.270015,162.57142857142858,11.771428571428572,0.007251227602178774,2.736726874657909,7.0,1157.0,0.006050129645635264,0.03571428571428571,0.37609329446064127,-1.0,,0.0013291074532257034,-0.06694072551524918,-0.6432337434094904,-0.7995145631067961,-0.1656406366533877,0.0,0,0,0,0,2,0,0.03571428571428571,-0.6432337434094904,,0.669564622124863,1.715,0.270015
2026-08-03,1,SH013,闵行区第2支行,综合支行,闵行区,0,6,17,205,257,158,18.88,43.04,1,0,9,4.305,0.25114000000000003,620,0.6693548387096774,0.004878048780487805,0.0,0.04390243902439024,12.058823529411764,34.166666666666664,0.9111111111111111,195.0,17.18,0.00513036386119077,0.0,0.6700399871674421,0.266235,162.57142857142858,11.785714285714286,0.004788173414986656,2.736726874657909,7.0,1171.0,0.005977796754910333,0.05128205128205128,0.09895227008149006,-0.049180737961225726,,-0.001022548610361468,-0.05669802993595872,0.2609841827768013,0.6019393939393938,0.24845034563707258,0.0,0,0,0,0,2,0,0.05128205128205128,0.2609841827768013,,0.6700399871674421,17.18,0.266235
2026-08-04,2,SH013,闵行区第2支行,综合支行,闵行区,0,6,16,193,243,149,15.36,31.57,2,0,2,4.334,0.27065,585,0.67008547008547,0.010362694300518135,0.0,0.010362694300518135,12.0625,32.166666666666664,0.8577777777777778,182.0,13.355,0.005574534161490683,0.0,0.6697680456984594,0.26024500000000006,162.85714285714286,11.836190476190476,0.005020461452152742,2.736726874657909,9.0,1184.0,0.007601351351351352,0.06043956043956044,0.15013103706476966,0.8589345764717771,,0.0004739318172153678,0.03998155584161056,0.18508771929824558,0.29771483746379146,0.5140742387518862,0.0,0,0,0,0,3,0,0.06043956043956044,0.18508771929824558,,0.6697680456984594,13.355,0.26024500000000006
2026-08-05,3,SH013,闵行区第2支行,综合支行,闵行区,0,6,16,187,236,145,13.35,41.34,1,0,8,4.277,0.26301,568,0.670774647887324,0.0053475935828877,0.0,0.0427807486631016,11.6875,31.166666666666668,0.8311111111111111,175.5,12.2,0.0055248618784530384,0.0,0.6701116528867217,0.273125,163.28571428571428,11.911904761904761,0.005255123913668098,2.736726874657909,8.0,1196.0,0.006688963210702341,0.06552706552706553,0.09426229508196725,-0.03208556149732622,,0.0009893799007168896,-0.037034324942791706,0.14523184601924766,0.12072756346192287,0.2728459538898707,0.0,0,0,0,0,2,0,0.06552706552706553,0.14523184601924766,,0.6701116528867217,12.2,0.273125
2026-08-06,4,SH013,闵行区第2支行,综合支行,闵行区,0,6,16,185,233,143,14.26,44.46,1,0,3,4.294,0.26322,561,0.6702317290552585,0.005405405405405406,0.0,0.016216216216216217,11.5625,30.833333333333332,0.8222222222222222,172.5,11.84,0.0,0.0,0.6697940173136703,0.269355,163.8095238095238,11.963809523809525,0.0055097712271389414,2.736726874657909,8.0,1207.0,0.006628003314001657,0.07246376811594203,0.20439189189189189,,,0.0006535020174467435,-0.022776633067884397,0.12936046511627916,0.19192803693679336,0.20295435885881227,0.0,0,0,0,0,3,0,0.07246376811594203,0.12936046511627916,,0.6697940173136703,11.84,0.269355
2026-08-07,5,SH013,闵行区第2支行,综合支行,闵行区,0,6,16,194,244,149,15.16,41.32,2,0,4,4.383,0.2728,587,0.6695059625212947,0.010309278350515464,0.0,0.020618556701030927,12.125,32.333333333333336,0.8622222222222223,179.5,12.765,0.005656217045345604,0.0,0.670043537635717,0.269645,164.47619047619048,12.093333333333332,0.0057671714845391985,2.736726874657909,9.0,1218.0,0.007389162561576354,0.0807799442896936,0.18762240501370933,0.8226454656648613,,-0.0008022987824331217,0.011700569266999066,0.17950202663578455,0.25358324145534744,0.2812455085452959,0.0,0,0,0,0,3,0,0.0807799442896936,0.17950202663578455,,0.670043537635717,12.765,0.269645
2026-08-08,6,SH013,闵行区第2支行,综合支行,闵行区,0,6,17,209,263,161,17.56,46.74,0,0,7,4.366,0.25061,633,0.669826224328594,0.0,0.0,0.03349282296650718,12.294117647058824,34.833333333333336,0.928888888888889,192.0,15.495000000000001,0.010421189752496743,0.0,0.6699137555645361,0.273825,165.33333333333334,12.244761904761905,0.005716963960104869,2.736726874657909,7.0,1231.0,0.005686433793663688,0.08854166666666667,0.13326879638593078,-1.0,,-0.0001306604547452854,-0.08478042545421341,0.2641129032258064,0.43408260091778783,-0.0053402761770464414,0.0,0,0,0,1,4,0,0.08854166666666667,0.2641129032258064,,0.6699137555645361,15.495000000000001,0.273825
2026-08-09,7,SH013,闵行区第2支行,综合支行,闵行区,0,6,16,61,77,47,2.14,4.42,0,0,0,4.589,0.27978000000000003,185,0.6702702702702703,0.0,0.0,0.0,3.8125,10.166666666666666,0.2711111111111111,56.5,1.995,0.00909090909090909,0.0,0.669564622124863,0.270015,166.33333333333334,12.383333333333335,0.005210378347136278,2.736726874657909,7.0,1234.0,0.005672609400324149,0.07964601769911504,0.07268170426065164,-1.0,,0.0010538910242418819,0.03616465751902681,-0.6332665330661322,-0.8271870794078061,0.08871352949674415,0.0,0,0,0,0,3,0,0.07964601769911504,-0.6332665330661322,,0.669564622124863,1.995,0.270015
2026-08-10,1,SH013,闵行区第2支行,综合支行,闵行区,0,6,17,213,267,164,20.55,43.09,1,0,1,4.32,0.2858,644,0.6692546583850931,0.004694835680751174,0.0,0.004694835680751174,12.529411764705882,35.5,0.9466666666666667,195.0,17.21,0.005056825437364321,0.0,0.669452505860029,0.266235,166.61904761904762,12.393333333333333,0.005210378347136278,2.736726874657909,7.0,1242.0,0.005636070853462158,0.09230769230769231,0.19407321324811155,-0.07158438848579686,,-0.00029553623775256085,0.07348770822769357,0.27836524721348954,0.6581495427649275,0.08170088196375382,0.0,0,0,0,1,4,0,0.09230769230769231,0.27836524721348954,,0.669452505860029,17.21,0.266235
2026-08-11,2,SH013,闵行区第2支行,综合支行,闵行区,0,6,15,198,249,152,16.48,46.81,0,0,2,4.378,0.26080000000000003,599,0.669449081803005,0.0,0.0,0.010101010101010102,13.2,33.0,0.88,182.0,13.355,0.005574534161490683,0.0,0.6699483954200935,0.265505,167.76190476190476,12.66047619047619,0.005181989318076559,2.736726874657909,5.0,1247.0,0.00400962309542903,0.08791208791208792,0.2339947585174092,-1.0,,-0.0007453016090522192,-0.017720946874823295,0.18024411013340905,0.30168879527588677,-0.2262386413182893,0.0,0,0,0,1,4,0,0.08791208791208792,0.18024411013340905,,0.6699483954200935,13.355,0.265505
2026-08-12,3,SH013,闵行区第2支行,综合支行,闵行区,0,6,16,190,239,146,14.79,38.5,0,0,5,4.421,0.26061,575,0.6695652173913044,0.0,0.0,0.02631578947368421,11.875,31.666666666666668,0.8444444444444444,175.5,12.2,0.00267379679144385,0.0,0.6705001101564221,0.267415,168.85714285714286,12.877142857142857,0.004909880474539143,2.736726874657909,4.0,1250.0,0.0032,0.08262108262108261,0.2122950819672131,-1.0,,-0.0013943215682688094,-0.025447338406596506,0.1252115059221658,0.14854670512536047,-0.34825297344934614,0.0,0,0,0,1,4,0,0.08262108262108261,0.1252115059221658,,0.6705001101564221,12.2,0.267415
2026-08-13,4,SH013,闵行区第2支行,综合支行,闵行区,0,6,16,185,233,143,13.19,28.47,1,0,8,4.431,0.26483,561,0.6702317290552585,0.005405405405405406,0.0,0.043243243243243246,11.5625,30.833333333333332,0.8222222222222222,172.5,11.84,0.002702702702702703,0.0,0.6700304755333218,0.269355,169.9047619047619,13.023333333333333,0.004909880474539143,2.736726874657909,4.0,1250.0,0.0032,0.07246376811594203,0.11402027027027024,1.0,,0.0003003647285990713,-0.01679939113808914,0.08884529147982068,0.012797542871768574,-0.34825297344934614,0.0,0,0,0,0,3,0,0.07246376811594203,0.08884529147982068,,0.6700304755333218,11.84,0.269355
2026-08-14,5,SH013,闵行区第2支行,综合支行,闵行区,0,6,17,191,240,147,14.56,37.15,1,0,6,4.513,0.25314000000000003,578,0.6695501730103807,0.005235602094240838,0.0,0.031413612565445025,11.235294117647058,31.833333333333332,0.8488888888888888,179.5,12.93,0.008078615783444865,0.0,0.670043537635717,0.26888,170.85714285714286,13.120000000000001,0.005167280731939401,2.736726874657909,3.0,1247.0,0.0024057738572574178,0.06406685236768803,0.12606341840680593,-0.35191841837930754,,-0.0007363172654081506,-0.058539125260339095,0.11789297658862874,0.10975609756097557,-0.5344216848163241,0.0,0,0,0,1,4,0,0.06406685236768803,0.11789297658862874,,0.670043537635717,12.93,0.26888
2026-08-15,6,SH013,闵行区第2支行,综合支行,闵行区,0,6,16,203,256,157,17.2,38.88,2,0,8,4.307,0.26742000000000005,616,0.6704545454545454,0.009852216748768473,0.0,0.03940886699507389,12.6875,33.833333333333336,0.9022222222222223,192.0,15.495000000000001,0.00510204081632653,0.0,0.6700289766919263,0.26849,171.8095238095238,13.260000000000002,0.005138121154694951,2.736726874657909,5.0,1241.0,0.0040290088638195,0.057291666666666664,0.1100354953210712,0.9310344827586209,,0.0006351497881781832,-0.003985250847331223,0.1815410199556542,0.2971342383107087,-0.2158595053489545,0.0,0,0,0,0,3,0,0.057291666666666664,0.1815410199556542,,0.6700289766919263,15.495000000000001,0.26849
2026-08-16,7,SH013,闵行区第2支行,综合支行,闵行区,0,6,15,59,74,46,1.28,2.64,1,0,5,4.55,0.26959,179,0.6703910614525139,0.01694915254237288,0.0,0.0847457627118644,3.933333333333333,9.833333333333334,0.26222222222222225,56.5,2.035,0.0,0.0,0.6694724845327256,0.27040000000000003,172.66666666666666,13.399047619047618,0.005607274333207736,2.736726874657909,6.0,1239.0,0.004842615012106538,0.04424778761061947,-0.371007371007371,,,0.0013720906250979138,-0.0029955621301776363,-0.6583011583011583,-0.9044708223754354,-0.13636916542011995,0.0,0,0,0,0,2,1,0.04424778761061947,-0.6583011583011583,,0.6694724845327256,2.035,0.27040000000000003
2026-08-17,1,SH013,闵行区第2支行,综合支行,闵行区,0,6,16,203,256,157,18.45,58.41,1,0,4,4.295,0.26807000000000003,616,0.6704545454545454,0.0049261083743842365,0.0,0.019704433497536946,12.6875,33.833333333333336,0.9022222222222223,198.0,17.740000000000002,0.005056825437364321,0.0,0.6693047485473853,0.27052000000000004,172.85714285714286,13.388571428571428,0.0055485759694246265,2.736726874657909,6.0,1229.0,0.004882017900732303,0.025252525252525252,0.040022547914317766,-0.025849629297905095,,0.001717897429617149,-0.00905663167233479,0.17438016528925618,0.3780409731113957,-0.12013137647666455,0.0,0,0,0,0,1,1,0.025252525252525252,0.17438016528925618,,0.6693047485473853,17.740000000000002,0.27052000000000004
2026-08-18,2,SH013,闵行区第2支行,综合支行,闵行区,0,6,16,188,236,145,14.19,35.66,4,0,9,4.364,0.2582,569,0.6695957820738138,0.02127659574468085,0.0,0.047872340425531915,11.75,31.333333333333332,0.8355555555555555,186.5,14.149999999999999,0.002857142857142857,0.0,0.6697680456984594,0.265725,173.42857142857142,13.476666666666667,0.005533838173240979,2.736726874657909,10.0,1219.0,0.008203445447087777,0.00804289544235925,0.002826855123674977,6.446808510638298,,-0.00025719892991606645,-0.02831875058801394,0.08401976935749596,0.05293099183774422,0.4824151321872321,0.0,0,0,0,0,1,1,0.00804289544235925,0.08401976935749596,,0.6697680456984594,14.149999999999999,0.265725
2026-08-19,3,SH013,闵行区第2支行,综合支行,闵行区,0,6,16,180,226,138,13.34,32.47,2,0,16,4.506,0.28366,544,0.6691176470588235,0.011111111111111112,0.0,0.08888888888888889,11.25,30.0,0.8,181.0,12.745000000000001,0.00267379679144385,0.0,0.6701997780244173,0.26254500000000003,173.8095238095238,13.536190476190475,0.006547009399178162,2.736726874657909,12.0,1209.0,0.009925558312655087,-0.0055248618784530384,0.04668497449980375,3.155555555555556,,-0.0016146393972013766,0.08042430821382998,0.035616438356164466,-0.014493773306128116,0.5160446102156245,0.0,0,0,0,0,0,1,-0.0055248618784530384,0.035616438356164466,,0.6701997780244173,12.745000000000001,0.26254500000000003
2026-08-20,4,SH013,闵行区第2支行,综合支行,闵行区,0,6,15,175,220,135,12.35,35.06,0,0,2,4.491,0.25595,530,0.6698113207547169,0.0,0.0,0.011428571428571429,11.666666666666666,29.166666666666668,0.7777777777777778,179.5,12.665,0.005405405405405406,0.0,0.6700304755333218,0.26948000000000005,174.04761904761904,13.593333333333332,0.006531892241203862,2.736726874657909,11.0,1199.0,0.009174311926605505,-0.025069637883008356,-0.024871693643900475,-1.0,,-0.00032708180688417504,-0.05020780762950883,0.005471956224350268,-0.09146640510053941,0.40454122447596164,0.0,0,0,0,0,0,1,-0.025069637883008356,0.005471956224350268,,0.6700304755333218,12.665,0.26948000000000005
2026-08-21,5,SH013,闵行区第2支行,综合支行,闵行区,0,6,15,181,228,139,12.77,39.05,1,0,4,4.468,0.25893,548,0.6697080291970803,0.0055248618784530384,0.0,0.022099447513812154,12.066666666666666,30.166666666666668,0.8044444444444445,187.0,14.22,0.005656217045345604,0.0,0.669612631631544,0.26888,174.0952380952381,13.603333333333332,0.006258219553738072,0.0,11.0,1189.0,0.009251471825063078,-0.03208556149732621,-0.10196905766526027,-0.02322314823485339,,0.0001424667950241398,-0.03700535554894382,0.03966083150984678,-0.061259495221759296,0.4782913487809993,0.0,0,0,0,0,0,0,-0.03208556149732621,0.03966083150984678,,0.669612631631544,14.22,0.26888
2026-08-22,6,SH013,闵行区第2支行,综合支行,闵行区,0,6,17,194,244,149,15.47,41.43,1,0,8,4.419,0.22394000000000003,587,0.6695059625212947,0.005154639175257732,0.0,0.041237113402061855,11.411764705882353,32.333333333333336,0.8622222222222223,199.5,16.77,0.0049261083743842365,0.0,0.670343137254902,0.26592000000000005,174.0,13.550476190476191,0.006261094839649313,0.0,10.0,1180.0,0.00847457627118644,-0.02756892230576441,-0.07751937984496118,0.046391752577319555,,-0.0012488749225294104,-0.15786702767749702,0.11494252873563218,0.1416572954737138,0.35352945263181895,0.0,0,0,0,0,0,0,-0.02756892230576441,0.11494252873563218,,0.670343137254902,16.77,0.26592000000000005
2026-08-23,7,SH013,闵行区第2支行,综合支行,闵行区,0,6,16,57,71,44,1.81,4.21,0,0,2,4.5600000000000005,0.26864000000000005,172,0.6686046511627907,0.0,0.0,0.03508771929824561,3.5625,9.5,0.25333333333333335,58.5,1.82,0.00847457627118644,0.0,0.6703306658613921,0.27114000000000005,173.9047619047619,13.50904761904762,0.006020645198820964,0.0,9.0,1178.0,0.007640067911714771,-0.02564102564102564,-0.005494505494505499,-1.0,,-0.002574870562401437,-0.009220328981338061,-0.6722343921139102,-0.8660157213860199,0.26897826718155426,0.0,0,0,0,0,0,0,-0.02564102564102564,-0.6722343921139102,,0.6703306658613921,1.82,0.27114000000000005
2026-08-24,1,SH013,闵行区第2支行,综合支行,闵行区,0,6,16,197,248,152,17.25,52.49,1,0,2,4.234,0.26343,597,0.6700167504187605,0.005076142131979695,0.0,0.01015228426395939,12.3125,32.833333333333336,0.8755555555555556,204.0,18.665,0.004902078577436021,0.0,0.669452505860029,0.26993,173.85714285714286,13.482857142857142,0.006020645198820964,0.0,9.0,1172.0,0.007679180887372013,-0.03431372549019608,-0.07581034020894718,0.035508111874191214,,0.0008428447930098133,-0.02408031711925316,0.13311421528348394,0.2794024157660522,0.2754747429521082,0.0,0,0,0,0,0,0,-0.03431372549019608,0.13311421528348394,,0.669452505860029,18.665,0.26993
2026-08-25,2,SH013,闵行区第2支行,综合支行,闵行区,0,6,16,185,232,142,14.01,29.59,2,0,4,4.435,0.26097000000000004,559,0.669051878354204,0.010810810810810811,0.0,0.021621621621621623,11.5625,30.833333333333332,0.8222222222222222,190.5,14.774999999999999,0.0051813471502590676,0.0,0.6696602763580077,0.2595,173.47619047619048,13.405238095238095,0.006030078215558674,0.0,7.0,1169.0,0.005988023952095809,-0.028871391076115485,-0.05177664974619282,1.0864864864864865,,-0.0009085173860282686,0.005664739884393167,0.06642876749931372,0.04511385030727147,-0.006974082583930249,0.0,0,0,0,0,0,0,-0.028871391076115485,0.06642876749931372,,0.6696602763580077,14.774999999999999,0.2595
2026-08-26,3,SH013,闵行区第2支行,综合支行,闵行区,0,6,16,179,225,138,11.99,37.75,0,1,2,4.498,0.25532000000000005,542,0.6697416974169742,0.0,55.865921787709496,0.0111731843575419,11.1875,29.833333333333332,0.7955555555555556,183.5,13.344999999999999,0.008229352346999405,0.0,0.6696882690730106,0.26254500000000003,173.0952380952381,13.340952380952379,0.006051417097001181,0.0,5.0,1168.0,0.004280821917808219,-0.02452316076294278,-0.10153615586361923,-1.0,,7.978091663089442e-05,-0.027519091965186846,0.03411279229711137,-0.10126356367789817,-0.2925918261476956,55.865921787709496,0,0,0,0,0,0,-0.02452316076294278,0.03411279229711137,,0.6696882690730106,13.344999999999999,0.26254500000000003
2026-08-27,4,SH013,闵行区第2支行,综合支行,闵行区,0,6,17,177,223,136,12.83,34.54,1,0,5,4.547,0.2705,536,0.6697761194029851,0.005649717514124294,0.0,0.02824858757062147,10.411764705882353,29.5,0.7866666666666666,180.0,12.77,0.005405405405405406,0.0,0.6700304755333218,0.264025,172.71428571428572,13.276190476190477,0.005796769783530339,2.6602819898909282,6.0,1170.0,0.005128205128205128,-0.016666666666666666,0.004698512137823062,0.04519774011299429,,-0.00037961874813872244,0.0245241927847742,0.02481389578163767,-0.033608321377331475,-0.11533400157182758,0.0,0,0,0,0,0,0,-0.016666666666666666,0.02481389578163767,,0.6700304755333218,12.77,0.264025
2026-08-28,5,SH013,闵行区第2支行,综合支行,闵行区,0,6,17,186,234,143,13.76,27.81,1,6,2,4.405,0.25886000000000003,563,0.6696269982238011,0.005376344086021506,322.5806451612903,0.010752688172043012,10.941176470588236,31.0,0.8266666666666667,187.0,14.22,0.005494671376384989,0.0,0.669612631631544,0.261945,172.33333333333334,13.208095238095238,0.005808403693469334,2.6602819898909282,6.0,1175.0,0.005106382978723404,-0.0053475935828877,-0.03234880450070329,-0.021534916696206843,,2.145507951673447e-05,-0.01177728149038901,0.07930367504835584,0.04178534088041245,-0.12086293442985818,322.5806451612903,0,0,0,0,0,0,-0.0053475935828877,0.07930367504835584,,0.669612631631544,14.22,0.261945
2026-08-29,6,SH013,闵行区第2支行,综合支行,闵行区,0,6,16,202,254,155,17.33,50.15,0,7,5,4.295,0.27038,611,0.6693944353518821,0.0,346.53465346534654,0.024752475247524754,12.625,33.666666666666664,0.8977777777777777,199.5,16.77,0.007503427962013103,0.0,0.6701403848915697,0.25751500000000005,171.95238095238096,13.141428571428573,0.005573502061826764,18.021265092809514,5.0,1183.0,0.00422654268808115,0.012531328320802004,0.03339296362552169,-1.0,,-0.0011131242893356395,0.04995825485894009,0.17474383827194676,0.31873029677138787,-0.24167199703235356,346.53465346534654,0,0,0,0,0,0,0.012531328320802004,0.17474383827194676,,0.6701403848915697,16.77,0.25751500000000005
2026-08-30,7,SH013,闵行区第2支行,综合支行,闵行区,0,6,16,60,75,46,2.98,6.59,0,7,1,4.562,0.24302,181,0.6685082872928176,0.0,1166.6666666666667,0.016666666666666666,3.75,10.0,0.26666666666666666,58.5,1.975,0.0,0.0,0.6703306658613921,0.269115,171.61904761904762,13.130476190476191,0.005573502061826764,34.522915257826014,5.0,1186.0,0.0042158516020236085,0.02564102564102564,0.5088607594936708,,,-0.002718626286077298,-0.09696598108615269,-0.6503884572697003,-0.7730470733299485,-0.24359019602805598,1166.6666666666667,0,0,0,0,1,0,0.02564102564102564,-0.6503884572697003,,0.6703306658613921,1.975,0.269115
2026-08-31,1,SH013,闵行区第2支行,综合支行,闵行区,0,6,16,210,264,162,21.52,61.81,0,8,5,4.234,0.25755,636,0.6698113207547169,0.0,380.95238095238096,0.023809523809523808,13.125,35.0,0.9333333333333333,204.0,18.665,0.004902078577436021,0.0,0.669685794564219,0.26575000000000004,171.57142857142858,13.170476190476192,0.005573502061826764,90.07847081338157,4.0,1199.0,0.003336113427856547,0.029411764705882353,0.15296008572193948,-1.0,,0.00018744042581891134,-0.030856067732831758,0.22398001665278924,0.633957625280208,-0.40143317597282696,380.95238095238096,0,0,0,0,2,0,0.029411764705882353,0.22398001665278924,,0.669685794564219,18.665,0.26575000000000004
2026-09-01,2,SH013,闵行区第2支行,综合支行,闵行区,0,6,15,196,247,151,15.89,34.62,1,7,7,4.569,0.25965000000000005,594,0.67003367003367,0.00510204081632653,357.1428571428571,0.03571428571428571,13.066666666666666,32.666666666666664,0.8711111111111111,190.5,14.774999999999999,0.010586752555664474,0.0,0.6695224319384094,0.26088500000000003,171.42857142857142,13.216666666666667,0.00534993845798147,108.21906038254258,3.0,1210.0,0.0024793388429752068,0.028871391076115485,0.07546531302876494,-0.5180731022567758,,0.0007635862084268095,-0.0047338865783773925,0.14333333333333342,0.20226986128625477,-0.5365668479276936,357.1428571428571,0,0,0,0,2,0,0.028871391076115485,0.14333333333333342,,0.6695224319384094,14.774999999999999,0.26088500000000003
2026-09-02,3,SH013,闵行区第2支行,综合支行,闵行区,0,6,17,191,240,147,14.39,30.94,0,0,4,4.507,0.26239,578,0.6695501730103807,0.0,0.0,0.020942408376963352,11.235294117647058,31.833333333333332,0.8488888888888888,183.5,13.344999999999999,0.00267379679144385,0.0,0.6696534574041393,0.26181,171.33333333333334,13.188571428571427,0.005592892782568447,125.225863103631,3.0,1222.0,0.0024549918166939444,0.04087193460490463,0.07830648182840029,-1.0,,-0.00015423558650617917,0.0022153470073718535,0.11478599221789877,0.09109618717504352,-0.5610515144603705,0.0,0,0,0,0,2,0,0.04087193460490463,0.11478599221789877,,0.6696534574041393,13.344999999999999,0.26181
2026-09-03,4,SH013,闵行区第2支行,综合支行,闵行区,0,6,16,190,239,146,14.31,30.32,2,0,10,4.459,0.26229,575,0.6695652173913044,0.010526315789473684,0.0,0.05263157894736842,11.875,31.666666666666668,0.8444444444444444,181.0,13.01,0.005405405405405406,0.0,0.6700215249049877,0.264025,171.38095238095238,13.169523809523806,0.005592892782568447,125.225863103631,4.0,1235.0,0.0032388663967611335,0.049723756906077346,0.09992313604919298,0.9473684210526314,,-0.0006810341111772698,-0.006571347410283066,0.10864128924701306,0.08659965287821843,-0.42089603311262913,0.0,0,0,0,0,2,0,0.049723756906077346,0.10864128924701306,,0.6700215249049877,13.01,0.264025
2026-09-04,5,SH013,闵行区第2支行,综合支行,闵行区,0,6,16,199,250,153,16.42,42.89,0,0,2,4.396,0.27229000000000003,602,0.6694352159468439,0.0,0.0,0.010050251256281407,12.4375,33.166666666666664,0.8844444444444444,188.5,14.16,0.005450602982237272,0.0,0.6695885856170909,0.258895,171.61904761904762,13.22285714285714,0.0058367456580002705,125.225863103631,3.0,1248.0,0.002403846153846154,0.05570291777188329,0.1596045197740114,-1.0,,-0.00022905060441807533,0.05173912203789199,0.15954495005549388,0.2417891097666382,-0.5881530060246386,0.0,0,0,0,0,2,0,0.05570291777188329,0.15954495005549388,,0.6695885856170909,14.16,0.258895
2026-09-05,6,SH013,闵行区第2支行,综合支行,闵行区,0,6,16,216,271,166,20.25,57.8,0,0,4,4.319,0.26623,653,0.669218989280245,0.0,0.0,0.018518518518518517,13.5,36.0,0.96,202.5,17.265,0.002577319587628866,0.0,0.6696660934249443,0.259015,172.0,13.311428571428573,0.005587431272560231,125.225863103631,3.0,1262.0,0.002377179080824089,0.06666666666666667,0.17289313640312767,-1.0,,-0.0006676523555382831,0.027855529602532778,0.2558139534883721,0.5212491951062458,-0.5745488463547873,0.0,0,0,0,0,2,0,0.06666666666666667,0.2558139534883721,,0.6696660934249443,17.265,0.259015
2026-09-06,7,SH013,闵行区第2支行,综合支行,闵行区,0,6,16,64,80,49,1.67,4.66,0,0,0,4.527,0.25312,193,0.6683937823834197,0.0,0.0,0.0,4.0,10.666666666666666,0.28444444444444444,59.5,1.975,0.0,0.0,0.6694374607165305,0.269115,172.61904761904762,13.456666666666665,0.0051182780940474465,125.225863103631,3.0,1266.0,0.002369668246445498,0.07563025210084033,-0.15443037974683552,,,-0.0015590378405082243,-0.059435557289634476,-0.6292413793103449,-0.875897944017835,-0.5370184654090171,0.0,0,0,0,0,2,1,0.07563025210084033,-0.6292413793103449,,0.6694374607165305,1.975,0.269115
2026-09-07,1,SH013,闵行区第2支行,综合支行,闵行区,0,6,16,222,280,171,23.89,72.78,0,0,4,4.235,0.28462000000000004,673,0.6701337295690936,0.0,0.0,0.018018018018018018,13.875,37.0,0.9866666666666667,206.5,19.5,0.004810472027567705,0.0,0.6699140355867388,0.26575000000000004,172.85714285714286,13.475238095238096,0.0043111755920296905,125.225863103631,3.0,1278.0,0.002347417840375587,0.07506053268765134,0.22512820512820517,-1.0,,0.00032794354302840764,0.07100658513640638,0.284297520661157,0.7728814757226659,-0.45550400574836514,0.0,0,0,0,0,3,1,0.07506053268765134,0.284297520661157,,0.6699140355867388,19.5,0.26575000000000004
2026-09-08,2,SH013,闵行区第2支行,综合支行,闵行区,0,6,16,208,262,160,18.08,42.42,0,0,4,4.312,0.26164000000000004,630,0.6698412698412698,0.0,0.0,0.019230769230769232,13.0,34.666666666666664,0.9244444444444444,192.0,15.04,0.00795642581356867,0.0,0.6695224319384094,0.26022500000000004,173.76190476190476,13.734285714285715,0.004076599002773297,125.225863103631,2.0,1290.0,0.0015503875968992248,0.08333333333333333,0.20212765957446804,-1.0,,0.00047621690872590324,0.005437602075127291,0.1970402850095917,0.3164135635531515,-0.6196860187022317,0.0,0,0,0,1,4,1,0.08333333333333333,0.1970402850095917,,0.6695224319384094,15.04,0.26022500000000004
2026-09-09,3,SH013,闵行区第2支行,综合支行,闵行区,0,6,17,201,253,155,16.46,50.08,3,0,6,4.487,0.24614000000000003,609,0.6699507389162561,0.014925373134328358,0.0,0.029850746268656716,11.823529411764707,33.5,0.8933333333333333,185.0,13.865,0.0,0.0,0.6695576952008425,0.2615,174.71428571428572,13.91952380952381,0.003063427776836114,125.225863103631,5.0,1300.0,0.0038461538461538464,0.08648648648648649,0.18716191849981972,,,0.0005870199360425549,-0.058738049713193054,0.1504497138184791,0.18251171701276048,0.2555066175335545,0.0,0,0,0,1,4,1,0.08648648648648649,0.1504497138184791,,0.6695576952008425,13.865,0.2615
2026-09-10,4,SH013,闵行区第2支行,综合支行,闵行区,0,6,16,197,248,152,16.67,45.35,1,1,5,4.219,0.26771,597,0.6700167504187605,0.005076142131979695,50.76142131979695,0.025380710659898477,12.3125,32.833333333333336,0.8755555555555556,181.0,13.01,0.00552756145976485,0.0,0.6697937200788511,0.26356,175.71428571428572,14.068095238095239,0.003245059301751221,125.225863103631,4.0,1307.0,0.00306044376434583,0.08839779005524862,0.28132205995388176,-0.08166699385814856,,0.0003329836235000692,0.0157459402033692,0.12113821138211377,0.18495074975459502,-0.05689126768985756,50.76142131979695,0,0,0,1,4,1,0.08839779005524862,0.12113821138211377,,0.6697937200788511,13.01,0.26356
2026-09-11,5,SH013,闵行区第2支行,综合支行,闵行区,0,6,15,204,257,157,17.78,41.28,0,0,2,4.273,0.26279,618,0.6699029126213593,0.0,0.0,0.00980392156862745,13.6,34.0,0.9066666666666666,188.5,14.16,0.005305973090131172,0.0,0.6695885856170909,0.258895,176.76190476190476,14.273809523809524,0.0034867803556550164,127.64307364266895,4.0,1312.0,0.003048780487804878,0.08222811671087533,0.25564971751412435,-1.0,,0.0004694330384659764,0.015044709245060885,0.1540948275862069,0.24563803169307766,-0.12561728103686556,0.0,0,0,0,1,5,0,0.08222811671087533,0.1540948275862069,,0.6695885856170909,14.16,0.258895
2026-09-12,6,SH013,闵行区第2支行,综合支行,闵行区,0,6,16,218,274,168,20.82,51.31,1,0,5,4.324,0.28918000000000005,660,0.6696969696969697,0.0045871559633027525,0.0,0.022935779816513763,13.625,36.333333333333336,0.9688888888888889,202.5,17.265,0.002577319587628866,0.0,0.6694501989365884,0.26682500000000003,177.85714285714286,14.512380952380951,0.0032236916947763,127.64307364266895,5.0,1314.0,0.00380517503805175,0.07654320987654321,0.20590790616854907,0.779816513761468,,0.0003686170543727627,0.08378150473156568,0.2257028112449799,0.4346370914818219,0.18037808771157954,0.0,0,0,0,1,5,0,0.07654320987654321,0.2257028112449799,,0.6694501989365884,17.265,0.26682500000000003
2026-09-13,7,SH013,闵行区第2支行,综合支行,闵行区,0,6,15,64,80,49,2.36,5.1,0,0,1,4.541,0.25930000000000003,193,0.6683937823834197,0.0,0.0,0.015625,4.266666666666667,10.666666666666666,0.28444444444444444,59.5,1.74,0.0,0.0,0.6685564692278041,0.26088,179.0,14.767142857142858,0.003196668684683206,127.64307364266895,5.0,1314.0,0.00380517503805175,0.07563025210084033,0.3563218390804597,,,-0.00024334046841588373,-0.006056424409690165,-0.6424581005586593,-0.8401857405436781,0.1903564033032869,0.0,0,0,0,1,5,0,0.07563025210084033,-0.6424581005586593,,0.6685564692278041,1.74,0.26088
2026-09-14,1,SH013,闵行区第2支行,综合支行,闵行区,0,6,16,219,276,169,22.84,68.2,1,0,7,4.21,0.27709,664,0.6701807228915663,0.0045662100456621,0.0,0.0319634703196347,13.6875,36.5,0.9733333333333334,206.5,19.985,0.0024630541871921183,0.0,0.670075239993927,0.26575000000000004,179.33333333333334,14.793333333333335,0.003196668684683206,127.64307364266895,6.0,1311.0,0.004576659038901602,0.06053268765133172,0.14285714285714288,0.8538812785388127,,0.00015741948268404427,0.04267168391345234,0.22118959107806685,0.54393871113114,0.43169639719955977,0.0,0,0,0,1,5,0,0.06053268765133172,0.22118959107806685,,0.670075239993927,19.985,0.26575000000000004
2026-09-15,2,SH013,闵行区第2支行,综合支行,闵行区,0,6,16,202,255,156,16.81,52.9,1,0,3,4.456,0.26691000000000004,613,0.6704730831973899,0.0049504950495049506,0.0,0.01485148514851485,12.625,33.666666666666664,0.8977777777777777,192.0,15.04,0.00795642581356867,0.0,0.6697185259575418,0.26031000000000004,180.38095238095238,15.05952380952381,0.003172386204382368,127.64307364266895,7.0,1305.0,0.0053639846743295016,0.052083333333333336,0.11768617021276594,-0.3777991317329306,,0.0011266781649338928,0.02535438515615994,0.11985216473072863,0.11623715415019749,0.6908359603000531,0.0,0,0,0,1,4,0,0.052083333333333336,0.11985216473072863,,0.6697185259575418,15.04,0.26031000000000004
2026-09-16,3,SH013,闵行区第2支行,综合支行,闵行区,0,6,17,193,243,149,14.62,36.59,2,0,7,4.274,0.26394,585,0.67008547008547,0.010362694300518135,0.0,0.03626943005181347,11.352941176470589,32.166666666666664,0.8577777777777778,185.5,13.865,0.005555555555555556,0.0,0.6696459352136774,0.25885500000000006,181.1904761904762,15.192857142857143,0.002893323549082089,127.64307364266895,6.0,1297.0,0.004626060138781804,0.04043126684636118,0.05445366029570855,0.8652849740932642,,0.0006563690581536203,0.019644202352668286,0.0651773981603153,-0.03770568876351676,0.5988741183990391,0.0,0,0,0,0,3,0,0.04043126684636118,0.0651773981603153,,0.6696459352136774,13.865,0.25885500000000006
2026-09-17,4,SH013,闵行区第2支行,综合支行,闵行区,0,6,16,188,237,145,13.75,35.35,0,0,4,4.5600000000000005,0.26694,570,0.6701754385964912,0.0,0.0,0.02127659574468085,11.75,31.333333333333332,0.8355555555555555,183.5,13.57,0.005362929823051994,0.0,0.6697937200788511,0.265,181.85714285714286,15.318095238095239,0.0033867851824400954,124.98279165277803,5.0,1288.0,0.0038819875776397515,0.02452316076294278,0.013264554163596147,-1.0,,0.0005699045933055191,0.007320754716981122,0.03377847604084837,-0.10236881372792843,0.14621606288086894,0.0,0,0,0,0,2,0,0.02452316076294278,0.03377847604084837,,0.6697937200788511,13.57,0.265
2026-09-18,5,SH013,闵行区第2支行,综合支行,闵行区,0,6,16,194,244,149,15.04,31.4,0,0,1,4.483,0.26224000000000003,587,0.6695059625212947,0.0,0.0,0.005154639175257732,12.125,32.333333333333336,0.8622222222222223,192.5,15.09,0.002688172043010753,0.0,0.6696675137104406,0.26086,182.38095238095238,15.36190476190476,0.003117751015100843,124.98279165277803,5.0,1278.0,0.003912363067292645,0.007792207792207792,-0.003313452617627615,-1.0,,-0.0002412408931872007,0.0052901939737792225,0.06370757180156658,-0.02095474271543705,0.25486706550429916,0.0,0,0,0,0,1,0,0.007792207792207792,0.06370757180156658,,0.6696675137104406,15.09,0.26086
2026-09-19,6,SH013,闵行区第2支行,综合支行,闵行区,0,6,15,206,260,159,17.43,49.86,3,0,8,4.306,0.26594,625,0.6704,0.014563106796116505,0.0,0.038834951456310676,13.733333333333333,34.333333333333336,0.9155555555555556,209.0,18.79,0.0022935779816513763,0.0,0.6694501989365884,0.268305,182.76190476190476,15.422857142857143,0.0028617346300522004,109.62180854985945,7.0,1266.0,0.005529225908372828,-0.014354066985645933,-0.07237892496008512,5.349514563106796,,0.0014187777745384592,-0.008814595329941693,0.12714955706096928,0.1301407928862541,0.9321239119477581,0.0,0,0,0,0,0,0,-0.014354066985645933,0.12714955706096928,,0.6694501989365884,18.79,0.268305
2026-06-22,1,SH014,闵行区第3支行,综合支行,闵行区,0,6,14,153,218,133,10.46,23.92,1,0,4,4.592,0.27816,504,0.6964285714285714,0.006535947712418301,0.0,0.026143790849673203,10.928571428571429,25.5,0.68,,,,,,,,,,,,,,,,,,,,,,,,0,0,0,0,0,0,,,,,,
2026-06-23,2,SH014,闵行区第3支行,综合支行,闵行区,0,6,14,143,203,124,9.44,27.07,0,0,4,4.652,0.28223000000000004,470,0.6957446808510638,0.0,0.0,0.027972027972027972,10.214285714285714,23.833333333333332,0.6355555555555555,,,,,,,,,,,,,,,,,,,,,,,,0,0,0,0,0,0,,,,,,
2026-06-24,3,SH014,闵行区第3支行,综合支行,闵行区,0,6,14,138,196,120,8.68,22.38,2,0,9,4.463,0.28773000000000004,454,0.6960352422907489,0.014492753623188406,0.0,0.06521739130434782,9.857142857142858,23.0,0.6133333333333333,,,,,,,,,,,,,,,,,,,,,,,,0,0,0,0,0,0,,,,,,
2026-06-25,4,SH014,闵行区第3支行,综合支行,闵行区,0,6,14,136,193,118,9.41,30.1,0,0,0,4.665,0.27049,447,0.6957494407158836,0.0,0.0,0.0,9.714285714285714,22.666666666666668,0.6044444444444445,,,,,,,,,,,,,,,,,,,,,,,,0,0,0,0,0,0,,,,,,
2026-06-26,5,SH014,闵行区第3支行,综合支行,闵行区,0,6,14,142,202,124,9.38,23.19,1,0,5,4.524,0.28112000000000004,468,0.6965811965811965,0.007042253521126761,0.0,0.035211267605633804,10.142857142857142,23.666666666666668,0.6311111111111112,,,,,,,,,,,4.0,712.0,0.0056179775280898875,,,,,,,,,,,0,0,0,0,0,0,,,,,,
2026-06-27,6,SH014,闵行区第3支行,综合支行,闵行区,0,6,15,154,218,134,9.72,28.18,0,0,3,4.465,0.28097,506,0.6956521739130435,0.0,0.0,0.01948051948051948,10.266666666666667,25.666666666666668,0.6844444444444445,,,,,,,142.4,9.474,0.005614190971346694,0.0,4.0,866.0,0.004618937644341801,,,,,,,0.08146067415730333,0.025965801139962046,-0.17727457653015283,,0,0,0,0,0,0,,0.08146067415730333,,,,
2026-06-28,7,SH014,闵行区第3支行,综合支行,闵行区,0,6,14,46,65,40,1.82,5.26,0,0,0,4.608,0.29214,151,0.695364238410596,0.0,0.0,0.0,3.2857142857142856,7.666666666666667,0.20444444444444446,,,,,,,144.33333333333334,9.515,0.004678492476122244,0.0,4.0,912.0,0.0043859649122807015,,,,,,,-0.6812933025404158,-0.8087230688386757,-0.06252603062514775,,0,0,0,0,0,0,,-0.6812933025404158,,,,
2026-06-29,1,SH014,闵行区第3支行,综合支行,闵行区,0,6,14,160,227,139,12.47,34.28,1,0,2,4.54,0.27348,526,0.6958174904942965,0.00625,0.0,0.0125,11.428571428571429,26.666666666666668,0.7111111111111111,,,,,,,130.28571428571428,8.415714285714285,0.004010136408104781,0.0,4.0,919.0,0.004352557127312296,,,,,,,0.22807017543859656,0.4817518248175184,0.08538879588122181,,0,0,0,0,0,0,,0.22807017543859656,,,,
2026-06-30,2,SH014,闵行区第3支行,综合支行,闵行区,0,6,14,151,214,131,9.94,26.55,1,0,6,4.601,0.27529000000000003,496,0.6955645161290323,0.006622516556291391,0.0,0.039735099337748346,10.785714285714286,25.166666666666668,0.6711111111111111,,,,,,,134.0,8.9225,0.004290119357091684,0.0,5.0,927.0,0.005393743257820928,,,,,,,0.12686567164179105,0.11403754553096107,0.25724783132313656,,0,0,0,0,0,0,,0.12686567164179105,,,,
2026-07-01,3,SH014,闵行区第3支行,综合支行,闵行区,0,6,13,147,209,128,9.19,27.05,0,0,2,4.454,0.27832,484,0.6962809917355371,0.0,0.0,0.013605442176870748,11.307692307692308,24.5,0.6533333333333333,,,,,,,135.88888888888889,9.035555555555556,0.004549274601447207,0.0,3.0,936.0,0.003205128205128205,,,,,,,0.08176614881439087,0.017092966060009755,-0.2954638956926022,,0,0,0,0,0,0,,0.08176614881439087,,,,
2026-07-02,4,SH014,闵行区第3支行,综合支行,闵行区,0,6,13,146,207,127,8.17,22.31,1,0,3,4.646,0.28477,480,0.6958333333333333,0.00684931506849315,0.0,0.02054794520547945,11.23076923076923,24.333333333333332,0.6488888888888888,,,,,,,137.0,9.051,0.004094347141302486,0.0,4.0,946.0,0.004228329809725159,,,,,,,0.06569343065693431,-0.09733731079438739,0.03272381744847612,,0,0,0,0,0,0,,0.06569343065693431,,,,
2026-07-03,5,SH014,闵行区第3支行,综合支行,闵行区,0,6,14,153,218,133,11.09,28.26,1,0,6,4.617,0.26841000000000004,504,0.6964285714285714,0.006535947712418301,0.0,0.0392156862745098,10.928571428571429,25.5,0.68,,,,,,,137.8181818181818,8.97090909090909,0.004344798771047092,0.0,4.0,957.0,0.0041797283176593526,,,,,,,0.11015831134564648,0.2362180786380219,-0.03799265790805719,,0,0,0,0,0,0,,0.11015831134564648,,,,
2026-07-04,6,SH014,闵行区第3支行,综合支行,闵行区,0,6,15,167,236,145,12.5,36.37,2,0,6,4.452,0.27931,548,0.6952554744525548,0.011976047904191617,0.0,0.03592814371257485,11.133333333333333,27.833333333333332,0.7422222222222222,,,,,,,139.08333333333334,9.147499999999999,0.004527394516161359,0.0,6.0,970.0,0.006185567010309278,,,,,,,0.200718993409227,0.36649357748018596,0.36625314808081566,,0,0,0,0,0,0,,0.200718993409227,,,,
2026-07-05,7,SH014,闵行区第3支行,综合支行,闵行区,0,6,15,49,70,43,3.26,8.12,0,0,1,4.357,0.27845000000000003,162,0.6975308641975309,0.0,0.0,0.02040816326530612,3.2666666666666666,8.166666666666666,0.21777777777777776,,,,,,,141.23076923076923,9.405384615384616,0.005100367853702149,0.0,6.0,973.0,0.006166495375128468,,,,,,,-0.6530501089324618,-0.6533900384395191,0.2090295351250913,,0,0,0,0,0,0,,-0.6530501089324618,,,,
2026-07-06,1,SH014,闵行区第3支行,综合支行,闵行区,0,6,14,172,244,150,13.9,28.97,1,0,5,4.469,0.25745,566,0.696113074204947,0.005813953488372093,0.0,0.029069767441860465,12.285714285714286,28.666666666666668,0.7644444444444445,156.5,11.465,0.00639297385620915,0.0,0.6961230309614339,0.27582,134.64285714285714,8.96642857142857,0.004736055864151995,0.0,6.0,985.0,0.006091370558375634,0.09904153354632587,0.2123855211513302,-0.09057136488594991,,-1.430315625847097e-05,-0.06660140671452396,0.2774535809018568,0.5502270373615871,0.2861694906266298,0.0,0,0,0,0,1,0,0.09904153354632587,0.2774535809018568,,0.6961230309614339,11.465,0.27582
2026-07-07,2,SH014,闵行区第3支行,综合支行,闵行区,0,6,15,162,229,140,11.74,28.14,1,0,6,4.564,0.27091000000000004,531,0.6949152542372882,0.006172839506172839,0.0,0.037037037037037035,10.8,27.0,0.72,147.0,9.69,0.0033112582781456954,0.0,0.695654598490048,0.27876,137.13333333333333,9.295333333333334,0.004807915705766668,0.0,6.0,996.0,0.006024096385542169,0.10204081632653061,0.21155830753353982,0.8641975308641975,,-0.0010628036591213094,-0.028160424738125873,0.18133203694701028,0.26299935451481027,0.25295382743853034,0.0,0,0,0,0,2,0,0.10204081632653061,0.18133203694701028,,0.695654598490048,9.69,0.27876
2026-07-08,3,SH014,闵行区第3支行,综合支行,闵行区,0,6,14,156,222,136,10.18,23.79,1,0,1,4.53,0.28145000000000003,514,0.6964980544747081,0.00641025641025641,0.0,0.00641025641025641,11.142857142857142,26.0,0.6933333333333334,142.5,8.934999999999999,0.007246376811594203,0.0,0.696158117013143,0.283025,138.6875,9.448125000000001,0.004893223443292054,0.0,7.0,1005.0,0.006965174129353234,0.09473684210526316,0.1393396754336879,-0.11538461538461543,,0.0004883049601197339,-0.005564879427612377,0.12483100495718792,0.07746245948270145,0.42343267379329347,0.0,0,0,0,0,3,0,0.09473684210526316,0.12483100495718792,,0.696158117013143,8.934999999999999,0.283025
2026-07-09,4,SH014,闵行区第3支行,综合支行,闵行区,0,6,14,154,218,134,10.81,30.55,0,0,2,4.397,0.27573000000000003,506,0.6956521739130435,0.0,0.0,0.012987012987012988,11.0,25.666666666666668,0.6844444444444445,141.0,8.79,0.003424657534246575,0.0,0.6957913870246084,0.27763000000000004,139.7058823529412,9.491176470588234,0.004982460676642898,0.0,6.0,1013.0,0.005923000987166831,0.09219858156028368,0.22980659840728118,-1.0,,-0.00020007880833400896,-0.006843640816914643,0.10231578947368412,0.1389525875426094,0.18877024256971237,0.0,0,0,0,1,4,0,0.09219858156028368,0.10231578947368412,,0.6957913870246084,8.79,0.27763000000000004
2026-07-10,5,SH014,闵行区第3支行,综合支行,闵行区,0,6,14,159,226,139,9.94,23.14,0,0,1,4.55,0.2857,524,0.6965648854961832,0.0,0.0,0.006289308176100629,11.357142857142858,26.5,0.7066666666666667,147.5,10.235,0.006789100616772531,0.0,0.696504884004884,0.27476500000000004,140.5,9.564444444444444,0.004705657305718293,0.0,5.0,1019.0,0.004906771344455349,0.07796610169491526,-0.028822667318026376,-1.0,,8.614654782353904e-05,0.03979764526049523,0.13167259786476868,0.039265799256505585,0.0427387771082826,0.0,0,0,0,1,4,0,0.07796610169491526,0.13167259786476868,,0.696504884004884,10.235,0.27476500000000004
2026-07-11,6,SH014,闵行区第3支行,综合支行,闵行区,0,6,14,171,242,149,13.83,30.27,3,0,4,4.563,0.25481000000000004,562,0.6957295373665481,0.017543859649122806,0.0,0.023391812865497075,12.214285714285714,28.5,0.76,160.5,11.11,0.005988023952095809,0.0,0.6954538241827991,0.28014,141.47368421052633,9.58421052631579,0.00445799113173312,0.0,6.0,1023.0,0.005865102639296188,0.06542056074766354,0.2448244824482449,1.9298245614035083,,0.00039645074074177555,-0.09041907617619749,0.20870535714285704,0.442998352553542,0.3156380230429102,0.0,0,0,0,1,4,0,0.06542056074766354,0.20870535714285704,,0.6954538241827991,11.11,0.28014
2026-07-12,7,SH014,闵行区第3支行,综合支行,闵行区,0,6,13,50,71,43,2.6,5.4,0,0,0,4.535,0.26948,164,0.6951219512195121,0.0,0.0,0.0,3.8461538461538463,8.333333333333334,0.22222222222222224,47.5,2.54,0.0,0.0,0.6964475513040634,0.285295,142.95,9.7965,0.005112284557602604,0.0,6.0,1024.0,0.005859375,0.05263157894736842,0.02362204724409451,,,-0.0019033738894898438,-0.055433849173662425,-0.6502273522210563,-0.7345990915122749,0.14613631811366598,0.0,0,0,0,0,3,0,0.05263157894736842,-0.6502273522210563,,0.6964475513040634,2.54,0.285295
2026-07-13,1,SH014,闵行区第3支行,综合支行,闵行区,0,6,15,172,244,150,12.46,30.92,2,0,4,4.588,0.28074000000000005,566,0.696113074204947,0.011627906976744186,0.0,0.023255813953488372,11.466666666666667,28.666666666666668,0.7644444444444445,160.0,12.47,0.00625,0.0,0.696113074204947,0.27348,138.52380952380952,9.453809523809523,0.004868842435812004,0.0,7.0,1024.0,0.0068359375,0.075,-0.0008019246190857888,0.8604651162790696,,0.0,0.026546731022378398,0.24166380199381235,0.31798720596383434,0.4040169896892408,0.0,0,0,0,0,2,0,0.075,0.24166380199381235,,0.696113074204947,12.47,0.27348
2026-07-14,2,SH014,闵行区第3支行,综合支行,闵行区,0,6,14,159,226,139,11.71,25.6,1,0,3,4.49,0.28966000000000003,524,0.6965648854961832,0.006289308176100629,0.0,0.018867924528301886,11.357142857142858,26.5,0.7066666666666667,151.0,9.94,0.006172839506172839,0.0,0.6955645161290323,0.27529000000000003,139.42857142857142,9.549047619047618,0.005111316686494189,0.0,7.0,1021.0,0.0068560235063663075,0.052980132450331126,0.1780684104627768,0.018867924528301997,,0.0014382121916141587,0.05219949871045077,0.14036885245901648,0.2263003041938864,0.3413419529418356,0.0,0,0,0,0,2,0,0.052980132450331126,0.14036885245901648,,0.6955645161290323,9.94,0.27529000000000003
2026-07-15,3,SH014,闵行区第3支行,综合支行,闵行区,0,6,14,152,216,132,10.92,31.5,1,0,3,4.586,0.25434,500,0.696,0.006578947368421052,0.0,0.019736842105263157,10.857142857142858,25.333333333333332,0.6755555555555556,147.0,9.19,0.00641025641025641,0.0,0.6962809917355371,0.28145000000000003,140.1904761904762,9.657142857142858,0.0054108075520227904,0.0,7.0,1017.0,0.00688298918387414,0.034013605442176874,0.18824809575625687,0.026315789473684188,,-0.0004035608308605411,-0.09632261502931255,0.08423913043478251,0.1307692307692306,0.27208168423971857,0.0,0,0,0,0,3,0,0.034013605442176874,0.08423913043478251,,0.6962809917355371,9.19,0.28145000000000003
2026-07-16,4,SH014,闵行区第3支行,综合支行,闵行区,0,6,14,148,210,129,9.65,25.7,1,0,3,4.658,0.29202,487,0.6960985626283368,0.006756756756756757,0.0,0.02027027027027027,10.571428571428571,24.666666666666668,0.6577777777777778,146.0,9.41,0.0,0.0,0.6957494407158836,0.27573000000000003,140.85714285714286,9.763809523809524,0.005033959635129107,0.0,8.0,1011.0,0.00791295746785361,0.0136986301369863,0.02550478214665252,,,0.0005017925879954014,0.059079534327058966,0.050709939148072994,-0.011656262192742855,0.5719151605097575,0.0,0,0,0,0,2,0,0.0136986301369863,0.050709939148072994,,0.6957494407158836,9.41,0.27573000000000003
2026-07-17,5,SH014,闵行区第3支行,综合支行,闵行区,0,6,13,152,216,133,9.51,28.92,0,0,3,4.421,0.29621000000000003,501,0.6966067864271457,0.0,0.0,0.019736842105263157,11.692307692307692,25.333333333333332,0.6755555555555556,153.0,9.94,0.006535947712418301,0.0,0.6965648854961832,0.28112000000000004,141.42857142857142,9.775238095238095,0.005355709956879428,0.0,8.0,1004.0,0.00796812749003984,-0.006535947712418301,-0.04325955734406436,-1.0,,6.0153665272130616e-05,0.05367814456459871,0.07474747474747484,-0.027133671083398245,0.487781742139481,0.0,0,0,0,0,2,0,-0.006535947712418301,0.07474747474747484,,0.6965648854961832,9.94,0.28112000000000004
2026-07-18,6,SH014,闵行区第3支行,综合支行,闵行区,0,6,13,162,230,141,11.57,25.62,0,1,5,4.508,0.29471,533,0.6960600375234521,0.0,61.72839506172839,0.030864197530864196,12.461538461538462,27.0,0.72,167.0,12.5,0.011976047904191617,0.0,0.6956521739130435,0.27931,141.9047619047619,9.781428571428572,0.005020364551111487,0.0,5.0,995.0,0.005025125628140704,-0.029940119760479042,-0.07439999999999998,-1.0,,0.0005863039399624723,0.055135870538111864,0.14161073825503362,0.18285380458595002,0.0009483528498268287,61.72839506172839,0,0,0,0,2,0,-0.029940119760479042,0.14161073825503362,,0.6956521739130435,12.5,0.27931
2026-07-19,7,SH014,闵行区第3支行,综合支行,闵行区,0,6,14,47,67,41,1.18,2.85,0,0,0,4.6129999999999995,0.26835000000000003,155,0.6967741935483871,0.0,0.0,0.0,3.357142857142857,7.833333333333333,0.20888888888888887,49.0,2.6,0.0,0.0,0.695364238410596,0.27845000000000003,142.28571428571428,9.869523809523809,0.005020364551111487,2.939447383891828,5.0,992.0,0.005040322580645161,-0.04081632653061224,-0.5461538461538462,,,0.0020276497695852595,-0.036272221224636365,-0.6696787148594378,-0.880440027019203,0.0039754144007839234,0.0,0,0,0,0,1,1,-0.04081632653061224,-0.6696787148594378,,0.695364238410596,2.6,0.27845000000000003
2026-07-20,1,SH014,闵行区第3支行,综合支行,闵行区,0,6,14,163,231,142,12.01,38.26,0,0,2,4.561,0.26946000000000003,536,0.6958955223880597,0.0,0.0,0.012269938650306749,11.642857142857142,27.166666666666668,0.7244444444444444,166.0,12.465,0.00639297385620915,0.0,0.696113074204947,0.27582,142.33333333333334,9.83904761904762,0.005020364551111487,2.939447383891828,3.0,983.0,0.003051881993896236,-0.018072289156626505,-0.03650220617729644,-1.0,,-0.000312523676035937,-0.023058516423754536,0.14519906323185003,0.2206465976188171,-0.392099525278386,0.0,0,0,0,0,0,1,-0.018072289156626505,0.14519906323185003,,0.696113074204947,12.465,0.27582
2026-07-21,2,SH014,闵行区第3支行,综合支行,闵行区,0,6,14,151,214,131,10.08,21.61,1,0,4,4.432,0.26943,496,0.6955645161290323,0.006622516556291391,0.0,0.026490066225165563,10.785714285714286,25.166666666666668,0.6711111111111111,155.0,10.825,0.006231073841136734,0.0,0.695654598490048,0.27876,142.47619047619048,9.817142857142857,0.00472274550349244,2.939447383891828,3.0,975.0,0.003076923076923077,-0.025806451612903226,-0.06882217090069277,0.06282106826762394,,-0.00012949294263451543,-0.0334696513129574,0.05982620320855611,0.026775320139697373,-0.34848848521528164,0.0,0,0,0,0,0,1,-0.025806451612903226,0.05982620320855611,,0.695654598490048,10.825,0.27876
2026-07-22,3,SH014,闵行区第3支行,综合支行,闵行区,0,6,13,145,206,126,9.44,28.92,2,0,7,4.6530000000000005,0.28288,477,0.6960167714884696,0.013793103448275862,0.0,0.04827586206896552,11.153846153846153,24.166666666666668,0.6444444444444445,149.5,9.684999999999999,0.006494601889338731,0.0,0.696158117013143,0.27988500000000005,142.47619047619048,9.823809523809524,0.00472274550349244,2.939447383891828,4.0,968.0,0.004132231404958678,-0.030100334448160536,-0.025296850800206428,1.123779668607255,,-0.0002030365246329617,0.010700823552530395,0.017713903743315468,-0.03906931652932633,-0.12503618882217574,0.0,0,0,0,0,0,1,-0.030100334448160536,0.017713903743315468,,0.696158117013143,9.684999999999999,0.27988500000000005
2026-07-23,4,SH014,闵行区第3支行,综合支行,闵行区,0,6,13,142,202,124,8.18,25.74,0,0,3,4.679,0.27461,468,0.6965811965811965,0.0,0.0,0.02112676056338028,10.923076923076923,23.666666666666668,0.6311111111111112,147.0,9.530000000000001,0.0033783783783783786,0.0,0.6957913870246084,0.28025,142.38095238095238,9.835714285714285,0.005379559953410338,2.939447383891828,3.0,962.0,0.0031185031185031187,-0.034013605442176874,-0.14165792235047234,-1.0,,0.0011351240778727913,-0.020124888492417406,-0.0026755852842809268,-0.16833696441539578,-0.4203051651973572,0.0,0,0,0,0,0,2,-0.034013605442176874,-0.0026755852842809268,,0.6957913870246084,9.530000000000001,0.28025
2026-07-24,5,SH014,闵行区第3支行,综合支行,闵行区,0,6,14,89,210,129,9.68,27.45,1,0,3,4.561,0.27740000000000004,428,0.7920560747663551,0.011235955056179775,0.0,0.033707865168539325,6.357142857142857,14.833333333333334,0.39555555555555555,152.5,9.725,0.0032679738562091504,0.0,0.6965730410386899,0.28341000000000005,142.1904761904762,9.836190476190476,0.005053402093005903,2.939447383891828,4.0,899.0,0.004449388209121246,-0.4163934426229508,-0.004627249357326471,2.4382022471910108,,0.1370754078930278,-0.021206026604565872,-0.37407903549899535,-0.015879163439194405,-0.11952618706527127,0.0,0,0,1,0,0,1,-0.4163934426229508,-0.37407903549899535,,0.6965730410386899,9.725,0.28341000000000005
2026-07-25,6,SH014,闵行区第3支行,综合支行,闵行区,0,6,15,96,227,139,11.77,25.12,0,0,4,4.486,0.28096000000000004,462,0.7922077922077922,0.0,0.0,0.041666666666666664,6.4,16.0,0.4266666666666667,164.5,12.035,0.005988023952095809,0.0,0.6956908556397958,0.28014,139.14285714285714,9.769047619047617,0.005277211966518354,2.939447383891828,4.0,833.0,0.004801920768307323,-0.41641337386018235,-0.022019110926464525,-1.0,,0.1387353819380508,0.0029271078746342647,-0.31006160164271046,0.20482573726541572,-0.09006482991900833,0.0,0,0,2,0,0,1,-0.41641337386018235,-0.31006160164271046,,0.6956908556397958,12.035,0.28014
2026-07-26,7,SH014,闵行区第3支行,综合支行,闵行区,0,6,14,28,67,41,1.94,4.05,0,0,0,4.609,0.27832,136,0.7941176470588235,0.0,0.0,0.0,2.0,4.666666666666667,0.12444444444444445,48.0,2.21,0.0,0.0,0.6960692159794916,0.273965,135.76190476190476,9.734285714285713,0.004706923971080658,2.939447383891828,4.0,814.0,0.004914004914004914,-0.4166666666666667,-0.12217194570135748,,,0.14086017428792705,0.01589619111930355,-0.7937565766397755,-0.8007044320516584,0.04399496235685164,0.0,0,0,3,0,0,1,-0.4166666666666667,-0.7937565766397755,,0.6960692159794916,2.21,0.273965
2026-07-27,1,SH014,闵行区第3支行,综合支行,闵行区,0,6,14,99,234,143,13.11,37.11,0,0,2,4.517,0.2762,476,0.792016806722689,0.0,0.0,0.020202020202020204,7.071428571428571,16.5,0.44,167.5,12.465,0.006031976744186047,0.0,0.6960042982965033,0.27147,134.76190476190476,9.67142857142857,0.004706923971080658,2.939447383891828,4.0,750.0,0.005333333333333333,-0.408955223880597,0.0517448856799037,-1.0,,0.13794815443120095,0.017423656389287997,-0.2653710247349823,0.35553914327917285,0.13308253247796964,0.0,-1,0,4,0,0,1,-0.408955223880597,-0.2653710247349823,,0.6960042982965033,12.465,0.27147
2026-07-28,2,SH014,闵行区第3支行,综合支行,闵行区,0,6,13,93,220,135,10.16,21.84,0,0,2,4.643,0.27548,448,0.7924107142857143,0.0,0.0,0.021505376344086023,7.153846153846154,15.5,0.41333333333333333,155.0,10.895,0.00645591236619601,0.0,0.6955645161290323,0.2731,131.28571428571428,9.633809523809523,0.004430069043062939,2.939447383891828,3.0,692.0,0.004335260115606936,-0.4,-0.06746213859568605,-1.0,,0.1392339544513458,0.008714756499450726,-0.2916213275299238,0.054619148831002017,-0.02140123021433815,0.0,-1,0,5,0,0,0,-0.4,-0.2916213275299238,,0.6955645161290323,10.895,0.2731
2026-07-29,3,SH014,闵行区第3支行,综合支行,闵行区,0,6,14,91,215,131,9.35,28.4,1,0,3,4.6370000000000005,0.27419000000000004,437,0.7917620137299771,0.01098901098901099,0.0,0.03296703296703297,6.5,15.166666666666666,0.40444444444444444,149.5,9.809999999999999,0.006494601889338731,0.0,0.6961488816120034,0.27988500000000005,128.0,9.558571428571428,0.004136124304673756,2.939447383891828,2.0,638.0,0.003134796238244514,-0.391304347826087,-0.04689092762487249,0.6920222634508351,,0.13734581013270009,-0.02034764278185685,-0.2890625,-0.021820355701688797,-0.24209332038153622,0.0,-1,0,5,0,0,0,-0.391304347826087,-0.2890625,,0.6961488816120034,9.809999999999999,0.27988500000000005
2026-07-30,4,SH014,闵行区第3支行,综合支行,闵行区,0,6,14,90,213,131,9.94,29.73,1,0,2,4.65,0.27683,434,0.7926267281105991,0.011111111111111112,0.0,0.022222222222222223,6.428571428571429,15.0,0.4,147.0,8.915,0.0033783783783783786,0.0,0.6959659479808351,0.28025,124.9047619047619,9.519047619047619,0.004354160236995403,2.939447383891828,3.0,586.0,0.005119453924914676,-0.3877551020408163,0.11497476163768934,2.2888888888888888,,0.13888722632220757,-0.012203389830508398,-0.27945101029355696,0.044222111055527716,0.1757614893032429,0.0,-1,0,5,0,0,0,-0.3877551020408163,-0.27945101029355696,,0.6959659479808351,8.915,0.28025
2026-07-31,5,SH014,闵行区第3支行,综合支行,闵行区,0,6,13,95,224,137,10.74,26.77,0,0,2,4.617,0.28508,456,0.7916666666666666,0.0,0.0,0.021052631578947368,7.3076923076923075,15.833333333333334,0.4222222222222222,152.5,9.809999999999999,0.0032679738562091504,0.0,0.6965858359616645,0.28155,121.85714285714286,9.477619047619047,0.004883260766095932,2.939447383891828,2.0,592.0,0.0033783783783783786,-0.3770491803278688,0.09480122324159038,-1.0,,0.1364954981804063,0.012537737524418318,-0.22039859320046895,0.13319600060292425,-0.30817162134076986,0.0,-1,0,5,0,0,0,-0.3770491803278688,-0.22039859320046895,,0.6965858359616645,9.809999999999999,0.28155
2026-08-01,6,SH014,闵行区第3支行,综合支行,闵行区,0,6,13,102,241,148,12.65,39.64,2,0,9,4.416,0.26974000000000004,491,0.7922606924643585,0.0196078431372549,0.0,0.08823529411764706,7.846153846153846,17.0,0.4533333333333333,164.5,12.135,0.005988023952095809,0.0,0.6958947874450001,0.280135,118.80952380952381,9.515714285714287,0.004883260766095932,2.939447383891828,4.0,598.0,0.006688963210702341,-0.3799392097264438,0.042439225381129014,2.2745098039215685,,0.13847769340702906,-0.03710710907241147,-0.14148296593186374,0.32937997297703037,0.36977391359954587,0.0,-1,0,5,0,0,0,-0.3799392097264438,-0.14148296593186374,,0.6958947874450001,12.135,0.280135
2026-08-02,7,SH014,闵行区第3支行,综合支行,闵行区,0,6,14,30,71,44,2.22,5.76,1,0,1,4.614,0.26765,145,0.7931034482758621,0.03333333333333333,0.0,0.03333333333333333,2.142857142857143,5.0,0.13333333333333333,48.0,2.27,0.0,0.0,0.697152528872959,0.27390000000000003,115.52380952380952,9.45952380952381,0.004981545694102221,2.939447383891828,5.0,600.0,0.008333333333333333,-0.375,-0.022026431718061595,,,0.13763260610704622,-0.022818546914932576,-0.7403132728771641,-0.7653158822048829,0.6728408901677603,0.0,-1,0,5,0,0,0,-0.375,-0.7403132728771641,,0.697152528872959,2.27,0.27390000000000003
2026-08-03,1,SH014,闵行区第3支行,综合支行,闵行区,0,6,13,106,251,154,15.14,47.54,3,0,4,4.314,0.27948,511,0.7925636007827789,0.02830188679245283,0.0,0.03773584905660377,8.153846153846153,17.666666666666668,0.47111111111111115,167.5,12.785,0.0029069767441860465,0.0,0.696113074204947,0.27283,114.57142857142857,9.441428571428572,0.00656884728140381,2.939447383891828,8.0,607.0,0.013179571663920923,-0.36716417910447763,0.18420023464998048,8.735849056603774,,0.1385558325965809,0.02437415240259498,-0.07481296758104737,0.603570888182781,1.006375106517068,0.0,-1,0,5,0,1,0,-0.36716417910447763,-0.07481296758104737,,0.696113074204947,12.785,0.27283
2026-08-04,2,SH014,闵行区第3支行,综合支行,闵行区,0,6,15,100,236,145,11.53,23.19,0,0,2,4.523,0.28327,481,0.7920997920997921,0.0,0.0,0.02,6.666666666666667,16.666666666666668,0.4444444444444445,155.0,10.935,0.006231073841136734,0.0,0.6960647008126077,0.273195,111.42857142857143,9.569047619047618,0.007362846320247078,2.939447383891828,8.0,614.0,0.013029315960912053,-0.3548387096774194,0.0544124371284864,-1.0,,0.1379686273058668,0.03687842017606471,-0.10256410256410257,0.20492659865638227,0.7696031390853235,0.0,-1,0,5,0,1,0,-0.3548387096774194,-0.10256410256410257,,0.6960647008126077,10.935,0.273195
2026-08-05,3,SH014,闵行区第3支行,综合支行,闵行区,0,6,15,97,230,141,11.32,28.67,1,0,3,4.564,0.29125,468,0.7927350427350427,0.010309278350515464,0.0,0.030927835051546393,6.466666666666667,16.166666666666668,0.43111111111111117,148.5,9.809999999999999,0.008783979178716022,0.0,0.6962574129815888,0.27782000000000007,108.61904761904762,9.56047619047619,0.007063355454718477,2.939447383891828,8.0,620.0,0.012903225806451613,-0.3468013468013468,0.15392456676860364,0.1736455814348138,,0.13856603600140777,0.04834065222086221,-0.10697062691801842,0.18404144045425114,0.8267841522589627,0.0,-1,0,5,0,2,0,-0.3468013468013468,-0.10697062691801842,,0.6962574129815888,9.809999999999999,0.27782000000000007
2026-08-06,4,SH014,闵行区第3支行,综合支行,闵行区,0,6,13,96,227,139,11.3,31.45,1,0,3,4.364,0.26545,462,0.7922077922077922,0.010416666666666666,0.0,0.03125,7.384615384615385,16.0,0.4266666666666667,145.0,9.795,0.0033783783783783786,0.0,0.6963398796047666,0.27628,106.0,9.57952380952381,0.007240990263389639,2.939447383891828,8.0,626.0,0.012779552715654952,-0.33793103448275863,0.15364982133741714,2.083333333333333,,0.13767402300359272,-0.039199362965107884,-0.09433962264150944,0.17959934383854456,0.7648901946834838,0.0,-1,0,5,0,3,0,-0.33793103448275863,-0.09433962264150944,,0.6963398796047666,9.795,0.27628
2026-08-07,5,SH014,闵行区第3支行,综合支行,闵行区,0,6,13,100,237,145,12.14,27.1,1,0,3,4.486,0.27377,482,0.7925311203319502,0.01,0.0,0.03,7.6923076923076925,16.666666666666668,0.4444444444444445,123.5,9.809999999999999,0.0,0.0,0.7441367265469061,0.28539000000000003,103.52380952380952,9.658095238095237,0.007415271687671063,2.939447383891828,9.0,631.0,0.014263074484944533,-0.1902834008097166,0.23751274209989828,,,0.06503427671096618,-0.04071621290164343,-0.03403863845446177,0.2569766295237158,0.9234729468724538,0.0,-1,0,5,1,4,0,-0.1902834008097166,-0.03403863845446177,,0.7441367265469061,9.809999999999999,0.28539000000000003
2026-08-08,6,SH014,闵行区第3支行,综合支行,闵行区,0,6,15,108,256,157,14.25,31.41,0,0,2,4.346,0.27205,521,0.7927063339731286,0.0,0.0,0.018518518518518517,7.2,18.0,0.48,132.0,12.21,0.008771929824561403,0.0,0.7441339148656222,0.27535000000000004,101.04761904761905,9.783333333333333,0.007891462163861539,2.939447383891828,7.0,637.0,0.01098901098901099,-0.18181818181818182,0.167076167076167,-1.0,,0.06527376072662643,-0.011984746686036043,0.06880301602262014,0.4565587734241908,0.39251899848604527,0.0,-1,0,5,1,4,0,-0.18181818181818182,0.06880301602262014,,0.7441339148656222,12.21,0.27535000000000004
2026-08-09,7,SH014,闵行区第3支行,综合支行,闵行区,0,6,13,32,75,46,1.65,4.51,0,0,1,4.609,0.27297000000000005,153,0.7908496732026143,0.0,0.0,0.03125,2.4615384615384617,5.333333333333333,0.14222222222222222,38.5,2.08,0.0,0.0,0.7449388209121246,0.268915,98.47619047619048,9.91095238095238,0.007891462163861539,0.0,6.0,639.0,0.009389671361502348,-0.16883116883116883,-0.2067307692307693,,,0.06163036614775314,0.015079114218247515,-0.6750483558994197,-0.8335175130927786,0.18985191419934377,0.0,-1,0,5,1,4,1,-0.16883116883116883,-0.6750483558994197,,0.7449388209121246,2.08,0.268915
2026-08-10,1,SH014,闵行区第3支行,综合支行,闵行区,0,6,14,110,261,160,16.01,35.77,0,0,2,4.398,0.28548,531,0.7928436911487758,0.0,0.0,0.01818181818181818,7.857142857142857,18.333333333333332,0.4888888888888889,134.5,12.785,0.005813953488372093,0.0,0.744064940463818,0.27784,97.76190476190476,9.933333333333334,0.007891462163861539,0.0,3.0,643.0,0.004665629860031105,-0.1821561338289963,0.2522487289792727,-1.0,,0.06555711475204205,0.027497840483731776,0.12518265952264981,0.6117449664429532,-0.40877498198026385,0.0,-1,0,5,1,4,1,-0.1821561338289963,0.12518265952264981,,0.744064940463818,12.785,0.27784
2026-08-11,2,SH014,闵行区第3支行,综合支行,闵行区,0,6,14,102,242,148,12.39,27.49,0,0,0,4.412,0.27478,492,0.7926829268292683,0.0,0.0,0.0,7.285714285714286,17.0,0.4533333333333333,125.5,10.844999999999999,0.0031446540880503146,0.0,0.7443323387979877,0.27937500000000004,95.23809523809524,10.123809523809525,0.007891462163861539,0.0,3.0,645.0,0.004651162790697674,-0.18725099601593626,0.14246196403872768,-1.0,,0.06495833314102863,-0.01644742729306493,0.07099999999999997,0.2238476011288804,-0.41060823785009254,0.0,-1,0,5,1,4,1,-0.18725099601593626,0.07099999999999997,,0.7443323387979877,10.844999999999999,0.27937500000000004
2026-08-12,3,SH014,闵行区第3支行,综合支行,闵行区,0,6,14,98,232,142,11.31,31.94,0,0,1,4.562,0.28352000000000005,472,0.7923728813559322,0.0,0.0,0.01020408163265306,7.0,16.333333333333332,0.43555555555555553,121.0,10.18,0.010649144669763227,0.0,0.7438893926092234,0.27853500000000003,92.9047619047619,10.233809523809523,0.007576104232609568,0.0,2.0,646.0,0.0030959752321981426,-0.19008264462809918,0.11100196463654231,-1.0,,0.06517566889433783,0.017897212199544103,0.054843669912865274,0.10516029966032309,-0.5913499686458586,0.0,-1,0,5,0,3,1,-0.19008264462809918,0.054843669912865274,,0.7438893926092234,10.18,0.27853500000000003
2026-08-13,4,SH014,闵行区第3支行,综合支行,闵行区,0,6,14,96,227,139,11.26,22.71,1,0,5,4.537,0.27274000000000004,462,0.7922077922077922,0.010416666666666666,0.0,0.052083333333333336,6.857142857142857,16.0,0.4266666666666667,119.0,9.795,0.00858671171171171,0.0,0.7443944943944945,0.27572,90.66666666666667,10.322857142857142,0.00691928978269167,0.0,2.0,646.0,0.0030959752321981426,-0.19327731092436976,0.14956610515569166,0.21311475409836073,,0.0642311276794035,-0.010808066154069281,0.05882352941176465,0.09078328259064496,-0.5525588131974755,0.0,-1,0,5,0,3,1,-0.19327731092436976,0.05882352941176465,,0.7443944943944945,9.795,0.27572
2026-08-14,5,SH014,闵行区第3支行,综合支行,闵行区,0,6,15,99,234,143,11.06,22.94,0,0,1,4.651,0.28173000000000004,476,0.792016806722689,0.0,0.0,0.010101010101010102,6.6,16.5,0.44,97.5,10.21,0.005,0.0,0.7918613707165109,0.28124000000000005,88.47619047619048,10.469523809523809,0.007415321528723416,0.0,1.0,645.0,0.0015503875968992248,0.015384615384615385,0.08325171400587655,-1.0,,0.0001962919419058573,0.0017422841701037917,0.11894510226049508,0.05639952697170941,-0.7909210556961336,0.0,-1,0,4,0,3,0,0.015384615384615385,0.11894510226049508,,0.7918613707165109,10.21,0.28124000000000005
2026-08-15,6,SH014,闵行区第3支行,综合支行,闵行区,0,6,14,105,249,153,13.38,27.72,0,0,2,4.443,0.25734,507,0.7928994082840237,0.0,0.0,0.01904761904761905,7.5,17.5,0.4666666666666667,105.0,12.21,0.0,0.0,0.7922342423360753,0.276505,88.95238095238095,10.535238095238096,0.006880276049857712,0.0,1.0,642.0,0.001557632398753894,0.0,0.09582309582309581,,,0.0008396076720781758,-0.06931158568561142,0.18040685224839406,0.2700235038871813,-0.7736090256456923,0.0,0,0,3,0,2,0,0.0,0.18040685224839406,,0.7922342423360753,12.21,0.276505
2026-08-16,7,SH014,闵行区第3支行,综合支行,闵行区,0,6,14,31,72,44,1.9100000000000001,5.13,0,0,1,4.496,0.27988,147,0.7891156462585034,0.0,0.0,0.03225806451612903,2.2142857142857144,5.166666666666667,0.13777777777777778,31.0,1.795,0.0,0.0,0.7919765607392382,0.27066,89.38095238095238,10.611904761904762,0.006880276049857712,0.0,1.0,641.0,0.0015600624024961,0.0,0.06406685236768814,,,-0.0036123726667672764,0.03406487844528192,-0.6531699520511455,-0.820013461969935,-0.7732558415983378,0.0,0,0,2,0,1,0,0.0,-0.6531699520511455,,0.7919765607392382,1.795,0.27066
2026-08-17,1,SH014,闵行区第3支行,综合支行,闵行区,0,6,13,105,249,153,13.82,40.27,0,0,4,4.391,0.26744,507,0.7928994082840237,0.0,0.0,0.0380952380952381,8.076923076923077,17.5,0.4666666666666667,108.0,14.125,0.0,0.0,0.792290203752734,0.27784,89.52380952380952,10.610476190476192,0.006880276049857712,0.0,1.0,636.0,0.0015723270440251573,-0.027777777777777776,-0.02159292035398228,,,0.0007689158952164591,-0.037431615318168604,0.17287234042553198,0.3024863118212009,-0.7714732617366894,0.0,0,0,1,0,1,0,-0.027777777777777776,0.17287234042553198,,0.792290203752734,14.125,0.27784
2026-08-18,2,SH014,闵行区第3支行,综合支行,闵行区,0,6,15,97,230,141,10.83,22.62,0,0,2,4.57,0.27162000000000003,468,0.7927350427350427,0.0,0.0,0.020618556701030927,6.466666666666667,16.166666666666668,0.43111111111111117,101.0,10.844999999999999,0.0,0.0,0.7922552531927531,0.27513,89.80952380952381,10.644285714285715,0.006880276049857712,0.0,1.0,631.0,0.001584786053882726,-0.039603960396039604,-0.0013831258644535541,,,0.0006055996982740404,-0.012757605495583753,0.08006362672322374,0.017447322507045972,-0.7696624317979944,0.0,0,0,0,0,0,0,-0.039603960396039604,0.08006362672322374,,0.7922552531927531,10.844999999999999,0.27513
2026-08-19,3,SH014,闵行区第3支行,综合支行,闵行区,0,6,14,93,220,135,10.59,24.32,1,0,3,4.59,0.28221,448,0.7924107142857143,0.010752688172043012,0.0,0.03225806451612903,6.642857142857143,15.5,0.41333333333333333,97.5,10.375,0.010649144669763227,0.0,0.7920674475429547,0.2832,90.0,10.676190476190476,0.006880276049857712,0.0,2.0,626.0,0.003194888178913738,-0.046153846153846156,0.020722891566265045,0.009723175474719794,,0.0004333806973439905,-0.0034957627118643747,0.03333333333333333,-0.008073148974130195,-0.5356453497269473,0.0,0,0,0,0,0,0,-0.046153846153846156,0.03333333333333333,,0.7920674475429547,10.375,0.2832
2026-08-20,4,SH014,闵行区第3支行,综合支行,闵行区,0,6,14,91,215,131,9.66,25.48,0,0,2,4.602,0.28858,437,0.7917620137299771,0.0,0.0,0.02197802197802198,6.5,15.166666666666666,0.40444444444444444,96.0,10.6,0.010416666666666666,0.0,0.7922077922077922,0.273675,90.0952380952381,10.735238095238095,0.006869022582383048,0.0,1.0,621.0,0.001610305958132045,-0.052083333333333336,-0.08867924528301882,-1.0,,-0.0005627039801928672,0.05446240979263726,0.010042283298097176,-0.10015968772178852,-0.765569855271405,0.0,0,0,0,0,0,0,-0.052083333333333336,0.010042283298097176,,0.7922077922077922,10.6,0.273675
2026-08-21,5,SH014,闵行区第3支行,综合支行,闵行区,0,6,14,94,222,136,11.33,35.93,0,0,1,4.649,0.27855,452,0.7920353982300885,0.0,0.0,0.010638297872340425,6.714285714285714,15.666666666666666,0.41777777777777775,97.0,10.9,0.005,0.0,0.7920364407445221,0.27956500000000006,90.14285714285714,10.721904761904762,0.0063399220532825195,0.0,1.0,616.0,0.0016233766233766235,-0.030927835051546393,0.039449541284403644,-1.0,,-1.3162455411495813e-06,-0.0036306404592851157,0.042789223454833644,0.056715224729081554,-0.7439437567633638,0.0,0,0,0,0,0,0,-0.030927835051546393,0.042789223454833644,,0.7920364407445221,10.9,0.27956500000000006
2026-08-22,6,SH014,闵行区第3支行,综合支行,闵行区,0,6,14,100,237,146,12.27,37.71,0,0,4,4.643,0.26889,483,0.7929606625258799,0.0,0.0,0.04,7.142857142857143,16.666666666666668,0.4444444444444445,103.5,13.015,0.0,0.0,0.7924835132187436,0.270895,90.0952380952381,10.75,0.0063399220532825195,0.0,1.0,611.0,0.0016366612111292963,-0.033816425120772944,-0.05724164425662704,,,0.0006020936703129594,-0.00740139168312438,0.10993657505285404,0.14139534883720925,-0.7418483701574992,0.0,0,0,0,0,0,0,-0.033816425120772944,0.10993657505285404,,0.7924835132187436,13.015,0.270895
2026-08-23,7,SH014,闵行区第3支行,综合支行,闵行区,0,6,15,29,70,43,2.12,4.3,0,0,0,4.572,0.2892,142,0.795774647887324,0.0,0.0,0.0,1.9333333333333333,4.833333333333333,0.1288888888888889,30.5,1.925,0.0,0.0,0.7919765607392382,0.27564500000000003,90.0,10.731904761904762,0.005406215237222761,0.0,1.0,609.0,0.0016420361247947454,-0.04918032786885246,0.10129870129870133,,,0.004795706509976328,0.049175570026664665,-0.6777777777777778,-0.8024581798819718,-0.6962688215798305,0.0,0,0,0,0,0,0,-0.04918032786885246,-0.6777777777777778,,0.7919765607392382,1.925,0.27564500000000003
2026-08-24,1,SH014,闵行区第3支行,综合支行,闵行区,0,6,14,102,242,148,14.45,45.65,0,0,2,4.467,0.28252000000000005,492,0.7926829268292683,0.0,0.0,0.0196078431372549,7.285714285714286,17.0,0.4533333333333333,105.5,14.48,0.0,0.0,0.7927036459657774,0.27784,89.95238095238095,10.727142857142857,0.0038189136499211743,0.0,1.0,606.0,0.0016501650165016502,-0.03317535545023697,-0.002071823204419968,,,-2.61373044194667e-05,0.016844226893176193,0.13393329804129173,0.3470502064189639,-0.5678967455743046,0.0,0,0,0,0,0,0,-0.03317535545023697,0.13393329804129173,,0.7927036459657774,14.48,0.27784
2026-08-25,2,SH014,闵行区第3支行,综合支行,闵行区,0,6,14,96,226,139,10.4,21.33,0,0,3,4.585,0.25638,461,0.7917570498915402,0.0,0.0,0.03125,6.857142857142857,16.0,0.4266666666666667,98.5,11.18,0.0,0.0,0.7925468205574913,0.27513,89.76190476190476,10.694285714285716,0.002471204755042467,0.0,1.0,605.0,0.001652892561983471,-0.025380710659898477,-0.06976744186046506,,,-0.000996497172741866,-0.06814960200632425,0.06949602122015919,-0.027518033662837393,-0.33113896830654715,0.0,0,0,0,0,0,0,-0.025380710659898477,0.06949602122015919,,0.7925468205574913,11.18,0.27513
2026-08-26,3,SH014,闵行区第3支行,综合支行,闵行区,0,6,14,93,219,134,10.82,22.11,0,0,1,4.549,0.29392,446,0.7914798206278026,0.0,0.0,0.010752688172043012,6.642857142857143,15.5,0.41333333333333333,95.0,10.95,0.010530983261279239,0.0,0.7923917978208233,0.28286500000000003,89.57142857142857,10.64047619047619,0.002471204755042467,0.0,0.0,605.0,0.0,-0.021052631578947368,-0.011872146118721371,-1.0,,-0.0011509170028370552,0.03908224771534117,0.038277511961722514,0.01687178339673304,-1.0,0.0,0,0,0,0,0,0,-0.021052631578947368,0.038277511961722514,,0.7923917978208233,10.95,0.28286500000000003
2026-08-27,4,SH014,闵行区第3支行,综合支行,闵行区,0,6,13,92,217,133,10.09,26.06,0,0,1,4.577,0.26761,442,0.7918552036199095,0.0,0.0,0.010869565217391304,7.076923076923077,15.333333333333334,0.4088888888888889,93.5,10.6,0.010416666666666666,0.0,0.7922077922077922,0.27478500000000006,89.38095238095238,10.616666666666667,0.001980286738351255,0.0,0.0,606.0,0.0,-0.016042780748663103,-0.048113207547169794,-1.0,,-0.000445070840442204,-0.02611132339829336,0.029302077783697405,-0.04960753532182109,-1.0,0.0,0,0,0,0,0,0,-0.016042780748663103,0.029302077783697405,,0.7922077922077922,10.6,0.27478500000000006
2026-08-28,5,SH014,闵行区第3支行,综合支行,闵行区,0,6,14,96,228,139,10.4,27.55,1,0,4,4.615,0.26497000000000004,463,0.7926565874730022,0.010416666666666666,0.0,0.041666666666666664,6.857142857142857,16.0,0.4266666666666667,97.0,11.195,0.0,0.0,0.7920261024763888,0.28014000000000006,89.19047619047619,10.55904761904762,0.0014842549923195089,0.0,1.0,608.0,0.001644736842105263,-0.010309278350515464,-0.0710138454667262,,,0.0007960406792680543,-0.05415149568073111,0.07634810464495463,-0.015062686028682286,0.10812282971335158,0.0,0,0,0,0,0,0,-0.010309278350515464,0.07634810464495463,,0.7920261024763888,11.195,0.28014000000000006
2026-08-29,6,SH014,闵行区第3支行,综合支行,闵行区,0,6,15,104,247,151,13.69,36.79,1,0,3,4.504,0.26469000000000004,502,0.7928286852589641,0.009615384615384616,0.0,0.028846153846153848,6.933333333333334,17.333333333333332,0.4622222222222222,103.5,13.015,0.0,0.0,0.7928028711285762,0.269315,89.0,10.476190476190478,0.0015040962621607787,0.0,2.0,612.0,0.0032679738562091504,0.004830917874396135,0.05186323472915858,,,3.256059145092204e-05,-0.017173198670701557,0.16853932584269662,0.306772727272727,1.1727158948685852,0.0,0,0,0,0,0,0,0.004830917874396135,0.16853932584269662,,0.7928028711285762,13.015,0.269315
2026-08-30,7,SH014,闵行区第3支行,综合支行,闵行区,0,6,14,31,73,45,2.54,7.61,0,0,3,4.598,0.26679,149,0.7919463087248322,0.0,0.0,0.0967741935483871,2.2142857142857144,5.166666666666667,0.13777777777777778,30.5,2.015,0.0,0.0,0.7919765607392382,0.27642500000000003,88.80952380952381,10.44952380952381,0.0019619717200362367,0.0,2.0,614.0,0.003257328990228013,0.01639344262295082,0.260545905707196,,,-3.8198118360658665e-05,-0.034855747490277665,-0.6509383378016086,-0.756926722566533,0.6602323861058772,0.0,0,0,0,0,1,0,0.01639344262295082,-0.6509383378016086,,0.7919765607392382,2.015,0.27642500000000003
2026-08-31,1,SH014,闵行区第3支行,综合支行,闵行区,0,6,14,109,257,158,15.78,31.91,1,0,3,4.508,0.2883,524,0.7919847328244275,0.009174311926605505,0.0,0.027522935779816515,7.785714285714286,18.166666666666668,0.48444444444444446,105.5,14.795,0.0,0.0,0.792763308989022,0.281,88.76190476190476,10.491904761904763,0.0019619717200362367,0.0,3.0,621.0,0.004830917874396135,0.03317535545023697,0.06657654613044944,,,-0.0009821041864152634,0.025978647686832643,0.2280042918454936,0.504016702219398,1.4622770170748998,0.0,0,0,0,0,1,0,0.03317535545023697,0.2280042918454936,,0.792763308989022,14.795,0.281
2026-09-01,2,SH014,闵行区第3支行,综合支行,闵行区,0,6,14,102,240,147,12.94,30.35,0,0,2,4.593,0.28206000000000003,489,0.7914110429447853,0.0,0.0,0.0196078431372549,7.285714285714286,17.0,0.4533333333333333,98.5,11.18,0.0,0.0,0.7923913594645302,0.2732,88.71428571428571,10.480952380952381,0.0023988437165412607,0.0,3.0,627.0,0.004784688995215311,0.03553299492385787,0.15742397137745973,,,-0.0012371620513472196,0.03243045387994156,0.14975845410628028,0.23462062698773278,0.9945813736103025,0.0,0,0,0,0,2,0,0.03553299492385787,0.14975845410628028,,0.7923913594645302,11.18,0.2732
2026-09-02,3,SH014,闵行区第3支行,综合支行,闵行区,0,6,14,99,234,144,12.01,31.3,0,0,0,4.565,0.28772000000000003,477,0.7924528301886793,0.0,0.0,0.0,7.071428571428571,16.5,0.44,95.0,11.065000000000001,0.005154639175257732,0.0,0.7923917978208233,0.287385,88.71428571428571,10.507142857142858,0.0023988437165412607,0.0,3.0,633.0,0.004739336492890996,0.042105263157894736,0.08540442837776759,-1.0,,7.702296770850794e-05,0.0011656836647703592,0.11594202898550732,0.14303195105370484,0.9756753890263188,0.0,0,0,0,0,2,0,0.042105263157894736,0.11594202898550732,,0.7923917978208233,11.065000000000001,0.287385
2026-09-03,4,SH014,闵行区第3支行,综合支行,闵行区,0,6,14,98,233,143,12.38,25.82,0,0,1,4.516,0.28999,474,0.7932489451476793,0.0,0.0,0.01020408163265306,7.0,16.333333333333332,0.43555555555555553,94.0,10.675,0.005208333333333333,0.0,0.7920314979138509,0.27017500000000005,88.76190476190476,10.54047619047619,0.0023988437165412607,0.0,3.0,639.0,0.004694835680751174,0.0425531914893617,0.15971896955503512,-1.0,,0.001537119719398913,0.07334135282687135,0.10407725321888416,0.174519990964536,0.9571244464063533,0.0,0,0,0,0,3,0,0.0425531914893617,0.10407725321888416,,0.7920314979138509,10.675,0.27017500000000005
2026-09-04,5,SH014,闵行区第3支行,综合支行,闵行区,0,6,14,103,244,150,12.95,31.16,0,0,2,4.543,0.29233000000000003,497,0.7927565392354124,0.0,0.0,0.019417475728155338,7.357142857142857,17.166666666666668,0.4577777777777778,97.5,11.195,0.005,0.0,0.7922832592810194,0.27616,88.85714285714286,10.593809523809524,0.0019028119705095142,0.0,2.0,646.0,0.0030959752321981426,0.05641025641025641,0.15676641357748985,-1.0,,0.0005973620530901403,0.058553012746234125,0.1591639871382636,0.2224120106081718,0.627052635878224,0.0,0,0,0,0,3,0,0.05641025641025641,0.1591639871382636,,0.7922832592810194,11.195,0.27616
2026-09-05,6,SH014,闵行区第3支行,综合支行,闵行区,0,6,15,112,264,162,15.37,33.79,1,0,2,4.554,0.29124,538,0.79182156133829,0.008928571428571428,0.0,0.017857142857142856,7.466666666666667,18.666666666666668,0.4977777777777778,104.5,13.535,0.0,0.0,0.7928640467714939,0.26679,89.04761904761905,10.683809523809524,0.0019028119705095142,0.0,2.0,654.0,0.0030581039755351682,0.07177033492822966,0.1355744366457332,,,-0.0013148350432194617,0.09164511413471257,0.2577540106951871,0.4386254234266357,0.6071498513414872,0.0,0,0,0,1,4,0,0.07177033492822966,0.2577540106951871,,0.7928640467714939,13.535,0.26679
2026-09-06,7,SH014,闵行区第3支行,综合支行,闵行区,0,6,14,33,78,48,1.5899999999999999,4.23,0,0,0,4.489,0.27539,159,0.7924528301886793,0.0,0.0,0.0,2.357142857142857,5.5,0.14666666666666667,31.0,2.015,0.0,0.0,0.7913979909637232,0.27642500000000003,89.38095238095238,10.77857142857143,0.002327982038536725,0.0,2.0,656.0,0.003048780487804878,0.06451612903225806,-0.21091811414392073,,,0.0013328808475638852,-0.0037442344216333835,-0.6307938199254128,-0.8524850894632207,0.3096237158776438,0.0,0,0,0,0,3,1,0.06451612903225806,-0.6307938199254128,,0.7913979909637232,2.015,0.27642500000000003
2026-09-07,1,SH014,闵行区第3支行,综合支行,闵行区,0,6,15,115,273,167,16.86,37.55,1,0,4,4.493,0.26682,555,0.7927927927927928,0.008695652173913044,0.0,0.034782608695652174,7.666666666666667,19.166666666666668,0.5111111111111112,107.0,15.114999999999998,0.0,0.0,0.792763308989022,0.28400000000000003,89.47619047619048,10.763333333333332,0.0023279820385367256,0.0,2.0,662.0,0.0030211480362537764,0.07476635514018691,0.11544823023486611,,,3.719118107063815e-05,-0.06049295774647897,0.28525811601915907,0.5664292350572935,0.29775401452527817,0.0,0,0,0,0,3,1,0.07476635514018691,0.28525811601915907,,0.792763308989022,15.114999999999998,0.28400000000000003
2026-09-08,2,SH014,闵行区第3支行,综合支行,闵行区,0,6,14,108,255,156,14.11,32.94,0,0,2,4.569,0.27582,519,0.791907514450867,0.0,0.0,0.018518518518518517,7.714285714285714,18.0,0.48,99.5,11.61,0.0,0.0,0.7922199883604042,0.2732,89.95238095238095,10.908095238095237,0.0027420607134849657,0.0,2.0,668.0,0.0029940119760479044,0.08542713567839195,0.2153316106804479,,,-0.0003944282069729778,0.009590043923865341,0.200635256749603,0.29353472737591135,0.09188391100309605,0.0,0,0,0,0,3,1,0.08542713567839195,0.200635256749603,,0.7922199883604042,11.61,0.2732
2026-09-09,3,SH014,闵行区第3支行,综合支行,闵行区,0,6,14,104,246,151,13.52,34.77,1,0,2,4.441,0.26007,501,0.7924151696606786,0.009615384615384616,0.0,0.019230769230769232,7.428571428571429,17.333333333333332,0.4622222222222222,95.5,11.065000000000001,0.0,0.0,0.7923917978208233,0.28562000000000004,90.47619047619048,11.064285714285715,0.0027420607134849653,0.0,3.0,673.0,0.004457652303120356,0.08900523560209424,0.22187076366922712,,,2.949530764909692e-05,-0.08945451999159727,0.14947368421052626,0.22194964493221422,0.6256577694280866,0.0,0,0,0,0,3,1,0.08900523560209424,0.14947368421052626,,0.7923917978208233,11.065000000000001,0.28562000000000004
2026-09-10,4,SH014,闵行区第3支行,综合支行,闵行区,0,6,14,102,241,148,12.35,33.7,0,0,2,4.551,0.29694000000000004,491,0.7922606924643585,0.0,0.0,0.0196078431372549,7.285714285714286,17.0,0.4533333333333333,94.0,10.675,0.0,0.0,0.7920314979138509,0.28066,91.0,11.203809523809523,0.002687903401263137,0.0,3.0,677.0,0.004431314623338257,0.0851063829787234,0.1569086651053863,,,0.0002893755502291363,0.05800612841160128,0.12087912087912088,0.10230363821829311,0.6486137936563614,0.0,0,0,0,0,3,1,0.0851063829787234,0.12087912087912088,,0.7920314979138509,10.675,0.28066
2026-09-11,5,SH014,闵行区第3支行,综合支行,闵行区,0,6,14,106,250,153,13.93,37.96,0,0,2,4.448,0.27619000000000005,509,0.7917485265225933,0.0,0.0,0.018867924528301886,7.571428571428571,17.666666666666668,0.47111111111111115,97.5,11.195,0.0,0.0,0.7923459928515453,0.28014000000000006,91.52380952380952,11.331904761904761,0.002687903401263137,0.0,3.0,680.0,0.004411764705882353,0.08717948717948718,0.24430549352389455,,,-0.0007540472651369988,-0.014100092810737519,0.158168574401665,0.2292725973862252,0.6413404975078772,0.0,0,0,0,1,4,0,0.08717948717948718,0.158168574401665,,0.7923459928515453,11.195,0.28014000000000006
2026-09-12,6,SH014,闵行区第3支行,综合支行,闵行区,0,6,14,113,267,164,15.51,44.64,0,0,5,4.471,0.267,544,0.7922794117647058,0.0,0.0,0.04424778761061947,8.071428571428571,18.833333333333332,0.5022222222222222,104.5,13.535,0.004464285714285714,0.0,0.7928640467714939,0.26679,92.0952380952381,11.455714285714285,0.002687903401263137,0.0,2.0,681.0,0.002936857562408223,0.08133971291866028,0.14591799039527148,-1.0,,-0.0007373710652774294,0.0007871359496232541,0.2269906928645294,0.35390946502057624,0.09262020392105386,0.0,0,0,0,1,5,0,0.08133971291866028,0.2269906928645294,,0.7928640467714939,13.535,0.26679
2026-09-13,7,SH014,闵行区第3支行,综合支行,闵行区,0,6,13,33,78,48,2.09,6.31,0,0,1,4.588,0.27697000000000005,159,0.7924528301886793,0.0,0.0,0.030303030303030304,2.5384615384615383,5.5,0.14666666666666667,31.0,2.015,0.0,0.0,0.7921995694567557,0.277635,92.71428571428571,11.61,0.002687903401263137,0.0,2.0,681.0,0.002936857562408223,0.06451612903225806,0.03722084367245644,,,0.0003196930946292058,-0.0023952311488103844,-0.6440677966101694,-0.8199827734711456,0.09262020392105386,0.0,0,0,0,1,4,0,0.06451612903225806,-0.6440677966101694,,0.7921995694567557,2.015,0.277635
2026-09-14,1,SH014,闵行区第3支行,综合支行,闵行区,0,6,13,114,268,165,16.57,49.14,0,0,2,4.353,0.27448,547,0.7915904936014625,0.0,0.0,0.017543859649122806,8.76923076923077,19.0,0.5066666666666667,107.0,15.114999999999998,0.004347826086956522,0.0,0.7927378598110306,0.27498,92.9047619047619,11.608571428571429,0.002687903401263137,0.0,1.0,680.0,0.0014705882352941176,0.06542056074766354,0.09626199139927238,-1.0,,-0.0014473463016407818,-0.0018183140592043074,0.22706304459251675,0.4273935515628846,-0.4528865008307076,0.0,0,0,0,0,3,0,0.06542056074766354,0.22706304459251675,,0.7927378598110306,15.114999999999998,0.27498
2026-09-15,2,SH014,闵行区第3支行,综合支行,闵行区,0,6,14,105,248,152,14.29,37.37,0,0,2,4.51,0.26978,505,0.7920792079207921,0.0,0.0,0.01904761904761905,7.5,17.5,0.4666666666666667,99.5,11.885,0.0,0.0,0.7918322821712036,0.27372,93.47619047619048,11.709523809523809,0.002687903401263137,0.0,1.0,677.0,0.0014771048744460858,0.05527638190954774,0.2023559108119478,,,0.0003118409733326874,-0.014394271518339904,0.1232806928171166,0.22037413582757218,-0.45046206878121287,0.0,0,0,0,0,3,0,0.05527638190954774,0.1232806928171166,,0.7918322821712036,11.885,0.27372
2026-09-16,3,SH014,闵行区第3支行,综合支行,闵行区,0,6,13,100,237,145,11.34,24.54,1,0,4,4.5280000000000005,0.27015,482,0.7925311203319502,0.01,0.0,0.04,7.6923076923076925,16.666666666666668,0.4444444444444445,96.0,11.415,0.004807692307692308,0.0,0.7924129419731964,0.284965,93.9047619047619,11.894761904761904,0.002687903401263137,0.0,1.0,673.0,0.0014858841010401188,0.041666666666666664,-0.006570302233902698,1.0799999999999998,,0.00014913734051268834,-0.05198884073482716,0.06490872210953355,-0.04663917690860314,-0.44719587008154704,0.0,0,0,0,0,2,0,0.041666666666666664,0.06490872210953355,,0.7924129419731964,11.415,0.284965
2026-09-17,4,SH014,闵行区第3支行,综合支行,闵行区,0,6,14,97,231,141,11.82,34.12,0,0,1,4.55,0.27312000000000003,469,0.7931769722814499,0.0,0.0,0.010309278350515464,6.928571428571429,16.166666666666668,0.43111111111111117,95.0,11.219999999999999,0.0,0.0,0.7920579480421339,0.289285,94.23809523809524,11.91952380952381,0.003164093877453613,0.0,1.0,668.0,0.0014970059880239522,0.021052631578947368,0.053475935828877136,,,0.0014128060226932448,-0.05587915031888962,0.029307731177362274,-0.008349646438416349,-0.5268768734419768,0.0,0,0,0,0,1,0,0.021052631578947368,0.029307731177362274,,0.7920579480421339,11.219999999999999,0.289285
2026-09-18,5,SH014,闵行区第3支行,综合支行,闵行区,0,6,15,100,237,145,12.1,28.81,0,0,0,4.541,0.26386000000000004,482,0.7925311203319502,0.0,0.0,0.0,6.666666666666667,16.666666666666668,0.4444444444444445,99.5,12.14,0.0,0.0,0.7923459928515453,0.27737,94.47619047619048,12.001904761904761,0.003164093877453613,0.0,1.0,662.0,0.0015105740181268882,0.005025125628140704,-0.0032948929159803066,,,0.00023364474872730927,-0.04870750261383699,0.05846774193548381,0.008173305824472336,-0.5225887484278557,0.0,0,0,0,0,1,0,0.005025125628140704,0.05846774193548381,,0.7923459928515453,12.14,0.27737
2026-09-19,6,SH014,闵行区第3支行,综合支行,闵行区,0,6,14,107,253,155,13.24,32.87,0,0,1,4.51,0.28624000000000005,515,0.7922330097087379,0.0,0.0,0.009345794392523364,7.642857142857143,17.833333333333332,0.4755555555555555,108.0,14.53,0.004464285714285714,0.0,0.792554048511835,0.267945,94.66666666666667,12.082857142857142,0.0026680621314218674,0.0,1.0,656.0,0.001524390243902439,-0.009259259259259259,-0.0887818306951135,-1.0,,-0.00040506865582214054,0.06827893784172148,0.130281690140845,0.09576732087964068,-0.42865264419833476,0.0,0,0,0,0,1,0,-0.009259259259259259,0.130281690140845,,0.792554048511835,14.53,0.267945
2026-06-22,1,SH015,宝山区第1支行,社区支行,宝山区,0,3,8,75,137,84,9.87,22.97,1,0,3,4.551,0.26295,296,0.7466216216216216,0.013333333333333334,0.0,0.04,9.375,25.0,0.6666666666666666,,,,,,,,,,,,,,,,,,,,,,,,0,0,0,0,0,0,,,,,,
2026-06-23,2,SH015,宝山区第1支行,社区支行,宝山区,0,3,9,70,128,78,7.87,22.69,2,0,5,4.609,0.24031000000000002,276,0.7463768115942029,0.02857142857142857,0.0,0.07142857142857142,7.777777777777778,23.333333333333332,0.6222222222222222,,,,,,,,,,,,,,,,,,,,,,,,0,0,0,0,0,0,,,,,,
2026-06-24,3,SH015,宝山区第1支行,社区支行,宝山区,0,3,9,68,123,76,7.91,16.97,0,0,1,4.596,0.25424,267,0.7453183520599251,0.0,0.0,0.014705882352941176,7.555555555555555,22.666666666666668,0.6044444444444445,,,,,,,,,,,,,,,,,,,,,,,,0,0,0,0,0,0,,,,,,
2026-06-25,4,SH015,宝山区第1支行,社区支行,宝山区,0,3,8,67,121,74,7.29,15.05,0,0,1,4.55,0.25944,262,0.7442748091603053,0.0,0.0,0.014925373134328358,8.375,22.333333333333332,0.5955555555555555,,,,,,,,,,,,,,,,,,,,,,,,0,0,0,0,0,0,,,,,,
2026-06-26,5,SH015,宝山区第1支行,社区支行,宝山区,0,3,9,70,127,78,6.36,15.24,0,0,1,4.658,0.25817,275,0.7454545454545455,0.0,0.0,0.014285714285714285,7.777777777777778,23.333333333333332,0.6222222222222222,,,,,,,,,,,3.0,350.0,0.008571428571428572,,,,,,,,,,,0,0,0,0,0,0,,,,,,
2026-06-27,6,SH015,宝山区第1支行,社区支行,宝山区,0,3,9,76,137,84,9.28,27.83,0,0,1,4.565,0.28453,297,0.7441077441077442,0.0,0.0,0.013157894736842105,8.444444444444445,25.333333333333332,0.6755555555555556,,,,,,,70.0,7.859999999999999,0.008380952380952381,0.0,3.0,426.0,0.007042253521126761,,,,,,,0.08571428571428572,0.1806615776081425,-0.15973111395646608,,0,0,0,0,0,0,,0.08571428571428572,,,,
2026-06-28,7,SH015,宝山区第1支行,社区支行,宝山区,0,3,9,22,41,25,1.0,2.71,0,0,2,4.592,0.25988,88,0.75,0.0,0.0,0.09090909090909091,2.4444444444444446,7.333333333333333,0.19555555555555554,,,,,,,71.0,8.096666666666666,0.006984126984126984,0.0,3.0,448.0,0.006696428571428571,,,,,,,-0.6901408450704225,-0.8764923836969947,-0.04119318181818187,,0,0,0,0,0,0,,-0.6901408450704225,,,,
2026-06-29,1,SH015,宝山区第1支行,社区支行,宝山区,0,3,9,78,143,88,9.97,23.35,0,0,1,4.47,0.25189,309,0.7475728155339806,0.0,0.0,0.01282051282051282,8.666666666666666,26.0,0.6933333333333334,,,,,,,64.0,7.082857142857143,0.005986394557823129,0.0,2.0,451.0,0.004434589800443459,,,,,,,0.21875,0.40762404195240026,-0.25922193106228575,,0,0,0,0,0,0,,0.21875,,,,
2026-06-30,2,SH015,宝山区第1支行,社区支行,宝山区,0,3,9,74,135,83,7.33,21.84,0,0,2,4.603,0.26475000000000004,292,0.7465753424657534,0.0,0.0,0.02702702702702703,8.222222222222221,24.666666666666668,0.6577777777777778,,,,,,,65.75,7.44375,0.005238095238095238,0.0,0.0,455.0,0.0,,,,,,,0.12547528517110265,-0.015281276238455023,-1.0,,0,0,0,0,0,0,,0.12547528517110265,,,,
2026-07-01,3,SH015,宝山区第1支行,社区支行,宝山区,0,3,10,72,131,81,8.3,24.09,0,0,0,4.606,0.25983,284,0.7464788732394366,0.0,0.0,0.0,7.2,24.0,0.64,,,,,,,66.66666666666667,7.431111111111111,0.004656084656084656,0.0,0.0,459.0,0.0,,,,,,,0.07999999999999992,0.11692583732057428,-1.0,,0,0,0,0,0,0,,0.07999999999999992,,,,
2026-07-02,4,SH015,宝山区第1支行,社区支行,宝山区,0,3,9,72,131,80,7.89,23.55,1,0,1,4.546,0.25986000000000004,283,0.7455830388692579,0.013888888888888888,0.0,0.013888888888888888,8.0,24.0,0.64,,,,,,,67.2,7.518000000000001,0.004190476190476191,0.0,1.0,464.0,0.0021551724137931034,,,,,,,0.07142857142857138,0.04948124501197113,-0.48569749216300945,,0,0,0,0,0,0,,0.07142857142857138,,,,
2026-07-03,5,SH015,宝山区第1支行,社区支行,宝山区,0,3,9,75,137,84,7.85,22.12,2,0,4,4.611,0.2591,296,0.7466216216216216,0.02666666666666667,0.0,0.05333333333333334,8.333333333333334,25.0,0.6666666666666666,,,,,,,67.63636363636364,7.551818181818181,0.0050721500721500725,0.0,3.0,469.0,0.006396588486140725,,,,,,,0.10887096774193541,0.03948477187913816,0.2611197214496506,,0,0,0,0,0,0,,0.10887096774193541,,,,
2026-07-04,6,SH015,宝山区第1支行,社区支行,宝山区,0,3,8,82,149,91,9.29,24.61,1,0,2,4.673,0.25661,322,0.7453416149068323,0.012195121951219513,0.0,0.024390243902439025,10.25,27.333333333333332,0.7288888888888888,,,,,,,68.25,7.576666666666667,0.006871693121693122,0.0,4.0,475.0,0.008421052631578947,,,,,,,0.20146520146520147,0.22613286405631305,0.2254698343548959,,0,0,0,0,0,0,,0.20146520146520147,,,,
2026-07-05,7,SH015,宝山区第1支行,社区支行,宝山区,0,3,9,24,44,27,1.0,2.5300000000000002,0,0,0,4.501,0.27853,95,0.7473684210526316,0.0,0.0,0.0,2.6666666666666665,8.0,0.21333333333333335,,,,,,,69.3076923076923,7.708461538461538,0.007281187647041306,0.0,4.0,477.0,0.008385744234800839,,,,,,,-0.6537180910099889,-0.870272427901407,0.15170005791683824,,0,0,0,0,0,0,,-0.6537180910099889,,,,
2026-07-06,1,SH015,宝山区第1支行,社区支行,宝山区,0,3,9,85,154,94,12.2,34.26,0,0,1,4.4879999999999995,0.27204,333,0.7447447447447447,0.0,0.0,0.011764705882352941,9.444444444444445,28.333333333333332,0.7555555555555555,76.5,9.92,0.006666666666666667,0.0,0.7470972185778011,0.25742,66.07142857142857,7.229285714285714,0.006761102815109784,0.0,4.0,484.0,0.008264462809917356,0.1111111111111111,0.2298387096774193,-1.0,,-0.0031488188880352337,0.05679434387382497,0.2864864864864865,0.6875802786285939,0.2223542572741013,0.0,0,0,0,0,1,0,0.1111111111111111,0.2864864864864865,,0.7470972185778011,9.92,0.25742
2026-07-07,2,SH015,宝山区第1支行,社区支行,宝山区,0,3,10,79,144,88,8.23,24.22,0,0,2,4.65,0.25561,311,0.7459807073954984,0.0,0.0,0.02531645569620253,7.9,26.333333333333332,0.7022222222222222,72.0,7.6,0.014285714285714285,0.0,0.7464760770299781,0.25253000000000003,67.33333333333333,7.560666666666666,0.0063103626274357985,0.0,4.0,489.0,0.0081799591002045,0.09722222222222222,0.08289473684210537,-1.0,,-0.0006636108640623194,0.012196570704470642,0.17326732673267334,0.08852834847015267,0.2962740151635957,0.0,0,0,0,0,1,0,0.09722222222222222,0.17326732673267334,,0.7464760770299781,7.6,0.25253000000000003
2026-07-08,3,SH015,宝山区第1支行,社区支行,宝山区,0,3,9,77,140,86,9.47,29.01,0,0,0,4.6129999999999995,0.25199000000000005,303,0.7458745874587459,0.0,0.0,0.0,8.555555555555555,25.666666666666668,0.6844444444444445,70.0,8.105,0.0,0.0,0.7458986126496809,0.257035,68.0625,7.6025,0.005915964963221061,0.0,4.0,494.0,0.008097165991902834,0.1,0.16841455891425047,,,-3.220972733771838e-05,-0.019627677164588346,0.13131313131313133,0.24564288063137132,0.3686974216788086,0.0,0,0,0,0,2,0,0.1,0.13131313131313133,,0.7458986126496809,8.105,0.257035
2026-07-09,4,SH015,宝山区第1支行,社区支行,宝山区,0,3,10,75,137,84,8.52,20.88,0,0,1,4.496,0.27323000000000003,296,0.7466216216216216,0.0,0.0,0.013333333333333334,7.5,25.0,0.6666666666666666,69.5,7.59,0.006944444444444444,0.0,0.7449289240147816,0.25965000000000005,68.58823529411765,7.712352941176469,0.0055679670242080575,0.0,3.0,497.0,0.006036217303822937,0.07913669064748201,0.12252964426877466,-1.0,,0.0022722941105806755,0.05230117465819364,0.09348198970840473,0.10472122645107175,0.08409717183651602,0.0,0,0,0,0,3,0,0.07913669064748201,0.09348198970840473,,0.7449289240147816,7.59,0.25965000000000005
2026-07-10,5,SH015,宝山区第1支行,社区支行,宝山区,0,3,8,78,142,87,8.26,19.45,0,0,4,4.513,0.27169000000000004,307,0.745928338762215,0.0,0.0,0.05128205128205128,9.75,26.0,0.6933333333333334,72.5,7.105,0.013333333333333334,0.0,0.7460380835380835,0.258635,68.94444444444444,7.757222222222222,0.005258635522863165,0.0,1.0,500.0,0.002,0.07586206896551724,0.16256157635467972,-1.0,,-0.00014710344993126156,0.05047654029810365,0.13134568896051574,0.06481415168660036,-0.619673203951001,0.0,0,0,0,1,4,0,0.07586206896551724,0.13134568896051574,,0.7460380835380835,7.105,0.258635
2026-07-11,6,SH015,宝山区第1支行,社区支行,宝山区,0,3,10,84,153,94,10.59,23.54,1,0,1,4.629,0.25163,331,0.7462235649546828,0.011904761904761904,0.0,0.011904761904761904,8.4,28.0,0.7466666666666667,79.0,9.285,0.006097560975609756,0.0,0.7447246795072882,0.27057,69.42105263157895,7.783684210526315,0.004981865232186157,0.0,1.0,502.0,0.00199203187250996,0.06329113924050633,0.1405492730210016,0.9523809523809522,,0.002012670572950924,-0.0700003695901244,0.21000758150113727,0.36053823787950523,-0.6001433640476439,0.0,0,0,0,1,4,0,0.06329113924050633,0.21000758150113727,,0.7447246795072882,9.285,0.27057
2026-07-12,7,SH015,宝山区第1支行,社区支行,宝山区,0,3,9,24,45,27,1.0,2.47,0,0,0,4.433,0.25714000000000004,96,0.75,0.0,0.0,0.0,2.6666666666666665,8.0,0.21333333333333335,23.0,1.0,0.0,0.0,0.7486842105263158,0.269205,70.15,7.9239999999999995,0.005328010065814944,0.0,1.0,502.0,0.00199203187250996,0.043478260869565216,0.0,,,0.0017574692442881561,-0.0448171467840493,-0.6578759800427655,-0.8738011105502271,-0.6261208503919615,0.0,0,0,0,1,4,0,0.043478260869565216,-0.6578759800427655,,0.7486842105263158,1.0,0.269205
2026-07-13,1,SH015,宝山区第1支行,社区支行,宝山区,0,3,9,84,154,94,11.63,34.55,1,0,2,4.559,0.24358000000000002,332,0.7469879518072289,0.011904761904761904,0.0,0.023809523809523808,9.333333333333334,28.0,0.7466666666666667,78.0,9.97,0.0,0.0,0.7466216216216216,0.26295,67.95238095238095,7.594285714285713,0.005074295300776137,0.0,2.0,501.0,0.003992015968063872,0.07692307692307693,0.16649949849548645,,,0.0004906503843427791,-0.0736641947138239,0.23615977575332872,0.5314145974416857,-0.21328662771098983,0.0,0,0,0,1,4,0,0.07692307692307693,0.23615977575332872,,0.7466216216216216,9.97,0.26295
2026-07-14,2,SH015,宝山区第1支行,社区支行,宝山区,0,3,10,78,142,87,8.89,24.42,0,0,2,4.712,0.26971,307,0.745928338762215,0.0,0.0,0.02564102564102564,7.8,26.0,0.6933333333333334,74.0,7.87,0.0,0.0,0.7463768115942029,0.25561,68.38095238095238,7.678095238095237,0.005006268089891784,0.0,2.0,500.0,0.004,0.05405405405405406,0.12960609911054644,,,-0.0006008665127604882,0.05516216110480811,0.14066852367688024,0.15783924584470382,-0.2010016387103902,0.0,0,0,0,1,4,0,0.05405405405405406,0.14066852367688024,,0.7463768115942029,7.87,0.25561
2026-07-15,3,SH015,宝山区第1支行,社区支行,宝山区,0,3,8,75,136,83,8.66,19.29,0,0,1,4.553,0.28383,294,0.7448979591836735,0.0,0.0,0.013333333333333334,9.375,25.0,0.6666666666666666,72.0,8.3,0.0,0.0,0.7458745874587459,0.25424,68.76190476190476,7.726666666666667,0.0036457238722047087,0.0,2.0,498.0,0.004016064257028112,0.041666666666666664,0.043373493975903545,,,-0.0013093733068448396,0.11638609188168661,0.09072022160664825,0.1207937877480587,0.10158212684369988,0.0,0,0,0,0,3,0,0.041666666666666664,0.09072022160664825,,0.7458745874587459,8.3,0.25424
2026-07-16,4,SH015,宝山区第1支行,社区支行,宝山区,0,3,9,73,132,81,8.48,25.28,0,0,0,4.571,0.26369000000000004,286,0.7447552447552448,0.0,0.0,0.0,8.11111111111111,24.333333333333332,0.6488888888888888,72.0,7.89,0.0,0.0,0.7455830388692579,0.25986000000000004,69.0952380952381,7.762380952380952,0.0036457238722047087,0.0,2.0,496.0,0.004032258064516129,0.013888888888888888,0.07477820025348553,,,-0.0011102641434394048,0.01473870545678442,0.056512749827704926,0.09244831605422989,0.10602399025839229,0.0,0,0,0,0,2,0,0.013888888888888888,0.056512749827704926,,0.7455830388692579,7.89,0.25986000000000004
2026-07-17,5,SH015,宝山区第1支行,社区支行,宝山区,0,3,9,75,136,84,8.24,20.98,1,0,3,4.624,0.25204000000000004,295,0.7457627118644068,0.013333333333333334,0.0,0.04,8.333333333333334,25.0,0.6666666666666666,75.0,7.85,0.0,0.0,0.745928338762215,0.2591,69.38095238095238,7.819047619047619,0.0036457238722047087,0.0,3.0,493.0,0.006085192697768763,0.0,0.049681528662420454,,,-0.00022204129968172325,-0.027248166730991723,0.08098833218943036,0.053836784409257064,0.6691315390512046,0.0,0,0,0,0,2,0,0.0,0.08098833218943036,,0.745928338762215,7.85,0.2591
2026-07-18,6,SH015,宝山区第1支行,社区支行,宝山区,0,3,9,80,145,89,9.07,18.68,0,0,2,4.552,0.25657,314,0.7452229299363057,0.0,0.0,0.025,8.88888888888889,26.666666666666668,0.7111111111111111,82.0,9.29,0.011904761904761904,0.0,0.7453416149068323,0.25661,69.61904761904762,7.9085714285714275,0.004280644507125344,0.0,2.0,489.0,0.00408997955010225,-0.024390243902439025,-0.023681377825618823,-1.0,,-0.00015923566878983295,-0.00015587857059344722,0.14911080711354308,0.14685693641618516,-0.044541179886748945,0.0,0,0,0,0,1,0,-0.024390243902439025,0.14911080711354308,,0.7453416149068323,9.29,0.25661
2026-07-19,7,SH015,宝山区第1支行,社区支行,宝山区,0,3,10,23,42,26,1.35,3.8200000000000003,0,0,1,4.578,0.27799,91,0.7472527472527473,0.0,0.0,0.043478260869565216,2.3,7.666666666666667,0.20444444444444446,24.0,1.0,0.0,0.0,0.75,0.25988,69.80952380952381,7.898571428571429,0.004280644507125344,0.0,2.0,488.0,0.004098360655737705,-0.041666666666666664,0.3500000000000001,,,-0.00366300366300365,0.06968600892719723,-0.6705320600272852,-0.8290830168204014,-0.042583272468484125,0.0,0,0,0,0,1,0,-0.041666666666666664,-0.6705320600272852,,0.75,1.0,0.25988
2026-07-20,1,SH015,宝山区第1支行,社区支行,宝山区,0,3,9,80,146,89,10.67,24.61,0,0,1,4.543,0.27262000000000003,315,0.746031746031746,0.0,0.0,0.0125,8.88888888888889,26.666666666666668,0.7111111111111111,81.0,10.8,0.005952380952380952,0.0,0.7468047867144252,0.25742,69.85714285714286,7.915238095238097,0.004280644507125344,0.0,1.0,484.0,0.002066115702479339,-0.012345679012345678,-0.012037037037037108,-1.0,,-0.0010351308620826308,0.059047471058969965,0.14519427402862978,0.3480327277102632,-0.5173353687651036,0.0,0,0,0,0,1,0,-0.012345679012345678,0.14519427402862978,,0.7468047867144252,10.8,0.25742
2026-07-21,2,SH015,宝山区第1支行,社区支行,宝山区,0,3,9,74,135,83,8.76,19.9,3,0,8,4.629,0.26265,292,0.7465753424657534,0.04054054054054054,0.0,0.10810810810810811,8.222222222222221,24.666666666666668,0.6577777777777778,76.0,8.05,0.0,0.0,0.7461787594948506,0.26018,69.95238095238095,7.948571428571428,0.004280644507125344,0.0,4.0,480.0,0.008333333333333333,-0.02631578947368421,0.08819875776397504,,,0.0005314852049277257,0.009493427627027335,0.057862491490810124,0.10208483105679367,0.9467473459807488,0.0,0,0,0,0,1,0,-0.02631578947368421,0.057862491490810124,,0.7461787594948506,8.05,0.26018
2026-07-22,3,SH015,宝山区第1支行,社区支行,宝山区,0,3,8,71,130,80,8.51,25.56,0,0,1,4.664,0.27089,281,0.7473309608540926,0.0,0.0,0.014084507042253521,8.875,23.666666666666668,0.6311111111111112,73.5,8.48,0.0,0.0,0.7455964697593356,0.257035,69.95238095238095,8.016666666666666,0.006211146437627274,0.0,4.0,476.0,0.008403361344537815,-0.034013605442176874,0.0035377358490565284,,,0.002326313448502305,0.053903164938627054,0.014976174268209715,0.06153846153846164,0.3529485142436911,0.0,0,0,0,0,1,0,-0.034013605442176874,0.014976174268209715,,0.7455964697593356,8.48,0.257035
2026-07-23,4,SH015,宝山区第1支行,社区支行,宝山区,0,3,9,70,127,78,7.82,16.22,0,0,1,4.519,0.25198000000000004,275,0.7454545454545455,0.0,0.0,0.014285714285714285,7.777777777777778,23.333333333333332,0.6222222222222222,72.5,8.185,0.0,0.0,0.7451691418122514,0.26177500000000004,69.9047619047619,8.026666666666667,0.006211146437627274,0.0,4.0,473.0,0.008456659619450317,-0.034482758620689655,-0.04459376908979844,,,0.0003830051813471805,-0.03741762964377804,0.0013623978201635846,-0.02574750830564788,0.36152958304439115,0.0,0,0,0,0,1,0,-0.034482758620689655,0.0013623978201635846,,0.7451691418122514,8.185,0.26177500000000004
2026-07-24,5,SH015,宝山区第1支行,社区支行,宝山区,0,3,9,73,132,81,7.89,22.49,0,0,3,4.746,0.28084000000000003,286,0.7447552447552448,0.0,0.0,0.0410958904109589,8.11111111111111,24.333333333333332,0.6488888888888888,75.0,8.045,0.006666666666666667,0.0,0.7458455253133109,0.258635,69.80952380952381,8.023333333333333,0.005549770776251612,0.0,3.0,471.0,0.006369426751592357,-0.02666666666666667,-0.019266625233064046,-1.0,,-0.0014618047853919194,0.08585458271308999,0.04570259208731241,-0.01661819692563362,0.1476918612293301,0.0,0,0,0,0,0,0,-0.02666666666666667,0.04570259208731241,,0.7458455253133109,8.045,0.258635
2026-07-25,6,SH015,宝山区第1支行,社区支行,宝山区,0,3,9,78,143,88,9.24,24.35,0,0,1,4.483,0.26029,309,0.7475728155339806,0.0,0.0,0.01282051282051282,8.666666666666666,26.0,0.6933333333333334,81.0,9.285,0.005952380952380952,0.0,0.745282272421569,0.25659,69.71428571428571,8.025238095238095,0.004279929506410343,0.0,3.0,469.0,0.006396588486140725,-0.037037037037037035,-0.0048465266558965995,-1.0,,0.0030733900391447496,0.014419891655949323,0.11885245901639355,0.15136770901323218,0.4945546361359729,0.0,0,0,0,0,0,0,-0.037037037037037035,0.11885245901639355,,0.745282272421569,9.285,0.25659
2026-07-26,7,SH015,宝山区第1支行,社区支行,宝山区,0,3,9,23,42,26,1.0,2.01,0,0,0,4.475,0.27513000000000004,91,0.7472527472527473,0.0,0.0,0.0,2.5555555555555554,7.666666666666667,0.20444444444444446,23.5,1.0,0.0,0.0,0.7486842105263158,0.26893500000000004,69.52380952380952,8.022857142857143,0.003699209413495128,0.0,3.0,469.0,0.006396588486140725,-0.02127659574468085,0.0,,,-0.0019119720349949376,0.023035305928941957,-0.6691780821917808,-0.8753561253561254,0.7291771757514612,0.0,0,0,0,0,0,0,-0.02127659574468085,-0.6691780821917808,,0.7486842105263158,1.0,0.26893500000000004
2026-07-27,1,SH015,宝山区第1支行,社区支行,宝山区,0,3,9,81,147,90,10.76,24.8,0,0,6,4.361,0.26706,318,0.7452830188679245,0.0,0.0,0.07407407407407407,9.0,27.0,0.72,82.0,11.15,0.0,0.0,0.7465098489194875,0.261965,69.47619047619048,8.022857142857143,0.003699209413495128,0.0,3.0,470.0,0.006382978723404255,-0.012195121951219513,-0.03497757847533637,,,-0.0016434211194115192,0.019449163056133513,0.165867032213845,0.3411680911680911,0.7254980753775219,0.0,0,0,0,0,0,0,-0.012195121951219513,0.165867032213845,,0.7465098489194875,11.15,0.261965
2026-07-28,2,SH015,宝山区第1支行,社区支行,宝山区,0,3,9,76,139,85,9.01,20.18,1,0,4,4.6850000000000005,0.26043,300,0.7466666666666667,0.013157894736842105,0.0,0.05263157894736842,8.444444444444445,25.333333333333332,0.6755555555555556,76.0,8.495000000000001,0.0,0.0,0.7462780249306259,0.26370000000000005,69.28571428571429,7.954285714285714,0.003699209413495128,0.0,1.0,472.0,0.00211864406779661,0.0,0.060623896409652586,,,0.0005207733888143563,-0.012400455062571293,0.09690721649484527,0.13272270114942533,-0.4272711190484214,0.0,0,0,0,0,0,0,0.0,0.09690721649484527,,0.7462780249306259,8.495000000000001,0.26370000000000005
2026-07-29,3,SH015,宝山区第1支行,社区支行,宝山区,0,3,9,74,135,83,9.2,27.62,0,0,1,4.55,0.26843,292,0.7465753424657534,0.0,0.0,0.013513513513513514,8.222222222222221,24.666666666666668,0.6577777777777778,73.5,8.585,0.0,0.0,0.7461767303490913,0.26536000000000004,69.14285714285714,7.991428571428573,0.004325775829535227,0.0,1.0,475.0,0.002105263157894737,0.006802721088435374,0.07163657542224791,,,0.0005342060405390264,0.011569189026228374,0.07024793388429758,0.1512334644261706,-0.5133212536071404,0.0,0,0,0,0,0,0,0.006802721088435374,0.07024793388429758,,0.7461767303490913,8.585,0.26536000000000004
2026-07-30,4,SH015,宝山区第1支行,社区支行,宝山区,0,3,9,74,134,82,8.66,24.7,1,0,1,4.552,0.26206,290,0.7448275862068966,0.013513513513513514,0.0,0.013513513513513514,8.222222222222221,24.666666666666668,0.6577777777777778,72.5,8.185,0.0,0.0,0.7455187921619018,0.26177500000000004,69.0,7.9785714285714295,0.004325775829535227,0.0,2.0,479.0,0.0041753653444676405,0.020689655172413793,0.05803298717165542,,,-0.0009271475947651924,0.0010887212300639086,0.07246376811594203,0.08540734109221117,-0.03477075350059169,0.0,0,0,0,0,0,0,0.020689655172413793,0.07246376811594203,,0.7455187921619018,8.185,0.26177500000000004
2026-07-31,5,SH015,宝山区第1支行,社区支行,宝山区,0,3,10,77,141,86,8.99,20.88,1,0,4,4.6690000000000005,0.27536000000000005,304,0.7467105263157895,0.012987012987012988,0.0,0.05194805194805195,7.7,25.666666666666668,0.6844444444444445,75.0,8.065,0.006666666666666667,0.0,0.7458455253133109,0.26539500000000005,68.95238095238095,7.9852380952380955,0.004969276473035871,0.0,3.0,483.0,0.006211180124223602,0.02666666666666667,0.11469311841289533,0.948051948051948,,0.0011597589220840121,0.037547806100341,0.11671270718232049,0.1258274196433896,0.2499163928444129,0.0,0,0,0,0,0,0,0.02666666666666667,0.11671270718232049,,0.7458455253133109,8.065,0.26539500000000005
2026-08-01,6,SH015,宝山区第1支行,社区支行,宝山区,0,3,9,83,152,93,10.2,32.49,1,0,0,4.618,0.26575000000000004,328,0.7469512195121951,0.012048192771084338,0.0,0.0,9.222222222222221,27.666666666666668,0.7377777777777778,81.0,9.265,0.005952380952380952,0.0,0.7457825899307575,0.25659,68.9047619047619,8.020000000000001,0.0055877056628936324,0.0,4.0,488.0,0.00819672131147541,0.024691358024691357,0.1009174311926604,1.024096385542169,,0.0015669842621910746,0.03569897501851225,0.20456116102280592,0.2718204488778052,0.4669207374159864,0.0,0,0,0,0,0,0,0.024691358024691357,0.20456116102280592,,0.7457825899307575,9.265,0.25659
2026-08-02,7,SH015,宝山区第1支行,社区支行,宝山区,0,3,9,25,45,28,1.29,3.25,0,0,0,4.661,0.26474000000000003,98,0.7448979591836735,0.0,0.0,0.0,2.7777777777777777,8.333333333333334,0.22222222222222224,23.5,1.0,0.0,0.0,0.7473105841526895,0.27656000000000003,68.85714285714286,8.001428571428571,0.005594535704147083,0.0,4.0,490.0,0.00816326530612245,0.06382978723404255,0.29000000000000004,,,-0.0032284100080710336,-0.04273936939542955,-0.6369294605809129,-0.8387787895018747,0.4591497378542485,0.0,0,0,0,0,1,0,0.06382978723404255,-0.6369294605809129,,0.7473105841526895,1.0,0.27656000000000003
2026-08-03,1,SH015,宝山区第1支行,社区支行,宝山区,0,3,9,87,158,97,12.83,39.89,0,0,1,4.552,0.25774,342,0.7456140350877193,0.0,0.0,0.011494252873563218,9.666666666666666,29.0,0.7733333333333333,82.5,11.195,0.0,0.0,0.7456573824498353,0.26955,68.9047619047619,8.015238095238095,0.005594535704147083,0.0,4.0,496.0,0.008064516129032258,0.05454545454545454,0.14604734256364446,,,-5.8133082480265606e-05,-0.0438137636802077,0.2626123013130616,0.6007010456273765,0.4414987329608502,0.0,0,0,0,0,2,0,0.05454545454545454,0.2626123013130616,,0.7456573824498353,11.195,0.26955
2026-08-04,2,SH015,宝山区第1支行,社区支行,宝山区,0,3,9,82,149,91,9.67,23.68,0,0,1,4.638,0.25787000000000004,322,0.7453416149068323,0.0,0.0,0.012195121951219513,9.11111111111111,27.333333333333332,0.7288888888888888,77.0,8.825,0.006578947368421052,0.0,0.7462780249306259,0.26154,69.04761904761905,8.072380952380954,0.0050276422801108014,0.0,3.0,502.0,0.00597609561752988,0.06493506493506493,0.09575070821529753,-1.0,,-0.0012547736801987184,-0.014032270398409234,0.18758620689655167,0.19791175082586107,0.18864773676741706,0.0,0,0,0,0,2,0,0.06493506493506493,0.18758620689655167,,0.7462780249306259,8.825,0.26154
2026-08-05,3,SH015,宝山区第1支行,社区支行,宝山区,0,3,9,80,145,89,9.59,22.89,0,0,0,4.574,0.26783,314,0.7452229299363057,0.0,0.0,0.0,8.88888888888889,26.666666666666668,0.7111111111111111,74.5,8.93,0.0,0.0,0.7462249649622497,0.26966,69.23809523809524,8.10952380952381,0.0050276422801108014,0.0,3.0,508.0,0.005905511811023622,0.0738255033557047,0.07390817469204929,,,-0.00134280555193523,-0.006786323518504777,0.15543328748280602,0.1825601879036994,0.1746085902701641,0.0,0,0,0,0,2,0,0.0738255033557047,0.15543328748280602,,0.7462249649622497,8.93,0.26966
2026-08-06,4,SH015,宝山区第1支行,社区支行,宝山区,0,3,8,79,143,88,9.98,31.54,0,0,2,4.695,0.27884000000000003,310,0.7451612903225806,0.0,0.0,0.02531645569620253,9.875,26.333333333333332,0.7022222222222222,73.5,8.5,0.0,0.0,0.745141065830721,0.262875,69.47619047619048,8.153809523809523,0.0050276422801108014,0.0,2.0,513.0,0.003898635477582846,0.07482993197278912,0.17411764705882357,,,2.7141829630633655e-05,0.06073228720874942,0.13708019191226858,0.22396776265841287,-0.22455989102372537,0.0,0,0,0,0,3,0,0.07482993197278912,0.13708019191226858,,0.745141065830721,8.5,0.262875
2026-08-07,5,SH015,宝山区第1支行,社区支行,宝山区,0,3,9,82,149,92,9.65,23.42,2,0,9,4.517,0.23658,323,0.7461300309597523,0.024390243902439025,0.0,0.10975609756097561,9.11111111111111,27.333333333333332,0.7288888888888888,76.0,8.25,0.006493506493506494,0.0,0.7458455253133109,0.273525,69.76190476190476,8.225238095238096,0.0050276422801108014,0.0,3.0,518.0,0.005791505791505791,0.07894736842105263,0.16969696969696973,2.7560975609756095,,0.0003814538490685745,-0.13506992048258845,0.1754266211604096,0.17321831760551148,0.15193274875915702,0.0,0,0,0,0,3,0,0.07894736842105263,0.1754266211604096,,0.7458455253133109,8.25,0.273525
2026-08-08,6,SH015,宝山区第1支行,社区支行,宝山区,0,3,9,89,161,99,12.35,29.84,0,0,1,4.561,0.27399,349,0.7449856733524355,0.0,0.0,0.011235955056179775,9.88888888888889,29.666666666666668,0.7911111111111111,81.5,9.719999999999999,0.005952380952380952,0.0,0.746587392233439,0.25843000000000005,70.0952380952381,8.292380952380952,0.005554161831020596,0.0,2.0,524.0,0.003816793893129771,0.09202453987730061,0.2705761316872429,-1.0,,-0.002145386993760872,0.06020972797275843,0.2697010869565216,0.4893189387848857,-0.3128047022662244,0.0,0,0,0,0,3,0,0.09202453987730061,0.2697010869565216,,0.746587392233439,9.719999999999999,0.25843000000000005
2026-08-09,7,SH015,宝山区第1支行,社区支行,宝山区,0,3,8,26,47,29,1.6600000000000001,5.28,0,0,1,4.63,0.24382,102,0.7450980392156863,0.0,0.0,0.038461538461538464,3.25,8.666666666666666,0.2311111111111111,23.5,1.145,0.0,0.0,0.7472527472527473,0.26993500000000004,70.52380952380952,8.44857142857143,0.005554161831020596,0.0,2.0,525.0,0.0038095238095238095,0.10638297872340426,0.4497816593886464,,,-0.002883506343713946,-0.0967455128086392,-0.6313301823092505,-0.803517078119716,-0.31411364569047917,0.0,0,0,0,1,4,0,0.10638297872340426,-0.6313301823092505,,0.7472527472527473,1.145,0.26993500000000004
2026-08-10,1,SH015,宝山区第1支行,社区支行,宝山区,0,3,9,90,164,101,12.72,34.08,2,0,7,4.553,0.25239,355,0.7464788732394366,0.022222222222222223,0.0,0.07777777777777778,10.0,30.0,0.8,82.5,11.195,0.0,0.0,0.7458228905597326,0.2624,70.66666666666667,8.463333333333333,0.005554161831020596,0.0,4.0,528.0,0.007575757575757576,0.09090909090909091,0.1362215274676195,,,0.0008795421647781637,-0.038147865853658605,0.2735849056603773,0.5029539188656953,0.363978545501888,0.0,0,0,0,1,5,0,0.09090909090909091,0.2735849056603773,,0.7458228905597326,11.195,0.2624
2026-08-11,2,SH015,宝山区第1支行,社区支行,宝山区,0,3,8,84,153,94,10.67,24.43,0,0,0,4.604,0.25299000000000005,331,0.7462235649546828,0.0,0.0,0.0,10.5,28.0,0.7466666666666667,77.0,8.95,0.006578947368421052,0.0,0.7462518406139842,0.26154,71.14285714285714,8.560952380952381,0.006612362889221654,0.0,4.0,530.0,0.007547169811320755,0.09090909090909091,0.19217877094972075,-1.0,,-3.78902372664827e-05,-0.03269098417068114,0.18072289156626511,0.24635665813772387,0.14137259823154347,0.0,0,0,0,1,5,0,0.09090909090909091,0.18072289156626511,,0.7462518406139842,8.95,0.26154
2026-08-12,3,SH015,宝山区第1支行,社区支行,宝山区,0,3,8,80,146,90,11.0,28.62,1,0,1,4.516,0.25568,316,0.7468354430379747,0.0125,0.0,0.0125,10.0,26.666666666666668,0.7111111111111111,74.5,8.93,0.0,0.0,0.7458991362010295,0.26966,71.61904761904762,8.651904761904762,0.004681860958719724,0.0,5.0,530.0,0.009433962264150943,0.0738255033557047,0.23180291153415458,,,0.0012552727191961451,-0.05184306163316766,0.11702127659574466,0.27139633441576316,1.0150026554250136,0.0,0,0,0,1,5,0,0.0738255033557047,0.11702127659574466,,0.7458991362010295,8.93,0.26966
2026-08-13,4,SH015,宝山区第1支行,社区支行,宝山区,0,3,8,78,143,88,9.75,26.16,1,0,0,4.5600000000000005,0.26415,309,0.7475728155339806,0.01282051282051282,0.0,0.0,9.75,26.0,0.6933333333333334,73.5,8.57,0.0,0.0,0.7449944382647387,0.262875,72.04761904761905,8.77047619047619,0.005277099053957819,0.0,6.0,529.0,0.011342155009451797,0.061224489795918366,0.1376896149358226,,,0.0034609349235513137,0.004850213980028419,0.08261731658955712,0.11168422195678149,1.1493162992544534,0.0,0,0,0,1,5,0,0.061224489795918366,0.08261731658955712,,0.7449944382647387,8.57,0.262875
2026-08-14,5,SH015,宝山区第1支行,社区支行,宝山区,0,3,10,81,147,90,10.09,29.52,0,0,2,4.5,0.26444,318,0.7452830188679245,0.0,0.0,0.024691358024691357,8.1,27.0,0.72,76.0,8.615,0.01316017316017316,0.0,0.7459463714120795,0.26370000000000005,72.42857142857143,8.862380952380951,0.0058875996644584296,0.0,4.0,528.0,0.007575757575757576,0.06578947368421052,0.171213000580383,-1.0,,-0.0008892764541495539,0.0028062191884716072,0.11834319526627216,0.13852022997152239,0.2867310971379423,0.0,0,0,0,1,5,0,0.06578947368421052,0.11834319526627216,,0.7459463714120795,8.615,0.26370000000000005
2026-08-15,6,SH015,宝山区第1支行,社区支行,宝山区,0,3,8,86,157,96,10.84,22.82,1,0,5,4.553,0.27129000000000003,339,0.7463126843657817,0.011627906976744186,0.0,0.05813953488372093,10.75,28.666666666666668,0.7644444444444445,81.5,9.719999999999999,0.0,0.0,0.7460870747242504,0.26302000000000003,72.80952380952381,8.967142857142857,0.005887599664458429,0.0,5.0,525.0,0.009523809523809525,0.05521472392638037,0.11522633744855978,,,0.0003023904972682607,0.031442475857349245,0.18116415958142576,0.20885773458658594,0.6176048078305564,0.0,0,0,0,1,4,0,0.05521472392638037,0.18116415958142576,,0.7460870747242504,9.719999999999999,0.26302000000000003
2026-08-16,7,SH015,宝山区第1支行,社区支行,宝山区,0,3,9,25,46,28,1.53,4.23,0,0,0,4.572,0.25686000000000003,99,0.7474747474747475,0.0,0.0,0.0,2.7777777777777777,8.333333333333334,0.22222222222222224,24.0,1.32,0.0,0.0,0.7461753932342168,0.26993500000000004,73.19047619047619,9.043333333333333,0.006441309520493866,0.0,5.0,524.0,0.009541984732824428,0.041666666666666664,0.15909090909090906,,,0.0017413523044479207,-0.048437586826458226,-0.6584255042290176,-0.8308145963877626,0.48137342297639313,0.0,0,0,0,1,4,0,0.041666666666666664,-0.6584255042290176,,0.7461753932342168,1.32,0.26993500000000004
2026-08-17,1,SH015,宝山区第1支行,社区支行,宝山区,0,3,8,86,157,96,11.77,25.49,0,0,0,4.587,0.2521,339,0.7463126843657817,0.0,0.0,0.0,10.75,28.666666666666668,0.7644444444444445,84.0,11.74,0.0,0.0,0.7458228905597326,0.2624,73.28571428571429,9.068571428571428,0.006441309520493866,0.0,3.0,520.0,0.0057692307692307696,0.023809523809523808,0.0025553662691651926,,,0.0006567159740585217,-0.03925304878048792,0.17348927875243655,0.29788909892879656,-0.10433883810811921,0.0,0,0,0,0,3,0,0.023809523809523808,0.17348927875243655,,0.7458228905597326,11.74,0.2624
2026-08-18,2,SH015,宝山区第1支行,社区支行,宝山区,0,3,10,80,145,89,9.51,25.04,0,0,1,4.662,0.2554,314,0.7452229299363057,0.0,0.0,0.0125,8.0,26.666666666666668,0.7111111111111111,79.0,9.34,0.006578947368421052,0.0,0.7463994537102181,0.25915,73.52380952380952,9.116666666666667,0.006441309520493866,0.0,3.0,516.0,0.005813953488372093,0.012658227848101266,0.018201284796573867,-1.0,,-0.0015762655881701546,-0.014470383947520647,0.08808290155440422,0.04314442413162698,-0.09739572832601166,0.0,0,0,0,0,2,0,0.012658227848101266,0.08808290155440422,,0.7463994537102181,9.34,0.25915
2026-08-19,3,SH015,宝山区第1支行,社区支行,宝山区,0,3,9,76,139,85,8.19,25.31,0,0,1,4.526,0.2735,300,0.7466666666666667,0.0,0.0,0.013157894736842105,8.444444444444445,25.333333333333332,0.6755555555555556,77.0,9.395,0.0,0.0,0.7467053927518641,0.26813,73.71428571428571,9.140476190476189,0.005814743104453767,0.0,2.0,512.0,0.00390625,-0.012987012987012988,-0.12825971261309208,,,-5.186260280600732e-05,0.020027598552940895,0.031007751937984582,-0.10398541286793428,-0.3282162376170958,0.0,0,0,0,0,1,0,-0.012987012987012988,0.031007751937984582,,0.7467053927518641,9.395,0.26813
2026-08-20,4,SH015,宝山区第1支行,社区支行,宝山区,0,3,8,74,135,83,7.77,23.41,1,0,1,4.574,0.27464,292,0.7465753424657534,0.013513513513513514,0.0,0.013513513513513514,9.25,24.666666666666668,0.6577777777777778,76.0,9.205,0.00641025641025641,0.0,0.7453079178885631,0.26310500000000003,73.80952380952381,9.092380952380953,0.005814743104453767,0.0,2.0,508.0,0.003937007874015748,-0.02631578947368421,-0.15589353612167306,1.1081081081081083,,0.001700538189344468,0.04384181220425291,0.0025806451612903135,-0.14543835759924595,-0.32292660169282095,0.0,0,0,0,0,1,1,-0.02631578947368421,0.0025806451612903135,,0.7453079178885631,9.205,0.26310500000000003
2026-08-21,5,SH015,宝山区第1支行,社区支行,宝山区,0,3,8,77,140,86,8.0,23.06,1,0,5,4.5600000000000005,0.26471,303,0.7458745874587459,0.012987012987012988,0.0,0.06493506493506493,9.625,25.666666666666668,0.6844444444444445,79.0,9.32,0.006493506493506494,0.0,0.7457065249138384,0.26990000000000003,73.80952380952381,9.05,0.005814743104453767,0.0,3.0,504.0,0.005952380952380952,-0.02531645569620253,-0.14163090128755368,1.0,,0.0002253735743118929,-0.019229344201556232,0.04322580645161289,-0.11602209944751388,0.02367049505966352,0.0,0,0,0,0,0,2,-0.02531645569620253,0.04322580645161289,,0.7457065249138384,9.32,0.26990000000000003
2026-08-22,6,SH015,宝山区第1支行,社区支行,宝山区,0,3,8,82,150,92,10.98,26.95,0,0,0,4.579,0.26901,324,0.7469135802469136,0.0,0.0,0.0,10.25,27.333333333333332,0.7288888888888888,84.5,10.52,0.005813953488372093,0.0,0.7466319519389883,0.26852000000000004,73.80952380952381,9.002857142857144,0.005814743104453767,0.0,2.0,500.0,0.004,-0.029585798816568046,0.04372623574144495,-1.0,,0.00037719830660050906,0.0018248175182481393,0.11096774193548387,0.21961282132656296,-0.3120934273199061,0.0,0,0,0,0,0,2,-0.029585798816568046,0.11096774193548387,,0.7466319519389883,10.52,0.26852000000000004
2026-08-23,7,SH015,宝山区第1支行,社区支行,宝山区,0,3,10,24,44,27,1.0,2.45,0,0,0,4.561,0.26993,95,0.7473684210526316,0.0,0.0,0.0,2.4,8.0,0.21333333333333335,25.0,1.4100000000000001,0.0,0.0,0.7461753932342168,0.26080000000000003,73.76190476190476,9.040000000000001,0.0052410196391640355,0.0,2.0,499.0,0.004008016032064128,-0.04,-0.2907801418439717,,,0.001598857090748789,0.03500766871165633,-0.6746287927695287,-0.8893805309734514,-0.23526025315497134,0.0,0,0,0,0,0,3,-0.04,-0.6746287927695287,,0.7461753932342168,1.4100000000000001,0.26080000000000003
2026-08-24,1,SH015,宝山区第1支行,社区支行,宝山区,0,3,9,84,152,93,11.7,26.39,0,0,1,4.609,0.26478,329,0.7446808510638298,0.0,0.0,0.011904761904761904,9.333333333333334,28.0,0.7466666666666667,86.5,12.245000000000001,0.0,0.0,0.7459633597267505,0.255065,73.71428571428571,9.026190476190477,0.0052410196391640355,0.0,2.0,497.0,0.004024144869215292,-0.028901734104046242,-0.04450796243364652,,,-0.001719264956110683,0.03808833042557791,0.13953488372093031,0.29622790820364003,-0.23218282962641978,0.0,0,0,0,0,0,3,-0.028901734104046242,0.13953488372093031,,0.7459633597267505,12.245000000000001,0.255065
2026-08-25,2,SH015,宝山区第1支行,社区支行,宝山区,0,3,9,78,143,87,9.63,26.83,2,0,3,4.569,0.26917,308,0.7467532467532467,0.02564102564102564,0.0,0.038461538461538464,8.666666666666666,26.0,0.6933333333333334,81.0,9.59,0.0,0.0,0.7457825899307575,0.25663500000000006,73.57142857142857,8.972380952380952,0.0052410196391640355,0.0,4.0,495.0,0.00808080808080808,-0.037037037037037035,0.00417101147028164,,,0.0013015278656200906,0.04884368850702344,0.06019417475728158,0.07329370555142778,0.5418389239420983,0.0,0,0,0,0,0,2,-0.037037037037037035,0.06019417475728158,,0.7457825899307575,9.59,0.25663500000000006
2026-08-26,3,SH015,宝山区第1支行,社区支行,宝山区,0,3,8,76,138,85,9.44,26.87,0,0,1,4.663,0.26392000000000004,299,0.745819397993311,0.0,0.0,0.013157894736842105,9.5,25.333333333333332,0.6755555555555556,78.0,9.395,0.0,0.0,0.7466210045662101,0.26813,73.38095238095238,8.970476190476191,0.006462020860165256,0.0,4.0,495.0,0.00808080808080808,-0.02564102564102564,0.004789781798829157,,,-0.0010736458899449374,-0.015701338902770805,0.035691109669046095,0.05234101284637424,0.25050789152070724,0.0,0,0,0,0,0,1,-0.02564102564102564,0.035691109669046095,,0.7466210045662101,9.395,0.26813
2026-08-27,4,SH015,宝山区第1支行,社区支行,宝山区,0,3,9,75,137,84,8.19,18.38,0,0,1,4.632,0.24552000000000002,296,0.7466216216216216,0.0,0.0,0.013333333333333334,8.333333333333334,25.0,0.6666666666666666,76.0,9.205,0.013167013167013167,0.0,0.7458683163941671,0.269395,73.19047619047619,8.963333333333335,0.006462020860165256,0.0,3.0,496.0,0.006048387096774193,-0.013157894736842105,-0.11026615969581754,-1.0,,0.0010099708097219132,-0.08862451047718027,0.02472348731294731,-0.086277426552622,-0.06400997030834163,0.0,0,0,0,0,0,1,-0.013157894736842105,0.02472348731294731,,0.7458683163941671,9.205,0.269395
2026-08-28,5,SH015,宝山区第1支行,社区支行,宝山区,0,3,9,79,143,88,10.33,25.51,0,0,4,4.554,0.23791,310,0.7451612903225806,0.0,0.0,0.05063291139240506,8.777777777777779,26.333333333333332,0.7022222222222222,79.0,9.32,0.012987012987012988,0.0,0.7460023092092491,0.264575,73.0,8.878095238095238,0.006462020860165256,0.0,2.0,498.0,0.004016064257028112,0.0,0.10836909871244632,-1.0,,-0.0011273676720384553,-0.10078427667013132,0.0821917808219178,0.163537867410427,-0.37851264427434733,0.0,0,0,0,0,0,0,0.0,0.0821917808219178,,0.7460023092092491,9.32,0.264575
2026-08-29,6,SH015,宝山区第1支行,社区支行,宝山区,0,3,9,85,156,95,11.55,35.72,0,0,1,4.539,0.28238,336,0.7470238095238095,0.0,0.0,0.011764705882352941,9.444444444444445,28.333333333333332,0.7555555555555555,84.5,10.91,0.005813953488372093,0.0,0.7466131323063476,0.27015,72.85714285714286,8.91047619047619,0.005300580674334828,0.0,2.0,501.0,0.003992015968063872,0.005917159763313609,0.05866177818515129,-1.0,,0.0005500535681622596,0.04527114565981869,0.1666666666666666,0.2962270200940574,-0.2468719535968893,0.0,0,0,0,0,0,0,0.005917159763313609,0.1666666666666666,,0.7466131323063476,10.91,0.27015
2026-08-30,7,SH015,宝山区第1支行,社区支行,宝山区,0,3,10,25,46,28,1.0,2.25,1,0,2,4.521,0.25965000000000005,99,0.7474747474747475,0.04,0.0,0.08,2.5,8.333333333333334,0.22222222222222224,25.0,1.4100000000000001,0.0,0.0,0.746233230134159,0.26080000000000003,72.66666666666667,8.872380952380952,0.005300580674334828,0.0,3.0,502.0,0.00597609561752988,0.0,-0.2907801418439717,,,0.0016637122155030877,-0.004409509202453928,-0.6559633027522936,-0.8872906826964363,0.1274416869958919,0.0,0,0,0,0,0,1,0.0,-0.6559633027522936,,0.746233230134159,1.4100000000000001,0.26080000000000003
2026-08-31,1,SH015,宝山区第1支行,社区支行,宝山区,0,3,10,89,162,99,13.25,34.4,0,0,4,4.329,0.26864000000000005,350,0.7457142857142857,0.0,0.0,0.0449438202247191,8.9,29.666666666666668,0.7911111111111111,86.5,12.245000000000001,0.0,0.0,0.7459633597267505,0.255065,72.61904761904762,8.84095238095238,0.0072053425790967315,0.0,3.0,507.0,0.005917159763313609,0.028901734104046242,0.08207431604736619,,,-0.0003338957727844905,0.05322172779487605,0.22557377049180324,0.49870731444576116,-0.17878161956105215,0.0,0,0,0,0,0,1,0.028901734104046242,0.22557377049180324,,0.7459633597267505,12.245000000000001,0.255065
2026-09-01,2,SH015,宝山区第1支行,社区支行,宝山区,0,3,9,83,151,93,10.36,27.53,0,0,3,4.636,0.24641000000000002,327,0.746177370030581,0.0,0.0,0.03614457831325301,9.222222222222221,27.666666666666668,0.7377777777777778,81.0,9.65,0.0,0.0,0.7457825899307575,0.25663500000000006,72.57142857142857,8.866190476190477,0.006147141520895673,0.0,1.0,512.0,0.001953125,0.024691358024691357,0.07357512953367866,,,0.0005293501151054965,-0.03984257798040033,0.14370078740157483,0.16848380686395603,-0.6822710208702957,0.0,0,0,0,0,0,1,0.024691358024691357,0.14370078740157483,,0.7457825899307575,9.65,0.25663500000000006
2026-09-02,3,SH015,宝山区第1支行,社区支行,宝山区,0,3,10,81,148,90,10.9,34.49,0,0,0,4.625,0.26239,319,0.7460815047021944,0.0,0.0,0.0,8.1,27.0,0.72,78.0,9.515,0.0,0.0,0.7462430323299889,0.26587500000000003,72.52380952380952,8.85142857142857,0.006147141520895673,0.0,1.0,517.0,0.0019342359767891683,0.038461538461538464,0.14555964266946922,,,-0.0002164544535715084,-0.013107663375646509,0.11687458962573875,0.2314396384764366,-0.6853438349818016,0.0,0,0,0,0,1,1,0.038461538461538464,0.11687458962573875,,0.7462430323299889,9.515,0.26587500000000003
2026-09-03,4,SH015,宝山区第1支行,社区支行,宝山区,0,3,9,80,146,90,9.43,27.92,0,0,1,4.505,0.26706,316,0.7468354430379747,0.0,0.0,0.0125,8.88888888888889,26.666666666666668,0.7111111111111111,76.5,8.969999999999999,0.00641025641025641,0.0,0.7465984820436875,0.269395,72.57142857142857,8.846666666666668,0.005551903425657579,0.0,1.0,522.0,0.0019157088122605363,0.0457516339869281,0.051282051282051384,-1.0,,0.000317387457899084,-0.00866756992520268,0.10236220472440948,0.06593820648078358,-0.6549455807521299,0.0,0,0,0,0,1,1,0.0457516339869281,0.10236220472440948,,0.7465984820436875,8.969999999999999,0.269395
2026-09-04,5,SH015,宝山区第1支行,社区支行,宝山区,0,3,9,84,154,94,10.62,25.37,0,0,0,4.529,0.24993,332,0.7469879518072289,0.0,0.0,0.0,9.333333333333334,28.0,0.7466666666666667,80.0,9.870000000000001,0.006493506493506494,0.0,0.7455788031633352,0.25117500000000004,72.66666666666667,8.831428571428571,0.004941402815156968,0.0,1.0,527.0,0.0018975332068311196,0.05,0.07598784194528857,-1.0,,0.0018900063117606191,-0.004956703493580268,0.1559633027522935,0.20252345519249432,-0.6159930129535811,0.0,0,0,0,0,1,0,0.05,0.1559633027522935,,0.7455788031633352,9.870000000000001,0.25117500000000004
2026-09-05,6,SH015,宝山区第1支行,社区支行,宝山区,0,3,9,92,167,102,12.53,29.81,0,0,0,4.517,0.26554,361,0.7451523545706371,0.0,0.0,0.0,10.222222222222221,30.666666666666668,0.8177777777777778,85.5,11.265,0.0,0.0,0.7466131323063476,0.27264,72.80952380952381,8.856666666666667,0.004941402815156968,0.0,1.0,534.0,0.0018726591760299626,0.07602339181286549,0.1122947181535729,,,-0.0019565390327358125,-0.02604166666666665,0.26357096141268804,0.4147534813699659,-0.6210268124092457,0.0,0,0,0,0,1,0,0.07602339181286549,0.26357096141268804,,0.7466131323063476,11.265,0.27264
2026-09-06,7,SH015,宝山区第1支行,社区支行,宝山区,0,3,8,27,49,30,1.44,3.51,0,0,0,4.5440000000000005,0.25334,106,0.7452830188679245,0.0,0.0,0.0,3.375,9.0,0.24,25.0,1.2650000000000001,0.0,0.0,0.7474215842636895,0.258255,73.0952380952381,8.937142857142858,0.004387692959121531,0.0,0.0,536.0,0.0,0.08,0.13833992094861644,,,-0.002861257208502805,-0.019031577316992905,-0.6306188925081434,-0.8388746803069055,-1.0,0.0,0,0,0,0,2,0,0.08,-0.6306188925081434,,0.7474215842636895,1.2650000000000001,0.258255
2026-09-07,1,SH015,宝山区第1支行,社区支行,宝山区,0,3,9,94,172,105,14.9,46.92,2,0,4,4.389,0.26737,371,0.7466307277628033,0.02127659574468085,0.0,0.0425531914893617,10.444444444444445,31.333333333333332,0.8355555555555555,87.5,12.245000000000001,0.0,0.0,0.7460134850400337,0.258585,73.19047619047619,8.932857142857143,0.004387692959121531,0.0,2.0,541.0,0.0036968576709796672,0.07428571428571429,0.2168231931400571,,,0.0008273881573821756,0.03397335498965519,0.28432010409889397,0.6679993603070525,-0.1574484118597435,0.0,0,0,0,0,2,0,0.07428571428571429,0.28432010409889397,,0.7460134850400337,12.245000000000001,0.258585
2026-09-08,2,SH015,宝山区第1支行,社区支行,宝山区,0,3,9,88,161,98,12.52,34.61,0,0,1,4.603,0.28018000000000004,347,0.7463976945244957,0.0,0.0,0.011363636363636364,9.777777777777779,29.333333333333332,0.7822222222222222,81.5,9.995000000000001,0.0,0.0,0.7462004674926319,0.25419500000000006,73.57142857142857,9.081904761904761,0.005400864185058714,0.0,2.0,546.0,0.003663003663003663,0.07975460122699386,0.25262631315657813,,,0.00026430837349442337,0.10222467003678268,0.19611650485436896,0.37856543624161076,-0.3217745276511074,0.0,0,0,0,0,3,0,0.07975460122699386,0.19611650485436896,,0.7462004674926319,9.995000000000001,0.25419500000000006
2026-09-09,3,SH015,宝山区第1支行,社区支行,宝山区,0,3,9,85,155,95,12.07,26.02,0,0,2,4.536,0.27325000000000005,335,0.746268656716418,0.0,0.0,0.023529411764705882,9.444444444444445,28.333333333333332,0.7555555555555555,78.0,10.17,0.0,0.0,0.7463740856844305,0.26315500000000003,73.95238095238095,9.225238095238094,0.005400864185058714,0.0,2.0,550.0,0.0036363636363636364,0.08974358974358974,0.1868239921337267,,,-0.0001412548613821424,0.0383614219756418,0.14938828074694147,0.3083673153357768,-0.3267070765409176,0.0,0,0,0,1,4,0,0.08974358974358974,0.14938828074694147,,0.7463740856844305,10.17,0.26315500000000003
2026-09-10,4,SH015,宝山区第1支行,社区支行,宝山区,0,3,9,84,152,93,11.55,24.19,0,0,2,4.626,0.265,329,0.7446808510638298,0.0,0.0,0.023809523809523808,9.333333333333334,28.0,0.7466666666666667,76.5,8.809999999999999,0.00641025641025641,0.0,0.7467285323297981,0.265605,74.38095238095238,9.41,0.005400864185058714,0.0,2.0,554.0,0.0036101083032490976,0.09803921568627451,0.31101021566401843,-1.0,,-0.0027422030594967985,-0.002277818565162428,0.12932138284250963,0.2274176408076515,-0.33156839728791454,0.0,0,0,0,1,5,0,0.09803921568627451,0.12932138284250963,,0.7467285323297981,8.809999999999999,0.265605
2026-09-11,5,SH015,宝山区第1支行,社区支行,宝山区,0,3,8,87,158,97,12.08,32.97,0,0,2,4.555,0.26081000000000004,342,0.7456140350877193,0.0,0.0,0.022988505747126436,10.875,29.0,0.7733333333333333,80.0,10.21,0.0,0.0,0.7455788031633352,0.257185,74.85714285714286,9.59,0.00475736354155807,0.0,2.0,557.0,0.003590664272890485,0.0875,0.1831537708129284,,,4.7254460875975165e-05,0.01409491222271923,0.1622137404580152,0.2596454640250261,-0.24524072177285883,0.0,0,0,0,1,5,0,0.0875,0.1622137404580152,,0.7455788031633352,10.21,0.257185
2026-09-12,6,SH015,宝山区第1支行,社区支行,宝山区,0,3,10,93,168,103,13.68,39.46,1,0,5,4.44,0.25719000000000003,364,0.7445054945054945,0.010752688172043012,0.0,0.053763440860215055,9.3,31.0,0.8266666666666667,85.5,11.265,0.0,0.0,0.7466131323063476,0.27015,75.33333333333333,9.784285714285714,0.004138934351700309,0.0,3.0,558.0,0.005376344086021506,0.08771929824561403,0.21438082556591204,,,-0.0028229315955673588,-0.04797334813992216,0.23451327433628327,0.39816031537450725,0.2989681954759342,0.0,0,0,0,1,5,0,0.08771929824561403,0.23451327433628327,,0.7466131323063476,11.265,0.27015
2026-09-13,7,SH015,宝山区第1支行,社区支行,宝山区,0,3,9,27,49,30,2.01,4.23,0,0,0,4.566,0.27908000000000005,106,0.7452830188679245,0.0,0.0,0.0,3.0,9.0,0.24,25.0,1.22,0.0,0.0,0.7474215842636895,0.258255,75.85714285714286,9.912857142857142,0.004650967121797596,0.0,3.0,558.0,0.005376344086021506,0.08,0.6475409836065572,,,-0.002861257208502805,0.08063735455267096,-0.6440677966101696,-0.7972330306960658,0.1559626084700319,0.0,0,0,0,1,5,0,0.08,-0.6440677966101696,,0.7474215842636895,1.22,0.258255
2026-09-14,1,SH015,宝山区第1支行,社区支行,宝山区,0,3,9,93,169,104,16.21,42.41,2,0,5,4.434,0.25814000000000004,366,0.7459016393442623,0.021505376344086023,0.0,0.053763440860215055,10.333333333333334,31.0,0.8266666666666667,87.5,12.51,0.0,0.0,0.7460134850400337,0.266075,76.0,9.960952380952381,0.004650967121797595,0.0,3.0,557.0,0.005385996409335727,0.06285714285714286,0.2957633892885692,,,-0.00014992449602352996,-0.02982241849102685,0.2236842105263158,0.6273544315900181,0.1580379452895474,0.0,0,0,0,1,5,0,0.06285714285714286,0.2236842105263158,,0.7460134850400337,12.51,0.266075
2026-09-15,2,SH015,宝山区第1支行,社区支行,宝山区,0,3,10,86,156,96,11.1,33.11,1,0,4,4.651,0.24976,338,0.7455621301775148,0.011627906976744186,0.0,0.046511627906976744,8.6,28.666666666666668,0.7644444444444445,81.5,9.995000000000001,0.0,0.0,0.7462875322775384,0.262285,76.42857142857143,10.175714285714285,0.005675032661992168,0.0,4.0,555.0,0.007207207207207207,0.05521472392638037,0.11055527763881927,,,-0.0009720142286308695,-0.04775339802123637,0.12523364485981306,0.09083251439000423,0.2699851501254944,0.0,0,0,0,1,4,0,0.05521472392638037,0.12523364485981306,,0.7462875322775384,9.995000000000001,0.262285
2026-09-16,3,SH015,宝山区第1支行,社区支行,宝山区,0,3,8,82,149,92,9.12,28.57,0,0,3,4.629,0.28098,323,0.7461300309597523,0.0,0.0,0.036585365853658534,10.25,27.333333333333332,0.7288888888888888,78.5,10.17,0.0,0.0,0.7461750807093062,0.2685850000000001,76.80952380952381,10.245714285714286,0.005007741297026384,0.0,4.0,552.0,0.007246376811594203,0.044585987261146494,-0.10324483775811216,,,-6.0374234839173154e-05,0.04614926373401318,0.06757594544327339,-0.10987172336865594,0.44703497680623583,0.0,0,0,0,0,3,0,0.044585987261146494,0.06757594544327339,,0.7461750807093062,10.17,0.2685850000000001
2026-09-17,4,SH015,宝山区第1支行,社区支行,宝山区,0,3,10,80,145,89,9.93,26.0,1,0,2,4.522,0.25365000000000004,314,0.7452229299363057,0.0125,0.0,0.025,8.0,26.666666666666668,0.7111111111111111,77.5,8.809999999999999,0.0,0.0,0.7465984820436875,0.26603,77.0952380952381,10.230476190476189,0.005007741297026384,0.0,5.0,548.0,0.009124087591240875,0.03225806451612903,0.12712826333711705,,,-0.0018424255345610746,-0.046536104950569285,0.03767757875231615,-0.029370694470303365,0.821996594883764,0.0,0,0,0,0,3,0,0.03225806451612903,0.03767757875231615,,0.7465984820436875,8.809999999999999,0.26603
2026-09-18,5,SH015,宝山区第1支行,社区支行,宝山区,0,3,10,82,150,92,10.74,28.85,0,0,3,4.602,0.2771,324,0.7469135802469136,0.0,0.0,0.036585365853658534,8.2,27.333333333333332,0.7288888888888888,81.5,10.475,0.0,0.0,0.7457443112732326,0.25537000000000004,77.33333333333333,10.313333333333333,0.00560297939226448,0.0,5.0,543.0,0.009208103130755065,0.006134969325153374,0.025298329355608648,,,0.0015679220826835955,0.08509221913302255,0.06034482758620696,0.04137039431157088,0.6434297694308584,0.0,0,0,0,0,2,0,0.006134969325153374,0.06034482758620696,,0.7457443112732326,10.475,0.25537000000000004
2026-09-19,6,SH015,宝山区第1支行,社区支行,宝山区,0,3,9,88,159,98,12.07,33.25,0,0,2,4.451,0.24565,345,0.744927536231884,0.0,0.0,0.022727272727272728,9.777777777777779,29.333333333333332,0.7822222222222222,88.5,12.04,0.0,0.0,0.7460329674087753,0.26727500000000004,77.47619047619048,10.332857142857144,0.00560297939226448,0.0,4.0,538.0,0.007434944237918215,-0.005649717514124294,0.002491694352159563,,,-0.0014817457474176525,-0.08090917594238155,0.13583282114320827,0.1681183464675791,0.3269626242393398,0.0,0,0,0,0,1,0,-0.005649717514124294,0.13583282114320827,,0.7460329674087753,12.04,0.26727500000000004
2026-06-22,1,SH016,宝山区第2支行,社区支行,宝山区,0,4,8,59,111,68,6.13,18.71,0,0,1,4.63,0.28028000000000003,238,0.7521008403361344,0.0,0.0,0.01694915254237288,7.375,14.75,0.3933333333333333,,,,,,,,,,,,,,,,,,,,,,,,0,0,0,0,0,0,,,,,,
2026-06-23,2,SH016,宝山区第2支行,社区支行,宝山区,0,4,8,55,103,63,4.46,11.42,0,0,1,4.554,0.27891000000000005,221,0.751131221719457,0.0,0.0,0.01818181818181818,6.875,13.75,0.36666666666666664,,,,,,,,,,,,,,,,,,,,,,,,0,0,0,0,0,0,,,,,,
2026-06-24,3,SH016,宝山区第2支行,社区支行,宝山区,0,4,8,53,99,61,5.13,13.67,1,0,3,4.675,0.28278000000000003,213,0.7511737089201878,0.018867924528301886,0.0,0.05660377358490566,6.625,13.25,0.35333333333333333,,,,,,,,,,,,,,,,,,,,,,,,0,0,0,0,0,0,,,,,,
2026-06-25,4,SH016,宝山区第2支行,社区支行,宝山区,0,4,8,52,98,60,5.55,11.98,0,0,0,4.608,0.27852000000000005,210,0.7523809523809524,0.0,0.0,0.0,6.5,13.0,0.3466666666666667,,,,,,,,,,,,,,,,,,,,,,,,0,0,0,0,0,0,,,,,,
2026-06-26,5,SH016,宝山区第2支行,社区支行,宝山区,0,4,9,54,102,63,3.77,9.01,0,0,0,4.639,0.28216,219,0.7534246575342466,0.0,0.0,0.0,6.0,13.5,0.36,,,,,,,,,,,1.0,273.0,0.003663003663003663,,,,,,,,,,,0,0,0,0,0,0,,,,,,
2026-06-27,6,SH016,宝山区第2支行,社区支行,宝山区,0,4,8,59,111,68,6.63,15.66,1,0,2,4.545,0.304,238,0.7521008403361344,0.01694915254237288,0.0,0.03389830508474576,7.375,14.75,0.3933333333333333,,,,,,,54.6,5.008,0.0037735849056603774,0.0,2.0,332.0,0.006024096385542169,,,,,,,0.08058608058608056,0.3238817891373802,0.5963855421686748,,0,0,0,0,0,0,,0.08058608058608056,,,,
2026-06-28,7,SH016,宝山区第2支行,社区支行,宝山区,0,4,7,17,33,20,1.65,4.6,0,0,0,4.657,0.29035,70,0.7571428571428571,0.0,0.0,0.0,2.4285714285714284,4.25,0.11333333333333333,,,,,,,55.333333333333336,5.278333333333333,0.0059695128451124615,0.0,2.0,349.0,0.0057306590257879654,,,,,,,-0.6927710843373495,-0.687401326176192,-0.04001227998362674,,0,0,0,0,0,0,,-0.6927710843373495,,,,
2026-06-29,1,SH016,宝山区第2支行,社区支行,宝山区,0,4,8,61,115,71,5.35,11.51,0,0,1,4.711,0.3035,247,0.7530364372469636,0.0,0.0,0.01639344262295082,7.625,15.25,0.4066666666666667,,,,,,,49.857142857142854,4.76,0.005116725295810681,0.0,2.0,351.0,0.005698005698005698,,,,,,,0.22349570200573074,0.12394957983193275,0.1136039886039886,,0,0,0,0,0,0,,0.22349570200573074,,,,
2026-06-30,2,SH016,宝山区第2支行,社区支行,宝山区,0,4,8,58,109,67,4.82,10.29,0,0,1,4.523,0.27362000000000003,234,0.7521367521367521,0.0,0.0,0.017241379310344827,7.25,14.5,0.38666666666666666,,,,,,,51.25,4.83375,0.004477134633834346,0.0,2.0,354.0,0.005649717514124294,,,,,,,0.13170731707317074,-0.002844582363589331,0.2619047619047619,,0,0,0,0,0,0,,0.13170731707317074,,,,
2026-07-01,3,SH016,宝山区第2支行,社区支行,宝山区,0,4,9,56,106,65,4.73,11.64,0,0,2,4.513,0.2817,227,0.7533039647577092,0.0,0.0,0.03571428571428571,6.222222222222222,14.0,0.37333333333333335,,,,,,,52.0,4.832222222222223,0.003979675230074974,0.0,1.0,357.0,0.0028011204481792717,,,,,,,0.07692307692307693,-0.021154288342147616,-0.29614345738295317,,0,0,0,0,0,0,,0.07692307692307693,,,,
2026-07-02,4,SH016,宝山区第2支行,社区支行,宝山区,0,4,8,56,105,65,5.0,12.15,0,0,3,4.596,0.26897000000000004,226,0.7522123893805309,0.0,0.0,0.05357142857142857,7.0,14.0,0.37333333333333335,,,,,,,52.4,4.822,0.0035817077070674766,0.0,1.0,361.0,0.002770083102493075,,,,,,,0.06870229007633591,0.036914143508917446,-0.22660269093787094,,0,0,0,0,0,0,,0.06870229007633591,,,,
2026-07-03,5,SH016,宝山区第2支行,社区支行,宝山区,0,4,8,59,111,68,4.19,9.14,0,0,0,4.663,0.29075,238,0.7521008403361344,0.0,0.0,0.0,7.375,14.75,0.3933333333333333,,,,,,,52.72727272727273,4.838181818181818,0.003256097915515888,0.0,1.0,366.0,0.00273224043715847,,,,,,,0.11896551724137933,-0.13397219090567444,-0.16088505074160808,,0,0,0,0,0,0,,0.11896551724137933,,,,
2026-07-04,6,SH016,宝山区第2支行,社区支行,宝山区,0,4,7,64,120,74,6.39,19.91,0,0,0,4.579,0.28062000000000004,258,0.751937984496124,0.0,0.0,0.0,9.142857142857142,16.0,0.4266666666666667,,,,,,,53.25,4.784166666666667,0.0029847564225562308,0.0,0.0,371.0,0.0,,,,,,,0.20187793427230047,0.33565580909249254,-1.0,,0,0,0,0,0,0,,0.20187793427230047,,,,
2026-07-05,7,SH016,宝山区第2支行,社区支行,宝山区,0,4,8,19,36,22,2.76,5.93,0,0,0,4.695,0.28092,77,0.7532467532467533,0.0,0.0,0.0,2.375,4.75,0.12666666666666668,,,,,,,54.07692307692308,4.907692307692307,0.0027551597746672896,0.0,0.0,373.0,0.0,,,,,,,-0.6486486486486487,-0.43761755485893417,-1.0,,0,0,0,0,0,0,,-0.6486486486486487,,,,
2026-07-06,1,SH016,宝山区第2支行,社区支行,宝山区,0,4,8,66,124,76,5.17,15.22,2,0,4,4.619,0.28455,266,0.7518796992481203,0.030303030303030304,0.0,0.06060606060606061,8.25,16.5,0.44,60.0,5.74,0.0,0.0,0.752568638791549,0.29189,51.57142857142857,4.7542857142857144,0.0025583626479053407,0.0,2.0,378.0,0.005291005291005291,0.1,-0.09930313588850179,,,-0.0009154507747426512,-0.025146459282606316,0.2797783933518006,0.0874399038461538,1.0681216931216928,0.0,0,0,0,0,0,0,0.1,0.2797783933518006,,0.752568638791549,5.74,0.29189
2026-07-07,2,SH016,宝山区第2支行,社区支行,宝山区,0,4,9,62,116,71,4.73,10.65,1,0,3,4.567,0.27755,249,0.751004016064257,0.016129032258064516,0.0,0.04838709677419355,6.888888888888889,15.5,0.41333333333333333,56.5,4.640000000000001,0.0,0.0,0.7516339869281046,0.27626500000000004,52.53333333333333,4.782,0.004408007158247005,0.0,3.0,382.0,0.007853403141361256,0.09734513274336283,0.019396551724137897,,,-0.0008381351492927991,0.004651331149439778,0.18020304568527923,-0.01087411125052271,0.7816221388543367,0.0,0,0,0,0,0,0,0.09734513274336283,0.18020304568527923,,0.7516339869281046,4.640000000000001,0.27626500000000004
2026-07-08,3,SH016,宝山区第2支行,社区支行,宝山区,0,4,8,60,113,69,4.87,10.14,0,0,2,4.65,0.28891,242,0.7520661157024794,0.0,0.0,0.03333333333333333,7.5,15.0,0.4,54.5,4.93,0.009433962264150943,0.0,0.7522388368389485,0.28224000000000005,53.125,4.7787500000000005,0.005140571226985599,0.0,3.0,386.0,0.007772020725388601,0.10091743119266056,-0.012170385395537447,-1.0,,-0.0002296094378681156,0.023632369614512302,0.12941176470588237,0.019094951608684196,0.5118982662061214,0.0,0,0,0,0,0,0,0.10091743119266056,0.12941176470588237,,0.7522388368389485,4.93,0.28224000000000005
2026-07-09,4,SH016,宝山区第2支行,社区支行,宝山区,0,4,7,59,111,68,5.64,16.3,0,0,0,4.636,0.26793,238,0.7521008403361344,0.0,0.0,0.0,8.428571428571429,14.75,0.3933333333333333,54.0,5.275,0.0,0.0,0.7522966708807417,0.273745,53.529411764705884,4.784117647058824,0.00483818468422174,0.0,3.0,389.0,0.007712082262210797,0.09259259259259259,0.0691943127962084,,,-0.0002603102634735709,-0.02124239712140866,0.10219780219780217,0.17890077462191065,0.5940032813053614,0.0,0,0,0,0,0,0,0.09259259259259259,0.10219780219780217,,0.7522966708807417,5.275,0.273745
2026-07-10,5,SH016,宝山区第2支行,社区支行,宝山区,0,4,9,61,115,70,5.08,10.33,0,0,1,4.626,0.2743,246,0.7520325203252033,0.0,0.0,0.01639344262295082,6.777777777777778,15.25,0.4066666666666667,56.5,3.9800000000000004,0.0,0.0,0.7527627489351905,0.286455,53.833333333333336,4.831666666666667,0.004569396646209421,0.0,3.0,391.0,0.0076726342710997444,0.07964601769911504,0.27638190954773856,,,-0.0009700647528322908,-0.04243249375992748,0.13312693498452008,0.05139703345981367,0.6791350948849316,0.0,0,0,0,0,1,0,0.07964601769911504,0.13312693498452008,,0.7527627489351905,3.9800000000000004,0.286455
2026-07-11,6,SH016,宝山区第2支行,社区支行,宝山区,0,4,8,65,123,75,5.2,10.52,1,0,0,4.504,0.28438,263,0.752851711026616,0.015384615384615385,0.0,0.0,8.125,16.25,0.43333333333333335,61.5,6.51,0.00847457627118644,0.0,0.7520194124161292,0.29231,54.21052631578947,4.844736842105263,0.004328902085882609,0.0,4.0,392.0,0.01020408163265306,0.056910569105691054,-0.20122887864823344,0.8153846153846155,,0.0011067514970294068,-0.027128733194211597,0.19902912621359226,0.07332971211298214,1.3571985298375202,0.0,0,0,0,0,1,1,0.056910569105691054,0.19902912621359226,,0.7520194124161292,6.51,0.29231
2026-07-12,7,SH016,宝山区第2支行,社区支行,宝山区,0,4,8,19,36,22,1.0,2.33,0,0,0,4.687,0.28544,77,0.7532467532467533,0.0,0.0,0.0,2.375,4.75,0.12666666666666668,18.0,2.205,0.0,0.0,0.7551948051948052,0.285635,54.75,4.8625,0.004881687750819248,0.0,4.0,392.0,0.01020408163265306,0.05555555555555555,-0.546485260770975,,,-0.0025795356835769203,-0.0006826894463211624,-0.6529680365296804,-0.794344473007712,1.090277410909906,0.0,0,0,0,0,1,2,0.05555555555555555,-0.6529680365296804,,0.7551948051948052,2.205,0.285635
2026-07-13,1,SH016,宝山区第2支行,社区支行,宝山区,0,4,9,66,124,76,5.43,13.22,2,0,9,4.508,0.29184000000000004,266,0.7518796992481203,0.030303030303030304,0.0,0.13636363636363635,7.333333333333333,16.5,0.44,61.0,5.35,0.0,0.0,0.7521008403361344,0.28455,53.04761904761905,4.678571428571429,0.004649226429351665,0.0,4.0,392.0,0.01020408163265306,0.08196721311475409,0.014953271028037398,,,-0.00029403116730377976,0.025619399051133432,0.24416517055655287,0.16061068702290063,1.1947912814554014,0.0,0,0,0,0,1,2,0.08196721311475409,0.24416517055655287,,0.7521008403361344,5.35,0.28455
2026-07-14,2,SH016,宝山区第2支行,社区支行,宝山区,0,4,8,61,115,70,5.34,16.35,1,0,0,4.633,0.27278,246,0.7520325203252033,0.01639344262295082,0.0,0.0,7.625,15.25,0.4066666666666667,58.0,4.73,0.0,0.0,0.751131221719457,0.27755,53.38095238095238,4.645238095238096,0.006092227872353108,0.0,4.0,391.0,0.010230179028132993,0.05172413793103448,0.12896405919661721,,,0.0011999216377706517,-0.017186092595928647,0.1427297056199822,0.14956432598667338,0.6792180533098826,0.0,0,0,0,0,2,2,0.05172413793103448,0.1427297056199822,,0.751131221719457,4.73,0.27755
2026-07-15,3,SH016,宝山区第2支行,社区支行,宝山区,0,4,7,58,110,67,4.39,10.8,0,0,0,4.57,0.28451000000000004,235,0.7531914893617021,0.0,0.0,0.0,8.285714285714286,14.5,0.38666666666666666,56.0,4.87,0.0,0.0,0.7520661157024794,0.28278000000000003,53.666666666666664,4.687142857142857,0.0068728679972555285,0.0,4.0,389.0,0.010282776349614395,0.03571428571428571,-0.09856262833675573,,,0.0014963759644609754,0.006117830115283999,0.08074534161490687,-0.06339530630905213,0.49614052731996455,0.0,0,0,0,0,1,2,0.03571428571428571,0.08074534161490687,,0.7520661157024794,4.87,0.28278000000000003
2026-07-16,4,SH016,宝山区第2支行,社区支行,宝山区,0,4,8,57,107,65,5.18,15.65,0,0,0,4.595,0.27547000000000005,229,0.7510917030567685,0.0,0.0,0.0,7.125,14.25,0.38,56.0,5.55,0.0,0.0,0.7522123893805309,0.26897000000000004,53.904761904761905,4.6519047619047615,0.005974395400669725,0.0,4.0,387.0,0.0103359173126615,0.017857142857142856,-0.0666666666666667,,,-0.0014898535833547037,0.024166263895601756,0.057420494699646635,0.11352236667007885,0.7300356972527883,0.0,0,0,0,0,1,1,0.017857142857142856,0.057420494699646635,,0.7522123893805309,5.55,0.26897000000000004
2026-07-17,5,SH016,宝山区第2支行,社区支行,宝山区,0,4,8,58,110,67,5.06,11.62,0,0,0,4.605,0.2792,235,0.7531914893617021,0.0,0.0,0.0,7.25,14.5,0.38666666666666666,59.0,4.19,0.0,0.0,0.7521008403361344,0.28216,54.142857142857146,4.634285714285714,0.005974395400669725,0.0,4.0,384.0,0.010416666666666666,-0.01694915254237288,0.20763723150357974,,,0.001450136693212864,-0.010490501842926063,0.07124010554089703,0.09186189889025884,0.7435516011375755,0.0,0,0,0,0,2,0,-0.01694915254237288,0.07124010554089703,,0.7521008403361344,4.19,0.28216
2026-07-18,6,SH016,宝山区第2支行,社区支行,宝山区,0,4,8,62,117,72,5.23,15.18,1,0,0,4.641,0.27805,251,0.7529880478087649,0.016129032258064516,0.0,0.0,7.75,15.5,0.41333333333333333,64.0,6.39,0.015384615384615385,0.0,0.7521008403361344,0.28438,54.333333333333336,4.695714285714286,0.005974395400669725,0.0,4.0,381.0,0.010498687664041995,-0.03125,-0.18153364632237862,0.048387096774193464,,0.0011796389859556253,-0.022258949293199246,0.14110429447852757,0.1137815637359295,0.7572803539024383,0.0,0,0,0,0,2,1,-0.03125,0.14110429447852757,,0.7521008403361344,6.39,0.28438
2026-07-19,7,SH016,宝山区第2支行,社区支行,宝山区,0,4,8,18,34,21,1.44,3.55,0,0,0,4.661,0.30005000000000004,73,0.7534246575342466,0.0,0.0,0.0,2.25,4.5,0.12,19.0,1.65,0.0,0.0,0.7532467532467533,0.28544,54.476190476190474,4.629047619047618,0.005935342053797897,0.0,4.0,380.0,0.010526315789473684,-0.05263157894736842,-0.12727272727272726,,,0.00023618327822388162,0.05118413677130049,-0.6695804195804196,-0.6889208929122518,0.7734977519514855,0.0,0,0,0,0,1,1,-0.05263157894736842,-0.6695804195804196,,0.7532467532467533,1.65,0.28544
2026-07-20,1,SH016,宝山区第2支行,社区支行,宝山区,0,4,8,62,117,72,6.16,18.74,0,0,0,4.638,0.27205,251,0.7529880478087649,0.0,0.0,0.0,7.75,15.5,0.41333333333333333,63.5,5.39,0.015151515151515152,0.0,0.7519902697921274,0.28819500000000003,54.523809523809526,4.619047619047619,0.005935342053797897,0.0,2.0,376.0,0.005319148936170213,-0.023622047244094488,0.14285714285714296,-1.0,,0.0013268496371813437,-0.05602109682680136,0.13711790393013096,0.3336082474226806,-0.10381762534366422,0.0,0,0,0,0,2,1,-0.023622047244094488,0.13711790393013096,,0.7519902697921274,5.39,0.28819500000000003
2026-07-21,2,SH016,宝山区第2支行,社区支行,宝山区,0,4,8,58,109,67,5.26,15.98,0,0,0,4.616,0.29207,234,0.7521367521367521,0.0,0.0,0.0,7.25,14.5,0.38666666666666666,59.5,4.775,0.008064516129032258,0.0,0.7515818710223301,0.275585,54.57142857142857,4.657619047619048,0.005935342053797897,0.0,1.0,373.0,0.002680965147453083,-0.025210084033613446,0.10157068062827213,-1.0,,0.0007382843251225102,0.05981820490955593,0.06282722513089009,0.1293323791023412,-0.548304862103509,0.0,0,0,0,0,2,1,-0.025210084033613446,0.06282722513089009,,0.7515818710223301,4.775,0.275585
2026-07-22,3,SH016,宝山区第2支行,社区支行,宝山区,0,4,9,56,105,64,4.39,13.52,1,0,2,4.62,0.27529000000000003,225,0.7511111111111111,0.017857142857142856,0.0,0.03571428571428571,6.222222222222222,14.0,0.37333333333333335,57.0,4.800000000000001,0.0,0.0,0.7526288025320907,0.28364500000000004,54.57142857142857,4.678571428571429,0.005935342053797897,0.0,2.0,371.0,0.005390835579514825,-0.017543859649122806,-0.08541666666666686,,,-0.0020165205156561514,-0.029455833876853108,0.026178010471204227,-0.06167938931297722,-0.0917396957660855,0.0,0,0,0,0,1,1,-0.017543859649122806,0.026178010471204227,,0.7526288025320907,4.800000000000001,0.28364500000000004
2026-07-23,4,SH016,宝山区第2支行,社区支行,宝山区,0,4,8,54,103,63,4.44,9.13,1,0,3,4.55,0.28172,220,0.7545454545454545,0.018518518518518517,0.0,0.05555555555555555,6.75,13.5,0.36,56.5,5.365,0.0,0.0,0.7521566148583327,0.27222,54.57142857142857,4.6623809523809525,0.006785682189852318,0.0,3.0,368.0,0.008152173913043478,-0.04424778761061947,-0.17241379310344823,,,0.0031759870749414514,0.03489824406729854,-0.010471204188481638,-0.047696864467367935,0.20137868013251292,0.0,0,0,0,0,1,1,-0.04424778761061947,-0.010471204188481638,,0.7521566148583327,5.365,0.27222
2026-07-24,5,SH016,宝山区第2支行,社区支行,宝山区,0,4,9,57,107,65,4.51,11.95,0,0,1,4.558,0.28473000000000004,229,0.7510917030567685,0.0,0.0,0.017543859649122806,6.333333333333333,14.25,0.38,58.5,4.625,0.0,0.0,0.7526461648489182,0.28068000000000004,54.476190476190474,4.635714285714285,0.007667516405019867,0.0,3.0,367.0,0.008174386920980926,-0.02564102564102564,-0.02486486486486491,,,-0.00206532878894257,0.014429243266353134,0.04632867132867136,-0.027118644067796554,0.0661062186484811,0.0,0,0,0,0,1,1,-0.02564102564102564,0.04632867132867136,,0.7526461648489182,4.625,0.28068000000000004
2026-07-25,6,SH016,宝山区第2支行,社区支行,宝山区,0,4,8,61,115,71,5.63,16.61,0,0,0,4.678,0.27651000000000003,247,0.7530364372469636,0.0,0.0,0.0,7.625,15.25,0.4066666666666667,63.0,5.8100000000000005,0.01575682382133995,0.0,0.7524762756813752,0.28250000000000003,54.38095238095238,4.650952380952381,0.007667516405019867,0.0,2.0,366.0,0.00546448087431694,-0.031746031746031744,-0.03098106712564554,-1.0,,0.0007444242213232905,-0.02120353982300883,0.12171628721541158,0.21050476092966108,-0.28732061522041424,0.0,0,0,0,0,0,1,-0.031746031746031744,0.12171628721541158,,0.7524762756813752,5.8100000000000005,0.28250000000000003
2026-07-26,7,SH016,宝山区第2支行,社区支行,宝山区,0,4,7,18,34,21,1.6099999999999999,4.52,0,0,1,4.507,0.28321,73,0.7534246575342466,0.0,0.0,0.05555555555555555,2.5714285714285716,4.5,0.12,18.5,1.545,0.0,0.0,0.7533357053904999,0.287895,54.23809523809524,4.614761904761904,0.007667516405019867,0.0,2.0,366.0,0.00546448087431694,-0.02702702702702703,0.0420711974110032,,,0.00011807769512345482,-0.016273294082912153,-0.6681299385425812,-0.6511195955009803,-0.28732061522041424,0.0,0,0,0,0,0,1,-0.02702702702702703,-0.6681299385425812,,0.7533357053904999,1.545,0.287895
2026-07-27,1,SH016,宝山区第2支行,社区支行,宝山区,0,4,7,63,119,73,6.18,16.04,1,0,4,4.602,0.27683,255,0.7529411764705882,0.015873015873015872,0.0,0.06349206349206349,9.0,15.75,0.42,64.0,5.39,0.015151515151515152,0.0,0.7524338735284426,0.28819500000000003,54.19047619047619,4.56,0.007667516405019867,0.0,3.0,367.0,0.008174386920980926,-0.015625,0.14656771799628945,0.04761904761904753,,0.0006742159809561658,-0.03943510470341267,0.16256590509666083,0.3552631578947369,0.0661062186484811,0.0,0,0,0,0,1,1,-0.015625,0.16256590509666083,,0.7524338735284426,5.39,0.28819500000000003
2026-07-28,2,SH016,宝山区第2支行,社区支行,宝山区,0,4,7,59,112,69,5.7,18.22,0,0,1,4.702,0.27719000000000005,240,0.7541666666666667,0.0,0.0,0.01694915254237288,8.428571428571429,14.75,0.3933333333333333,59.5,5.04,0.008064516129032258,0.0,0.7520846362309777,0.275585,54.04761904761905,4.608095238095238,0.006980372860733465,0.0,3.0,368.0,0.008152173913043478,-0.008403361344537815,0.130952380952381,-1.0,,0.0027683459219735628,0.005823974454342663,0.0916299559471365,0.23695360132272397,0.16787083952230109,0.0,0,0,0,0,2,0,-0.008403361344537815,0.0916299559471365,,0.7520846362309777,5.04,0.275585
2026-07-29,3,SH016,宝山区第2支行,社区支行,宝山区,0,4,8,58,109,67,5.06,10.54,1,0,3,4.567,0.28863,234,0.7521367521367521,0.017241379310344827,0.0,0.05172413793103448,7.25,14.5,0.38666666666666666,57.0,4.5600000000000005,0.0,0.0,0.7526288025320907,0.28310500000000005,53.904761904761905,4.654285714285714,0.006212323705587537,0.0,3.0,370.0,0.008108108108108109,0.017543859649122806,0.10964912280701734,,,-0.0006537756642892187,0.019515727380300402,0.07597173144876325,0.08717004297114794,0.30516510284476167,0.0,0,0,0,0,2,0,0.017543859649122806,0.07597173144876325,,0.7526288025320907,4.5600000000000005,0.28310500000000005
2026-07-30,4,SH016,宝山区第2支行,社区支行,宝山区,0,4,8,57,108,66,5.04,12.77,0,0,0,4.561,0.28537,231,0.7532467532467533,0.0,0.0,0.0,7.125,14.25,0.38,56.5,5.09,0.0,0.0,0.7521566148583327,0.27222,53.80952380952381,4.663333333333334,0.007033341767984909,0.0,2.0,373.0,0.005361930294906166,0.008849557522123894,-0.009823182711198393,,,0.001449350264141281,0.04830651678789213,0.059292035398230074,0.08077197998570393,-0.23764115668128716,0.0,0,0,0,0,2,0,0.008849557522123894,0.059292035398230074,,0.7521566148583327,5.09,0.27222
2026-07-31,5,SH016,宝山区第2支行,社区支行,宝山区,0,4,8,60,114,70,5.28,13.52,1,0,3,4.518,0.28015,244,0.7540983606557377,0.016666666666666666,0.0,0.05,7.5,15.0,0.4,58.5,4.785,0.0,0.0,0.7520666803306688,0.281965,53.714285714285715,4.634761904761905,0.007033341767984909,0.0,3.0,376.0,0.007978723404255319,0.02564102564102564,0.10344827586206898,,,0.002701463019443371,-0.0064369691273740036,0.11702127659574466,0.1392170964759068,0.1344142894596271,0.0,0,0,0,0,2,0,0.02564102564102564,0.11702127659574466,,0.7520666803306688,4.785,0.281965
2026-08-01,6,SH016,宝山区第2支行,社区支行,宝山区,0,4,8,65,122,75,5.72,17.82,1,0,3,4.574,0.26626,262,0.7519083969465649,0.015384615384615385,0.0,0.046153846153846156,8.125,16.25,0.43333333333333335,63.0,5.43,0.007692307692307693,0.0,0.7529198794176905,0.279335,53.666666666666664,4.644285714285714,0.007826992561635703,0.0,4.0,380.0,0.010526315789473684,0.031746031746031744,0.05340699815837938,1.0,,-0.0013434131556041172,-0.04680759661338537,0.21118012422360255,0.23162103968009842,0.3448736160896351,0.0,0,0,0,0,1,0,0.031746031746031744,0.21118012422360255,,0.7529198794176905,5.43,0.279335
2026-08-02,7,SH016,宝山区第2支行,社区支行,宝山区,0,4,9,19,36,22,1.35,4.04,0,0,2,4.71,0.28999,77,0.7532467532467533,0.0,0.0,0.10526315789473684,2.111111111111111,4.75,0.12666666666666668,18.5,1.525,0.0,0.0,0.7533357053904999,0.28432500000000005,53.666666666666664,4.669047619047619,0.007826992561635703,0.0,4.0,381.0,0.010498687664041995,0.02702702702702703,-0.11475409836065563,,,-0.00011807769512330745,0.019924382308977313,-0.6459627329192547,-0.7108618052014278,0.34134376407890116,0.0,0,0,0,0,0,0,0.02702702702702703,-0.6459627329192547,,0.7533357053904999,1.525,0.28432500000000005
2026-08-03,1,SH016,宝山区第2支行,社区支行,宝山区,0,4,7,68,127,78,6.64,13.51,1,0,4,4.585,0.28174000000000005,273,0.7509157509157509,0.014705882352941176,0.0,0.058823529411764705,9.714285714285714,17.0,0.4533333333333333,64.5,5.795,0.023088023088023088,0.0,0.7524104378593542,0.28069,53.666666666666664,4.685714285714286,0.007826992561635703,0.0,4.0,386.0,0.010362694300518135,0.05426356589147287,0.14581535806729937,-0.3630514705882353,,-0.001986531377549452,0.0037407816452315755,0.26708074534161497,0.4170731707317072,0.32396884485508126,0.0,0,0,0,0,1,0,0.05426356589147287,0.26708074534161497,,0.7524104378593542,5.795,0.28069
2026-08-04,2,SH016,宝山区第2支行,社区支行,宝山区,0,4,7,64,120,74,5.2,11.57,0,0,2,4.627,0.29506000000000004,258,0.751937984496124,0.0,0.0,0.03125,9.142857142857142,16.0,0.4266666666666667,60.0,5.3,0.008064516129032258,0.0,0.7520846362309777,0.27737,53.76190476190476,4.743333333333332,0.007084271230679078,0.0,4.0,391.0,0.010230179028132993,0.06666666666666667,-0.01886792452830182,-1.0,,-0.00019499365867724076,0.06377762555431388,0.19043401240035435,0.09627547434996514,0.4440693608441016,0.0,0,0,0,0,1,0,0.06666666666666667,0.19043401240035435,,0.7520846362309777,5.3,0.27737
2026-08-05,3,SH016,宝山区第2支行,社区支行,宝山区,0,4,8,62,117,72,4.23,12.69,0,0,1,4.575,0.27933,251,0.7529880478087649,0.0,0.0,0.016129032258064516,7.75,15.5,0.41333333333333333,58.0,4.63,0.008620689655172414,0.0,0.7521014339196157,0.28657,53.904761904761905,4.736666666666666,0.006303631105776657,0.0,3.0,395.0,0.007594936708860759,0.06896551724137931,-0.08639308855291565,-1.0,,0.0011788488216657165,-0.025264333321701395,0.15017667844522967,-0.1069669247009147,0.2048510741532365,0.0,0,0,0,0,1,0,0.06896551724137931,0.15017667844522967,,0.7521014339196157,4.63,0.28657
2026-08-06,4,SH016,宝山区第2支行,社区支行,宝山区,0,4,9,61,115,71,4.96,15.24,1,0,4,4.612,0.28812000000000004,247,0.7530364372469636,0.01639344262295082,0.0,0.06557377049180328,6.777777777777778,15.25,0.4066666666666667,57.0,5.109999999999999,0.0,0.0,0.7526737967914439,0.27859500000000004,54.095238095238095,4.729047619047619,0.006303631105776657,0.0,4.0,399.0,0.010025062656641603,0.07017543859649122,-0.029354207436399115,,,0.0004818029497846139,0.03418941474182955,0.12764084507042253,0.048836975128385876,0.5903631555239045,0.0,0,0,0,0,1,0,0.07017543859649122,0.12764084507042253,,0.7526737967914439,5.109999999999999,0.27859500000000004
2026-08-07,5,SH016,宝山区第2支行,社区支行,宝山区,0,4,8,64,121,74,6.06,18.09,0,0,0,4.5760000000000005,0.28911000000000003,259,0.752895752895753,0.0,0.0,0.0,8.0,16.0,0.4266666666666667,59.0,5.07,0.0,0.0,0.7526120048434527,0.279675,54.285714285714285,4.718571428571429,0.007084271230679078,0.0,3.0,403.0,0.007444168734491315,0.0847457627118644,0.19526627218934897,,,0.00037701770696478446,0.033735585947975426,0.17894736842105266,0.2842870118074476,0.050802332673778566,0.0,0,0,0,0,2,0,0.0847457627118644,0.17894736842105266,,0.7526120048434527,5.07,0.279675
2026-08-08,6,SH016,宝山区第2支行,社区支行,宝山区,0,4,8,69,130,80,5.1,10.38,0,0,1,4.651,0.28161,279,0.7526881720430108,0.0,0.0,0.014492753623188406,8.625,17.25,0.46,63.5,5.43,0.015384615384615385,0.0,0.7529198794176905,0.27728,54.57142857142857,4.766190476190475,0.007084271230679078,0.0,2.0,407.0,0.004914004914004914,0.08661417322834646,-0.060773480662983444,-1.0,,-0.0003077450616112095,0.01561598384304674,0.26439790575916233,0.07003696672994315,-0.30634997531935665,0.0,0,0,0,0,1,0,0.08661417322834646,0.26439790575916233,,0.7529198794176905,5.43,0.27728
2026-08-09,7,SH016,宝山区第2支行,社区支行,宝山区,0,4,8,20,38,23,1.16,3.07,0,0,1,4.6129999999999995,0.29951,81,0.7530864197530864,0.0,0.0,0.05,2.5,5.0,0.13333333333333333,18.5,1.395,0.0,0.0,0.7533357053904999,0.28771500000000005,54.904761904761905,4.760000000000001,0.00631622207553315,0.0,2.0,408.0,0.004901960784313725,0.08108108108108109,-0.16845878136200723,,,-0.0003309090962099339,0.040995429504891795,-0.6357328707718994,-0.7563025210084033,-0.22390936770538536,0.0,0,0,0,0,1,1,0.08108108108108109,-0.6357328707718994,,0.7533357053904999,1.395,0.28771500000000005
2026-08-10,1,SH016,宝山区第2支行,社区支行,宝山区,0,4,8,70,132,81,6.59,18.29,0,0,2,4.667,0.25673,283,0.7526501766784452,0.0,0.0,0.02857142857142857,8.75,17.5,0.4666666666666667,64.5,6.17,0.015289449112978524,0.0,0.7524104378593542,0.279285,55.0,4.746666666666667,0.00631622207553315,0.0,1.0,410.0,0.0024390243902439024,0.08527131782945736,0.06807131280388978,-1.0,,0.00031862771570936155,-0.0807597973396351,0.2727272727272727,0.38834269662921334,-0.613847587833899,0.0,0,0,0,0,1,1,0.08527131782945736,0.2727272727272727,,0.7524104378593542,6.17,0.279285
2026-08-11,2,SH016,宝山区第2支行,社区支行,宝山区,0,4,9,65,123,75,6.09,18.17,0,0,1,4.61,0.27754,263,0.752851711026616,0.0,0.0,0.015384615384615385,7.222222222222222,16.25,0.43333333333333335,60.0,5.3,0.0,0.0,0.7520846362309777,0.28463000000000005,55.38095238095238,4.767142857142857,0.00631622207553315,0.0,1.0,411.0,0.0024330900243309003,0.08333333333333333,0.14905660377358493,,,0.0010199314793644188,-0.024909531672698028,0.17368873602751508,0.2774947557686545,-0.6147871314158116,0.0,0,0,0,0,2,1,0.08333333333333333,0.17368873602751508,,0.7520846362309777,5.3,0.28463000000000005
2026-08-12,3,SH016,宝山区第2支行,社区支行,宝山区,0,4,7,63,118,72,5.52,15.85,0,0,1,4.588,0.28515,253,0.7509881422924901,0.0,0.0,0.015873015873015872,9.0,15.75,0.42,58.0,4.39,0.008620689655172414,0.0,0.7525623999727585,0.28192000000000006,55.714285714285715,4.806666666666667,0.00631622207553315,0.0,1.0,412.0,0.0024271844660194173,0.08620689655172414,0.25740318906605925,-1.0,,-0.002091863319673433,0.011457150964812552,0.13076923076923075,0.14840499306518715,-0.6157221141065501,0.0,0,0,0,0,2,1,0.08620689655172414,0.13076923076923075,,0.7525623999727585,4.39,0.28192000000000006
2026-08-13,4,SH016,宝山区第2支行,社区支行,宝山区,0,4,8,61,115,71,5.71,12.86,0,0,2,4.546,0.27505,247,0.7530364372469636,0.0,0.0,0.03278688524590164,7.625,15.25,0.4066666666666667,57.0,5.0,0.00819672131147541,0.0,0.7531415952468584,0.28354500000000005,56.04761904761905,4.860476190476191,0.005465881939478727,0.0,0.0,412.0,0.0,0.07017543859649122,0.142,-1.0,,-0.00013962580284838493,-0.029959971080428253,0.08836023789294811,0.17478201234446944,-1.0,0.0,0,0,0,0,3,1,0.07017543859649122,0.08836023789294811,,0.7531415952468584,5.0,0.28354500000000005
2026-08-14,5,SH016,宝山区第2支行,社区支行,宝山区,0,4,8,63,119,73,5.91,11.89,1,0,5,4.5969999999999995,0.28598,255,0.7529411764705882,0.015873015873015872,0.0,0.07936507936507936,7.875,15.75,0.42,59.0,5.17,0.0,0.0,0.7530436211287275,0.28244,56.38095238095238,4.9209523809523805,0.004584047724311179,0.0,1.0,411.0,0.0024330900243309003,0.06779661016949153,0.14313346228239848,,,-0.0001360408019733195,0.01253363546239905,0.11739864864864867,0.2009870330946392,-0.4692267247945137,0.0,0,0,0,1,4,0,0.06779661016949153,0.11739864864864867,,0.7530436211287275,5.17,0.28244
2026-08-15,6,SH016,宝山区第2支行,社区支行,宝山区,0,4,8,67,127,78,6.5,17.07,1,0,3,4.595,0.28074000000000005,272,0.7536764705882353,0.014925373134328358,0.0,0.04477611940298507,8.375,16.75,0.44666666666666666,63.5,5.43,0.007692307692307693,0.0,0.7528381099258878,0.27728,56.666666666666664,4.987619047619047,0.00533990562302622,0.0,2.0,409.0,0.004889975550122249,0.05511811023622047,0.19705340699815843,0.9402985074626864,,0.0011136001901258272,0.01247836122331224,0.18235294117647063,0.3032270383807525,-0.08425805710195063,0.0,0,0,0,1,5,0,0.05511811023622047,0.18235294117647063,,0.7528381099258878,5.43,0.27728
2026-08-16,7,SH016,宝山区第2支行,社区支行,宝山区,0,4,8,20,37,23,1.6600000000000001,5.24,1,0,2,4.627,0.28481,80,0.75,0.05,0.0,0.1,2.5,5.0,0.13333333333333333,18.5,1.395,0.0,0.0,0.7533357053904999,0.29475,56.95238095238095,5.029047619047619,0.006050637677041855,0.0,3.0,409.0,0.007334963325183374,0.08108108108108109,0.1899641577060933,,,-0.004427913567127124,-0.03372349448685328,-0.6488294314381271,-0.6699176214373639,0.21226285834544026,0.0,0,0,0,1,5,0,0.08108108108108109,-0.6488294314381271,,0.7533357053904999,1.395,0.29475
2026-08-17,1,SH016,宝山区第2支行,社区支行,宝山区,0,4,7,67,126,78,5.83,16.46,0,0,0,4.704,0.29038,271,0.7527675276752768,0.0,0.0,0.0,9.571428571428571,16.75,0.44666666666666666,65.5,6.385,0.007352941176470588,0.0,0.7527956765745167,0.27444,57.04761904761905,5.031428571428572,0.008431590057994237,0.0,3.0,406.0,0.007389162561576354,0.022900763358778626,-0.08692247454972588,-1.0,,-3.739248260305268e-05,0.05808191225768842,0.17445742904841396,0.158716638273708,-0.12363356012897316,0.0,0,0,0,1,4,0,0.022900763358778626,0.17445742904841396,,0.7527956765745167,6.385,0.27444
2026-08-18,2,SH016,宝山区第2支行,社区支行,宝山区,0,4,7,62,117,72,5.72,18.23,0,0,0,4.674,0.27683,251,0.7529880478087649,0.0,0.0,0.0,8.857142857142858,15.5,0.41333333333333333,61.5,5.48,0.0,0.0,0.752494231581684,0.284805,57.23809523809524,5.0147619047619045,0.007675732159279196,0.0,3.0,403.0,0.007444168734491315,0.008130081300813009,0.043795620437956075,,,0.0006562392193265413,-0.028001615140183476,0.08319467554076534,0.14063241857373468,-0.030168252354655666,0.0,0,0,0,0,3,0,0.008130081300813009,0.08319467554076534,,0.752494231581684,5.48,0.284805
2026-08-19,3,SH016,宝山区第2支行,社区支行,宝山区,0,4,7,59,112,69,4.24,9.58,0,0,1,4.606,0.26869000000000004,240,0.7541666666666667,0.0,0.0,0.01694915254237288,8.428571428571429,14.75,0.3933333333333333,60.0,4.725,0.008620689655172414,0.0,0.7516239316239316,0.28224000000000005,57.38095238095238,5.015714285714286,0.007675732159279196,0.0,3.0,399.0,0.007518796992481203,-0.016666666666666666,-0.10264550264550253,-1.0,,0.003382988401182642,-0.048008786848072575,0.028215767634854796,-0.15465679293648535,-0.020445628318110913,0.0,0,0,0,0,2,0,-0.016666666666666666,0.028215767634854796,,0.7516239316239316,4.725,0.28224000000000005
2026-08-20,4,SH016,宝山区第2支行,社区支行,宝山区,0,4,9,58,109,67,4.76,14.57,0,0,2,4.644,0.30012,234,0.7521367521367521,0.0,0.0,0.034482758620689655,6.444444444444445,14.5,0.38666666666666666,59.0,5.0,0.00819672131147541,0.0,0.7531415952468584,0.28354500000000005,57.42857142857143,4.976666666666667,0.0068547140968818225,0.0,3.0,396.0,0.007575757575757576,-0.01694915254237288,-0.04800000000000004,-1.0,,-0.001334202116106642,0.058456329683118896,0.00995024875621887,-0.04353650368385803,0.105189431489747,0.0,0,0,0,0,1,0,-0.01694915254237288,0.00995024875621887,,0.7531415952468584,5.0,0.28354500000000005
2026-08-21,5,SH016,宝山区第2支行,社区支行,宝山区,0,4,9,60,113,69,4.68,10.47,0,0,0,4.599,0.28092,242,0.7520661157024794,0.0,0.0,0.0,6.666666666666667,15.0,0.4,61.5,5.595000000000001,0.007936507936507936,0.0,0.7529184646831706,0.285355,57.476190476190474,4.963333333333334,0.0068547140968818225,0.0,2.0,393.0,0.005089058524173028,-0.024390243902439025,-0.1635388739946382,-1.0,,-0.0011320601375473872,-0.015542044120481583,0.04391052195526101,-0.057085292142377585,-0.2575826719763531,0.0,0,0,0,0,0,1,-0.024390243902439025,0.04391052195526101,,0.7529184646831706,5.595000000000001,0.285355
2026-08-22,6,SH016,宝山区第2支行,社区支行,宝山区,0,4,8,64,121,74,5.54,15.18,2,0,7,4.665,0.26414000000000004,259,0.752895752895753,0.03125,0.0,0.109375,8.0,16.0,0.4266666666666667,66.0,5.675,0.007462686567164179,0.0,0.7528623046449872,0.278625,57.476190476190474,4.9347619047619045,0.006061063303231029,0.0,3.0,390.0,0.007692307692307693,-0.030303030303030304,-0.02378854625550657,3.1875,,4.442811196605341e-05,-0.0519874383131448,0.11350455675227841,0.12264788188748439,0.26913501929720496,0.0,0,0,0,0,0,1,-0.030303030303030304,0.11350455675227841,,0.7528623046449872,5.675,0.278625
2026-08-23,7,SH016,宝山区第2支行,社区支行,宝山区,0,4,8,19,35,22,1.6400000000000001,3.63,0,0,1,4.62,0.28371,76,0.75,0.0,0.0,0.05263157894736842,2.375,4.75,0.12666666666666668,19.5,1.48,0.0,0.0,0.7531665864999199,0.2874,57.42857142857143,4.9261904761904765,0.0068165578087255345,0.0,2.0,389.0,0.005141388174807198,-0.02564102564102564,0.10810810810810821,,,-0.004204364023416739,-0.012839248434237895,-0.6691542288557214,-0.6670855485741904,-0.24575008104149518,0.0,0,0,0,0,0,1,-0.02564102564102564,-0.6691542288557214,,0.7531665864999199,1.48,0.2874
2026-08-24,1,SH016,宝山区第2支行,社区支行,宝山区,0,4,8,65,123,75,5.59,14.64,0,0,3,4.7,0.2644,263,0.752851711026616,0.0,0.0,0.046153846153846156,8.125,16.25,0.43333333333333335,67.5,6.385,0.007352941176470588,0.0,0.752708852176861,0.279285,57.42857142857143,4.9399999999999995,0.0068165578087255345,0.0,2.0,387.0,0.00516795865633075,-0.037037037037037035,-0.1245105716523101,-1.0,,0.00018979297153448328,-0.05329681150079661,0.13184079601990045,0.13157894736842113,-0.24185214864377672,0.0,0,0,0,0,0,1,-0.037037037037037035,0.13184079601990045,,0.752708852176861,6.385,0.279285
2026-08-25,2,SH016,宝山区第2支行,社区支行,宝山区,0,4,7,61,115,70,5.28,12.89,0,0,2,4.651,0.27579000000000004,246,0.7520325203252033,0.0,0.0,0.03278688524590164,8.714285714285714,15.25,0.4066666666666667,63.0,5.71,0.0,0.0,0.7529198794176905,0.27736500000000003,57.285714285714285,4.89,0.006116277696680716,0.0,2.0,386.0,0.0051813471502590676,-0.031746031746031744,-0.07530647985989487,,,-0.0011785571303728176,-0.005678438159104403,0.06483790523690774,0.07975460122699399,-0.15285940122192826,0.0,0,0,0,0,0,1,-0.031746031746031744,0.06483790523690774,,0.7529198794176905,5.71,0.27736500000000003
2026-08-26,3,SH016,宝山区第2支行,社区支行,宝山区,0,4,8,59,111,68,4.4,13.09,0,0,0,4.621,0.26601,238,0.7521008403361344,0.0,0.0,0.0,7.375,14.75,0.3933333333333333,60.5,4.65,0.0,0.0,0.7525623999727585,0.28224000000000005,57.142857142857146,4.893809523809525,0.006116277696680716,0.0,2.0,386.0,0.0051813471502590676,-0.024793388429752067,-0.05376344086021505,,,-0.0006133174294128895,-0.05750425170068034,0.032499999999999946,-0.10090493334630739,-0.15285940122192826,0.0,0,0,0,0,0,0,-0.024793388429752067,0.032499999999999946,,0.7525623999727585,4.65,0.28224000000000005
2026-08-27,4,SH016,宝山区第2支行,社区支行,宝山区,0,4,8,59,110,68,4.8100000000000005,15.18,0,0,0,4.55,0.28565,237,0.7510548523206751,0.0,0.0,0.0,7.375,14.75,0.3933333333333333,59.5,5.0,0.0,0.0,0.7530364372469636,0.286745,57.0,4.9019047619047615,0.006116277696680716,0.0,2.0,387.0,0.00516795865633075,-0.008403361344537815,-0.0379999999999999,,,-0.0026314595526518206,-0.0038187239533383757,0.03508771929824561,-0.01874878570040783,-0.15504839501722043,0.0,0,0,0,0,0,0,-0.008403361344537815,0.03508771929824561,,0.7530364372469636,5.0,0.286745
2026-08-28,5,SH016,宝山区第2支行,社区支行,宝山区,0,4,9,61,116,71,5.48,17.0,0,0,2,4.577,0.28366,248,0.7540322580645161,0.0,0.0,0.03278688524590164,6.777777777777778,15.25,0.4066666666666667,61.5,5.595000000000001,0.007936507936507936,0.0,0.7529184646831706,0.28345,56.904761904761905,4.894761904761904,0.005335637571778297,0.0,2.0,388.0,0.005154639175257732,-0.008130081300813009,-0.020554066130473673,-1.0,,0.0014793014563857542,0.0007408714058918451,0.07196652719665271,0.1195641599377373,-0.033922543292280075,0.0,0,0,0,0,0,0,-0.008130081300813009,0.07196652719665271,,0.7529184646831706,5.595000000000001,0.28345
2026-08-29,6,SH016,宝山区第2支行,社区支行,宝山区,0,4,8,67,125,77,5.64,17.71,1,0,2,4.602,0.27661,269,0.7509293680297398,0.014925373134328358,0.0,0.029850746268656716,8.375,16.75,0.44666666666666666,66.0,5.63,0.015154994259471873,0.0,0.7527919624693818,0.2735,56.76190476190476,4.867142857142857,0.005335637571778297,0.0,1.0,391.0,0.0025575447570332483,0.015151515151515152,0.0017761989342806016,-0.015151515151515246,,-0.0024742485739781693,0.011371115173674593,0.18036912751677858,0.15879072497798635,-0.5206674511475763,0.0,0,0,0,0,0,0,0.015151515151515152,0.18036912751677858,,0.7527919624693818,5.63,0.2735
2026-08-30,7,SH016,宝山区第2支行,社区支行,宝山区,0,4,8,20,37,23,2.21,6.55,0,0,0,4.636,0.28286,80,0.75,0.0,0.0,0.0,2.5,5.0,0.13333333333333333,19.5,1.495,0.0,0.0,0.7515432098765432,0.2874,56.666666666666664,4.892857142857143,0.0060463696257939325,0.0,1.0,392.0,0.002551020408163265,0.02564102564102564,0.47826086956521724,,,-0.002053388090349085,-0.0157967988865692,-0.6470588235294118,-0.5483211678832117,-0.5780905624293028,0.0,0,0,0,0,1,0,0.02564102564102564,-0.6470588235294118,,0.7515432098765432,1.495,0.2874
2026-08-31,1,SH016,宝山区第2支行,社区支行,宝山区,0,4,9,69,131,80,6.25,18.61,0,0,3,4.487,0.28722000000000003,280,0.7535714285714286,0.0,0.0,0.043478260869565216,7.666666666666667,17.25,0.46,67.5,6.21,0.0,0.0,0.752708852176861,0.27307000000000003,56.666666666666664,4.942857142857143,0.0060463696257939325,0.0,1.0,396.0,0.0025252525252525255,0.022222222222222223,0.006441223832528186,,,0.0011459628674127416,0.051818215109678815,0.21764705882352947,0.2644508670520231,-0.5823522739199158,0.0,0,0,0,0,1,0,0.022222222222222223,0.21764705882352947,,0.752708852176861,6.21,0.27307000000000003
2026-09-01,2,SH016,宝山区第2支行,社区支行,宝山区,0,4,8,65,122,75,5.59,17.37,0,0,1,4.61,0.27291000000000004,262,0.7519083969465649,0.0,0.0,0.015384615384615385,8.125,16.25,0.43333333333333335,63.0,5.5,0.0,0.0,0.7524421156759096,0.277185,56.61904761904762,4.926666666666667,0.0060463696257939325,0.0,1.0,400.0,0.0025,0.031746031746031744,0.016363636363636337,,,-0.0007093153323365998,-0.015422912495264798,0.1480235492010092,0.1346414073071718,-0.5865287511807167,0.0,0,0,0,0,1,0,0.031746031746031744,0.1480235492010092,,0.7524421156759096,5.5,0.277185
2026-09-02,3,SH016,宝山区第2支行,社区支行,宝山区,0,4,7,63,119,73,5.44,11.96,1,0,1,4.582,0.26719000000000004,255,0.7529411764705882,0.015873015873015872,0.0,0.015873015873015872,9.0,15.75,0.42,60.5,4.32,0.0,0.0,0.7525444440724497,0.27401000000000003,56.61904761904762,4.902857142857143,0.0060463696257939325,0.0,2.0,404.0,0.0049504950495049506,0.04132231404958678,0.25925925925925924,,,0.0005271879970192674,-0.02488960256924927,0.11269974768713202,0.1095571095571096,-0.18124505184300332,0.0,0,0,0,0,2,0,0.04132231404958678,0.11269974768713202,,0.7525444440724497,4.32,0.27401000000000003
2026-09-03,4,SH016,宝山区第2支行,社区支行,宝山区,0,4,9,63,118,72,5.22,15.22,0,0,0,4.523,0.28895000000000004,253,0.7509881422924901,0.0,0.0,0.0,7.0,15.75,0.42,60.0,4.885,0.0,0.0,0.7525865946918578,0.28688500000000006,56.61904761904762,4.899047619047619,0.006802227524508975,0.0,2.0,408.0,0.004901960784313725,0.05,0.06857727737973388,,,-0.002123944819960832,0.007198006169719515,0.11269974768713202,0.06551321928460341,-0.27935947942764855,0.0,0,0,0,0,2,0,0.05,0.11269974768713202,,0.7525865946918578,4.885,0.28688500000000006
2026-09-04,5,SH016,宝山区第2支行,社区支行,宝山区,0,4,9,66,124,76,5.3,16.58,1,0,1,4.659,0.2742,266,0.7518796992481203,0.015151515151515152,0.0,0.015151515151515152,7.333333333333333,16.5,0.44,62.0,5.695,0.0,0.0,0.7529184646831706,0.28482,56.714285714285715,4.8757142857142854,0.006802227524508975,0.0,3.0,413.0,0.007263922518159807,0.06451612903225806,-0.06935908691834951,,,-0.001379651959375761,-0.037286707394143734,0.163727959697733,0.08702021681804867,0.06787408859631744,0.0,0,0,0,0,1,0,0.06451612903225806,0.163727959697733,,0.7529184646831706,5.695,0.28482
2026-09-05,6,SH016,宝山区第2支行,社区支行,宝山区,0,4,6,71,134,82,6.42,14.88,0,0,2,4.617,0.26997000000000004,287,0.7526132404181185,0.0,0.0,0.028169014084507043,11.833333333333334,17.75,0.47333333333333333,67.0,5.59,0.014925373134328358,0.0,0.7527919624693818,0.278675,56.857142857142854,4.846666666666667,0.0067678703472946545,0.0,2.0,417.0,0.004796163069544364,0.05970149253731343,0.14847942754919502,-1.0,,-0.00023741227347471325,-0.03123710415358379,0.2487437185929649,0.3246217331499312,-0.2913334884641293,0.0,0,0,0,0,2,0,0.05970149253731343,0.2487437185929649,,0.7527919624693818,5.59,0.278675
2026-09-06,7,SH016,宝山区第2支行,社区支行,宝山区,0,4,8,21,40,24,1.11,3.47,1,0,0,4.572,0.27499,85,0.7529411764705882,0.047619047619047616,0.0,0.0,2.625,5.25,0.14,20.0,1.6500000000000001,0.0,0.0,0.75,0.28426,57.04761904761905,4.842857142857143,0.006057138293279019,0.0,3.0,418.0,0.007177033492822967,0.05,-0.32727272727272727,,,0.0039215686274509665,-0.032610989938788436,-0.6318864774624374,-0.7707964601769911,0.18488849772285693,0.0,0,0,0,0,2,1,0.05,-0.6318864774624374,,0.75,1.6500000000000001,0.28426
2026-09-07,1,SH016,宝山区第2支行,社区支行,宝山区,0,4,8,73,138,85,7.13,21.48,0,0,3,4.529,0.27177,296,0.7533783783783784,0.0,0.0,0.0410958904109589,9.125,18.25,0.4866666666666667,68.0,6.04,0.0,0.0,0.7528096193509464,0.27581,57.095238095238095,4.816666666666666,0.0059437596084717615,0.0,3.0,422.0,0.0071090047393364926,0.07352941176470588,0.18046357615894038,,,0.0007555150901530731,-0.014647764765599463,0.2785654712260217,0.48027681660899657,0.1960451309645638,0.0,0,0,0,0,2,1,0.07352941176470588,0.2785654712260217,,0.7528096193509464,6.04,0.27581
2026-09-08,2,SH016,宝山区第2支行,社区支行,宝山区,0,4,8,69,130,79,5.27,16.65,0,0,1,4.657,0.27612000000000003,278,0.7517985611510791,0.0,0.0,0.014492753623188406,8.625,17.25,0.46,63.5,5.654999999999999,0.0,0.0,0.7524421156759096,0.27631000000000006,57.38095238095238,4.878571428571429,0.0059437596084717615,0.0,3.0,426.0,0.007042253521126761,0.08661417322834646,-0.06808134394341288,,,-0.000855287750941945,-0.0006876334551772409,0.20248962655601663,0.08023426061493392,0.1848146602512816,0.0,0,0,0,0,2,1,0.08661417322834646,0.20248962655601663,,0.7524421156759096,5.654999999999999,0.27631000000000006
2026-09-09,3,SH016,宝山区第2支行,社区支行,宝山区,0,4,8,66,125,77,4.98,14.99,1,0,6,4.602,0.27261,268,0.753731343283582,0.015151515151515152,0.0,0.09090909090909091,8.25,16.5,0.44,61.0,4.92,0.0,0.0,0.7525210084033613,0.26794000000000007,57.714285714285715,4.857142857142857,0.0059437596084717615,0.0,3.0,429.0,0.006993006993006993,0.08196721311475409,0.012195121951219613,,,0.0016083735426718525,0.01742927521086792,0.14356435643564355,0.02529411764705899,0.17652924304672715,0.0,0,0,0,0,2,1,0.08196721311475409,0.14356435643564355,,0.7525210084033613,4.92,0.26794000000000007
2026-09-10,4,SH016,宝山区第2支行,社区支行,宝山区,0,4,8,65,123,75,4.98,13.92,0,0,3,4.588,0.28850000000000003,263,0.752851711026616,0.0,0.0,0.046153846153846156,8.125,16.25,0.43333333333333335,60.0,5.015000000000001,0.0,0.0,0.7515958022287137,0.2873,58.04761904761905,4.892380952380953,0.006665260329972484,0.0,3.0,431.0,0.0069605568445475635,0.08333333333333333,-0.006979062811565332,,,0.0016709896385505541,0.004176818656456785,0.11977030352748148,0.017909285575238437,0.0443038231000796,0.0,0,0,0,0,1,1,0.08333333333333333,0.11977030352748148,,0.7515958022287137,5.015000000000001,0.2873
2026-09-11,5,SH016,宝山区第2支行,社区支行,宝山区,0,4,8,67,127,78,5.21,11.65,1,0,3,4.743,0.29292,272,0.7536764705882353,0.014925373134328358,0.0,0.04477611940298507,8.375,16.75,0.44666666666666666,62.0,5.390000000000001,0.007575757575757576,0.0,0.7525036460865338,0.28229000000000004,58.38095238095238,4.902857142857142,0.006665260329972484,0.0,3.0,432.0,0.006944444444444444,0.08064516129032258,-0.03339517625231922,0.9701492537313432,,0.001558563214677982,0.03765631088596823,0.1476345840130506,0.0626456876456878,0.04188645313919978,0.0,0,0,0,0,1,0,0.08064516129032258,0.1476345840130506,,0.7525036460865338,5.390000000000001,0.28229000000000004
2026-09-12,6,SH016,宝山区第2支行,社区支行,宝山区,0,4,9,72,136,83,5.55,13.58,0,0,0,4.711,0.27115,291,0.7525773195876289,0.0,0.0,0.0,8.0,18.0,0.48,67.0,6.029999999999999,0.014925373134328358,0.0,0.7527544966569357,0.27329000000000003,58.714285714285715,4.9280952380952385,0.0073759923839881196,0.0,3.0,433.0,0.006928406466512702,0.07462686567164178,-0.07960199004975117,-1.0,,-0.0002353716518383204,-0.007830509714954921,0.2262773722627737,0.1261957677070247,-0.06068145060006316,0.0,0,0,0,0,0,0,0.07462686567164178,0.2262773722627737,,0.7527544966569357,6.029999999999999,0.27329000000000003
2026-09-13,7,SH016,宝山区第2支行,社区支行,宝山区,0,4,9,21,40,24,1.57,3.38,0,0,0,4.605,0.30132000000000003,85,0.7529411764705882,0.0,0.0,0.0,2.3333333333333335,5.25,0.14,20.0,1.6500000000000001,0.023809523809523808,0.0,0.75,0.283285,59.095238095238095,4.928571428571429,0.0058878971458928816,0.0,2.0,433.0,0.004618937644341801,0.05,-0.048484848484848526,-1.0,,0.0039215686274509665,0.06366380147201589,-0.6446414182111201,-0.6814492753623188,-0.21551998448822196,0.0,0,0,0,0,0,0,0.05,-0.6446414182111201,,0.75,1.6500000000000001,0.283285
2026-09-14,1,SH016,宝山区第2支行,社区支行,宝山区,0,4,8,72,136,84,7.03,20.42,0,0,1,4.646,0.26925000000000004,292,0.7534246575342466,0.0,0.0,0.013888888888888888,9.0,18.0,0.48,68.0,6.04,0.0,0.0,0.7531150447024972,0.27949500000000005,59.19047619047619,4.925238095238095,0.0058878971458928816,0.0,2.0,432.0,0.004629629629629629,0.058823529411764705,0.16390728476821195,,,0.0004111096092518733,-0.036655396339827194,0.2164119066773934,0.4273421637822683,-0.21370405852638918,0.0,0,0,0,0,1,0,0.058823529411764705,0.2164119066773934,,0.7531150447024972,6.04,0.27949500000000005
2026-09-15,2,SH016,宝山区第2支行,社区支行,宝山区,0,4,8,67,126,77,5.07,10.35,0,0,1,4.6370000000000005,0.28811000000000003,270,0.7518518518518519,0.0,0.0,0.014925373134328358,8.375,16.75,0.44666666666666666,63.5,5.4350000000000005,0.0,0.0,0.7519704586358841,0.27595500000000006,59.523809523809526,4.9938095238095235,0.0058878971458928816,0.0,2.0,430.0,0.004651162790697674,0.05511811023622047,-0.06715731370745173,,,-0.00015772798342019028,0.044047036654526896,0.12559999999999996,0.015256984838371441,-0.21004686810093048,0.0,0,0,0,0,1,0,0.05511811023622047,0.12559999999999996,,0.7519704586358841,5.4350000000000005,0.27595500000000006
2026-09-16,3,SH016,宝山区第2支行,社区支行,宝山区,0,4,9,64,120,74,4.73,14.37,0,0,2,4.546,0.27764,258,0.751937984496124,0.0,0.0,0.03125,7.111111111111111,16.0,0.4266666666666667,61.0,4.69,0.007575757575757576,0.0,0.7533362598770852,0.26794000000000007,59.80952380952381,4.983809523809524,0.0058878971458928816,0.0,1.0,428.0,0.002336448598130841,0.04918032786885246,0.00852878464818764,-1.0,,-0.0018561105517332982,0.03620213480629965,0.07006369426751591,-0.050926810624880456,-0.6031777491628506,0.0,0,0,0,0,1,0,0.04918032786885246,0.07006369426751591,,0.7533362598770852,4.69,0.26794000000000007
2026-09-17,4,SH016,宝山区第2支行,社区支行,宝山区,0,4,8,62,117,72,4.74,11.74,0,0,0,4.676,0.28823000000000004,251,0.7529880478087649,0.0,0.0,0.0,7.75,15.5,0.41333333333333333,61.0,4.8950000000000005,0.0,0.0,0.7515958022287137,0.288725,60.04761904761905,4.99952380952381,0.0058878971458928816,0.0,1.0,425.0,0.002352941176470588,0.01639344262295082,-0.03166496424923396,,,0.0018523860510167903,-0.0017144341501427575,0.03251387787470256,-0.05190970568625582,-0.6003766509216473,0.0,0,0,0,0,1,0,0.01639344262295082,0.03251387787470256,,0.7515958022287137,4.8950000000000005,0.288725
2026-09-18,5,SH016,宝山区第2支行,社区支行,宝山区,0,4,7,64,121,74,4.98,13.88,0,0,0,4.543,0.3017,259,0.752895752895753,0.0,0.0,0.0,9.142857142857142,16.0,0.4266666666666667,63.5,5.255,0.007462686567164179,0.0,0.7528712931453574,0.28229000000000004,60.19047619047619,4.996190476190476,0.0058878971458928816,0.0,0.0,422.0,0.0,0.007874015748031496,-0.05233111322549942,-1.0,,3.24886213862231e-05,0.06875907754436919,0.06329113924050635,-0.0032405642394203573,-1.0,0.0,0,0,0,0,1,0,0.007874015748031496,0.06329113924050635,,0.7528712931453574,5.255,0.28229000000000004
2026-09-19,6,SH016,宝山区第2支行,社区支行,宝山区,0,4,8,68,129,79,5.42,12.59,3,0,6,4.514,0.28248,276,0.7536231884057971,0.04411764705882353,0.0,0.08823529411764706,8.5,17.0,0.4533333333333333,69.0,5.595,0.007462686567164179,0.0,0.7525952800028737,0.27056,60.333333333333336,4.972380952380952,0.0058878971458928816,0.0,3.0,418.0,0.007177033492822967,-0.014492753623188406,-0.03127792672028594,4.911764705882353,,0.0013658182960163048,0.04405677114133643,0.12707182320441984,0.09002106876077384,0.21894681836100444,0.0,0,0,0,0,0,0,-0.014492753623188406,0.12707182320441984,,0.7525952800028737,5.595,0.27056
2026-06-22,1,SH017,松江区第1支行,社区支行,松江区,0,4,8,54,124,76,1.05,2.29,0,0,4,4.677,0.25181000000000003,254,0.7874015748031497,0.0,0.0,0.07407407407407407,6.75,13.5,0.36,,,,,,,,,,,,,,,,,,,,,,,,0,0,0,0,0,0,,,,,,
2026-06-23,2,SH017,松江区第1支行,社区支行,松江区,0,4,7,50,116,71,1.0,2.5700000000000003,0,0,1,4.694,0.25213,237,0.7890295358649789,0.0,0.0,0.02,7.142857142857143,12.5,0.3333333333333333,,,,,,,,,,,,,,,,,,,,,,,,0,0,0,0,0,0,,,,,,
2026-06-24,3,SH017,松江区第1支行,社区支行,松江区,0,4,8,48,112,68,1.02,2.12,0,0,2,4.663,0.24574000000000001,228,0.7894736842105263,0.0,0.0,0.041666666666666664,6.0,12.0,0.32,,,,,,,,,,,,,,,,,,,,,,,,0,0,0,0,0,0,,,,,,
2026-06-25,4,SH017,松江区第1支行,社区支行,松江区,0,4,9,47,110,67,1.0,2.39,0,0,0,4.658,0.24517000000000003,224,0.7901785714285714,0.0,0.0,0.0,5.222222222222222,11.75,0.31333333333333335,,,,,,,,,,,,,,,,,,,,,,,,0,0,0,0,0,0,,,,,,
2026-06-26,5,SH017,松江区第1支行,社区支行,松江区,0,4,9,50,115,70,1.0,2.76,0,0,0,4.591,0.24638000000000002,235,0.7872340425531915,0.0,0.0,0.0,5.555555555555555,12.5,0.3333333333333333,,,,,,,,,,,0.0,249.0,0.0,,,,,,,,,,,0,0,0,0,0,0,,,,,,
2026-06-27,6,SH017,松江区第1支行,社区支行,松江区,0,4,9,54,125,76,1.0,2.01,0,0,3,4.632,0.24886000000000003,255,0.788235294117647,0.0,0.0,0.05555555555555555,6.0,13.5,0.36,,,,,,,49.8,1.014,0.0,0.0,0.0,303.0,0.0,,,,,,,0.08433734939759042,-0.013806706114398434,,,0,0,0,0,0,0,,0.08433734939759042,,,,
2026-06-28,7,SH017,松江区第1支行,社区支行,松江区,0,4,9,16,37,23,1.0,2.95,0,0,1,4.698,0.24607,76,0.7894736842105263,0.0,0.0,0.0625,1.7777777777777777,4.0,0.10666666666666667,,,,,,,50.5,1.0116666666666667,0.0,0.0,0.0,319.0,0.0,,,,,,,-0.6831683168316832,-0.011532125205930853,,,0,0,0,0,0,0,,-0.6831683168316832,,,,
2026-06-29,1,SH017,松江区第1支行,社区支行,松江区,0,4,9,56,129,79,1.31,2.83,0,0,2,4.592,0.23093000000000002,264,0.7878787878787878,0.0,0.0,0.03571428571428571,6.222222222222222,14.0,0.37333333333333335,,,,,,,45.57142857142857,1.01,0.0,0.0,0.0,321.0,0.0,,,,,,,0.22884012539184959,0.29702970297029707,,,0,0,0,0,0,0,,0.22884012539184959,,,,
2026-06-30,2,SH017,松江区第1支行,社区支行,松江区,0,4,9,53,122,75,1.74,4.89,0,0,0,4.549,0.25005,250,0.788,0.0,0.0,0.0,5.888888888888889,13.25,0.35333333333333333,,,,,,,46.875,1.0475,0.0,0.0,0.0,324.0,0.0,,,,,,,0.13066666666666665,0.6610978520286395,,,0,0,0,0,0,0,,0.13066666666666665,,,,
2026-07-01,3,SH017,松江区第1支行,社区支行,松江区,0,4,9,51,119,73,1.0,3.19,0,0,1,4.58,0.25346,243,0.7901234567901234,0.0,0.0,0.0196078431372549,5.666666666666667,12.75,0.34,,,,,,,47.55555555555556,1.1244444444444446,0.0,0.0,0.0,327.0,0.0,,,,,,,0.07242990654205604,-0.11067193675889339,,,0,0,0,0,0,0,,0.07242990654205604,,,,
2026-07-02,4,SH017,松江区第1支行,社区支行,松江区,0,4,8,51,118,72,1.0,2.43,0,0,1,4.646,0.2727,241,0.7883817427385892,0.0,0.0,0.0196078431372549,6.375,12.75,0.34,,,,,,,47.9,1.112,0.0,0.0,0.0,331.0,0.0,,,,,,,0.06471816283924847,-0.10071942446043174,,,0,0,0,0,0,0,,0.06471816283924847,,,,
2026-07-03,5,SH017,松江区第1支行,社区支行,松江区,0,4,9,54,124,76,1.57,4.08,0,0,1,4.663,0.25431000000000004,254,0.7874015748031497,0.0,0.0,0.018518518518518517,6.0,13.5,0.36,,,,,,,48.18181818181818,1.1018181818181818,0.0,0.0,0.0,335.0,0.0,,,,,,,0.12075471698113212,0.424917491749175,,,0,0,0,0,0,0,,0.12075471698113212,,,,
2026-07-04,6,SH017,松江区第1支行,社区支行,松江区,0,4,10,58,135,83,1.88,5.27,0,0,1,4.647,0.26506,276,0.7898550724637681,0.0,0.0,0.017241379310344827,5.8,14.5,0.38666666666666666,,,,,,,48.666666666666664,1.1408333333333334,0.0,0.0,0.0,339.0,0.0,,,,,,,0.19178082191780826,0.6479181884587288,,,0,0,0,0,0,0,,0.19178082191780826,,,,
2026-07-05,7,SH017,松江区第1支行,社区支行,松江区,0,4,8,17,40,24,1.0,2.95,0,0,1,4.708,0.24045000000000002,81,0.7901234567901234,0.0,0.0,0.058823529411764705,2.125,4.25,0.11333333333333333,,,,,,,49.38461538461539,1.1976923076923076,0.0,0.0,0.0,340.0,0.0,,,,,,,-0.6557632398753894,-0.1650610147719974,,,0,0,0,0,0,0,,-0.6557632398753894,,,,
2026-07-06,1,SH017,松江区第1支行,社区支行,松江区,0,4,10,60,139,85,1.7000000000000002,5.11,0,0,1,4.6129999999999995,0.25253000000000003,284,0.7887323943661971,0.0,0.0,0.016666666666666666,6.0,15.0,0.4,55.0,1.1800000000000002,0.0,0.0,0.7876401813409688,0.24137000000000003,47.07142857142857,1.1835714285714285,0.0,0.0,0.0,344.0,0.0,0.09090909090909091,0.44067796610169485,,,0.0013866903328482042,0.04623606910552265,0.27465857359635815,0.43633071816535934,,0.0,0,0,0,0,1,0,0.09090909090909091,0.27465857359635815,,0.7876401813409688,1.1800000000000002,0.24137000000000003
2026-07-07,2,SH017,松江区第1支行,社区支行,松江区,0,4,9,56,131,80,1.5899999999999999,3.6,0,0,0,4.661,0.23674,267,0.7902621722846442,0.0,0.0,0.0,6.222222222222222,14.0,0.37333333333333335,51.5,1.37,0.0,0.0,0.7885147679324895,0.25109000000000004,47.93333333333333,1.218,0.0,0.0,0.0,347.0,0.0,0.08737864077669903,0.16058394160583922,,,0.002216070545814191,-0.057150822414273876,0.16828929068150217,0.30541871921182256,,0.0,0,0,0,0,2,0,0.08737864077669903,0.16828929068150217,,0.7885147679324895,1.37,0.25109000000000004
2026-07-08,3,SH017,松江区第1支行,社区支行,松江区,0,4,9,55,126,78,1.0,2.09,0,0,1,4.546,0.24209000000000003,259,0.7876447876447876,0.0,0.0,0.01818181818181818,6.111111111111111,13.75,0.36666666666666664,49.5,1.01,0.0,0.0,0.7897985705003249,0.24960000000000002,48.4375,1.24125,0.0,0.0,0.0,351.0,0.0,0.1111111111111111,-0.00990099009900991,,,-0.0027270027270027315,-0.030088141025640978,0.13548387096774195,-0.1943605236656596,,0.0,0,0,0,0,2,0,0.1111111111111111,0.13548387096774195,,0.7897985705003249,1.01,0.24960000000000002
2026-07-09,4,SH017,松江区第1支行,社区支行,松江区,0,4,9,54,124,76,1.13,2.68,0,0,0,4.705,0.21972000000000003,254,0.7874015748031497,0.0,0.0,0.0,6.0,13.5,0.36,49.0,1.0,0.0,0.0,0.7892801570835803,0.258935,48.8235294117647,1.2270588235294118,0.0,0.0,0.0,354.0,0.0,0.10204081632653061,0.1299999999999999,,,-0.002380121004653313,-0.15144727441249733,0.10602409638554224,-0.07909875359539797,,0.0,0,0,0,0,3,0,0.10204081632653061,0.10602409638554224,,0.7892801570835803,1.0,0.258935
2026-07-10,5,SH017,松江区第1支行,社区支行,松江区,0,4,8,56,129,79,1.0,2.05,0,0,4,4.664,0.27106,264,0.7878787878787878,0.0,0.0,0.07142857142857142,7.0,14.0,0.37333333333333335,52.0,1.2850000000000001,0.0,0.0,0.7873178086781706,0.25034500000000004,49.111111111111114,1.2216666666666667,0.0,0.0,0.0,356.0,0.0,0.07692307692307693,-0.22178988326848256,,,0.0007125193847184673,0.08274581078112198,0.1402714932126696,-0.1814461118690314,,0.0,0,0,0,0,3,1,0.07692307692307693,0.1402714932126696,,0.7873178086781706,1.2850000000000001,0.25034500000000004
2026-07-11,6,SH017,松江区第1支行,社区支行,松江区,0,4,9,60,138,85,1.42,3.32,0,0,0,4.557,0.26369000000000004,283,0.7879858657243817,0.0,0.0,0.0,6.666666666666667,15.0,0.4,56.0,1.44,0.0,0.0,0.7890451832907075,0.25696,49.473684210526315,1.21,0.0,0.0,0.0,358.0,0.0,0.07142857142857142,-0.013888888888888902,,,-0.0013425309332831196,0.02619084682440852,0.21276595744680854,0.17355371900826444,,0.0,0,0,0,0,2,1,0.07142857142857142,0.21276595744680854,,0.7890451832907075,1.44,0.25696
2026-07-12,7,SH017,松江区第1支行,社区支行,松江区,0,4,9,17,40,25,1.0,3.2,0,0,0,4.702,0.23805,82,0.7926829268292683,0.0,0.0,0.0,1.8888888888888888,4.25,0.11333333333333333,16.5,1.0,0.0,0.0,0.7897985705003249,0.24326000000000003,50.0,1.2205,0.0,0.0,0.0,358.0,0.0,0.030303030303030304,0.0,,,0.003652015129777035,-0.02141741346707235,-0.66,-0.18066366243342888,,0.0,0,0,0,0,1,1,0.030303030303030304,-0.66,,0.7897985705003249,1.0,0.24326000000000003
2026-07-13,1,SH017,松江区第1支行,社区支行,松江区,0,4,9,60,139,85,1.8900000000000001,5.24,0,0,1,4.611,0.24243,284,0.7887323943661971,0.0,0.0,0.016666666666666666,6.666666666666667,15.0,0.4,56.0,1.31,0.0,0.0,0.7878787878787878,0.25181000000000003,48.42857142857143,1.21,0.0,0.0,0.0,358.0,0.0,0.07142857142857142,0.44274809160305345,,,0.0010834236186348634,-0.03725030777173276,0.2389380530973451,0.5619834710743803,,0.0,0,0,0,0,2,1,0.07142857142857142,0.2389380530973451,,0.7878787878787878,1.31,0.25181000000000003
2026-07-14,2,SH017,松江区第1支行,社区支行,松江区,0,4,10,56,129,79,1.0,2.05,0,0,0,4.543,0.25581000000000004,264,0.7878787878787878,0.0,0.0,0.0,5.6,14.0,0.37333333333333335,53.0,1.5899999999999999,0.0,0.0,0.7890295358649789,0.25005,48.714285714285715,1.25,0.0,0.0,0.0,358.0,0.0,0.05660377358490566,-0.371069182389937,,,-0.001458434613514899,0.02303539292141589,0.14956011730205276,-0.2,,0.0,0,0,0,0,1,2,0.05660377358490566,0.14956011730205276,,0.7890295358649789,1.5899999999999999,0.25005
2026-07-15,3,SH017,松江区第1支行,社区支行,松江区,0,4,9,53,123,76,1.0,2.56,0,0,1,4.655,0.25682000000000005,252,0.7896825396825397,0.0,0.0,0.018867924528301886,5.888888888888889,13.25,0.35333333333333333,51.0,1.0,0.0,0.0,0.7894736842105263,0.24574000000000001,49.0,1.25,0.0,0.0,0.0,356.0,0.0,0.0392156862745098,0.0,,,0.0002645502645502118,0.04508830471229769,0.08163265306122448,-0.2,,0.0,0,0,0,0,1,1,0.0392156862745098,0.08163265306122448,,0.7894736842105263,1.0,0.24574000000000001
2026-07-16,4,SH017,松江区第1支行,社区支行,松江区,0,4,8,52,120,73,1.07,2.68,0,0,2,4.72,0.27424000000000004,245,0.7877551020408163,0.0,0.0,0.038461538461538464,6.5,13.0,0.3466666666666667,51.0,1.0,0.0,0.0,0.7883817427385892,0.24517000000000003,49.23809523809524,1.249047619047619,0.0,0.0,0.0,354.0,0.0,0.0196078431372549,0.07000000000000006,,,-0.000794844253490827,0.11857078761675575,0.05609284332688582,-0.14334731223789543,,0.0,0,0,0,0,1,1,0.0196078431372549,0.05609284332688582,,0.7883817427385892,1.0,0.24517000000000003
2026-07-17,5,SH017,松江区第1支行,社区支行,松江区,0,4,9,53,123,76,1.37,3.38,0,0,0,4.592,0.23585000000000003,252,0.7896825396825397,0.0,0.0,0.0,5.888888888888889,13.25,0.35333333333333333,54.0,1.0,0.0,0.0,0.7874015748031497,0.25431000000000004,49.476190476190474,1.2523809523809524,0.0,0.0,0.0,351.0,0.0,-0.018518518518518517,0.3700000000000001,,,0.002896825396825302,-0.07258857300145492,0.07122232916265643,0.09391634980988603,,0.0,0,0,0,0,2,1,-0.018518518518518517,0.07122232916265643,,0.7874015748031497,1.0,0.25431000000000004
2026-07-18,6,SH017,松江区第1支行,社区支行,松江区,0,4,10,57,131,81,2.1,4.55,0,0,2,4.662,0.25681000000000004,269,0.7881040892193308,0.0,0.0,0.03508771929824561,5.7,14.25,0.38,58.0,1.42,0.0,0.0,0.788235294117647,0.26369000000000004,49.61904761904762,1.27,0.0,0.0,0.0,348.0,0.0,-0.017241379310344827,0.47887323943661986,,,-0.00016645397547576988,-0.0260912435056316,0.14875239923224565,0.6535433070866142,,0.0,0,0,0,0,2,1,-0.017241379310344827,0.14875239923224565,,0.788235294117647,1.42,0.26369000000000004
2026-07-19,7,SH017,松江区第1支行,社区支行,松江区,0,4,9,17,38,23,1.0,2.03,0,0,0,4.622,0.24117000000000002,78,0.782051282051282,0.0,0.0,0.0,1.8888888888888888,4.25,0.11333333333333333,17.0,1.0,0.0,0.0,0.7901234567901234,0.24045000000000002,49.76190476190476,1.3223809523809524,0.0,0.0,0.0,348.0,0.0,0.0,0.0,,,-0.010216346153846102,0.002994385527136612,-0.6583732057416267,-0.24378826071299967,,0.0,0,0,0,0,2,0,0.0,-0.6583732057416267,,0.7901234567901234,1.0,0.24045000000000002
2026-07-20,1,SH017,松江区第1支行,社区支行,松江区,0,4,9,57,132,81,1.0,2.18,0,0,1,4.599,0.25239,270,0.7888888888888889,0.0,0.0,0.017543859649122806,6.333333333333333,14.25,0.38,58.0,1.5050000000000001,0.0,0.0,0.7883055911224925,0.24712,49.80952380952381,1.3223809523809524,0.0,0.0,0.0,345.0,0.0,-0.017241379310344827,-0.3355481727574751,,,0.0007399386392347443,0.02132567173842666,0.14435946462715105,-0.24378826071299967,,0.0,0,0,0,0,2,1,-0.017241379310344827,0.14435946462715105,,0.7883055911224925,1.5050000000000001,0.24712
2026-07-21,2,SH017,松江区第1支行,社区支行,松江区,0,4,9,53,122,75,1.0,2.54,0,0,1,4.633,0.25441,250,0.788,0.0,0.0,0.018867924528301886,5.888888888888889,13.25,0.35333333333333333,54.5,1.295,0.0,0.0,0.7885147679324895,0.25109000000000004,49.857142857142854,1.3076190476190477,0.0,0.0,0.0,342.0,0.0,-0.027522935779816515,-0.22779922779922776,,,-0.0006528323291131748,0.013222350551595003,0.06303724928366769,-0.23525127458120906,,0.0,0,0,0,0,2,2,-0.027522935779816515,0.06303724928366769,,0.7885147679324895,1.295,0.25109000000000004
2026-07-22,3,SH017,松江区第1支行,社区支行,松江区,0,4,8,51,118,72,1.0,2.87,0,0,0,4.612,0.23826000000000003,241,0.7883817427385892,0.0,0.0,0.0,6.375,12.75,0.34,52.0,1.0,0.0,0.0,0.789578111946533,0.24960000000000002,49.857142857142854,1.2723809523809524,0.0,0.0,0.0,340.0,0.0,-0.019230769230769232,0.0,,,-0.0015152005733726221,-0.04543269230769226,0.022922636103151924,-0.21407185628742514,,0.0,0,0,0,0,1,2,-0.019230769230769232,0.022922636103151924,,0.789578111946533,1.0,0.24960000000000002
2026-07-23,4,SH017,松江区第1支行,社区支行,松江区,0,4,8,50,115,71,1.09,2.88,0,0,0,4.621,0.26104,236,0.788135593220339,0.0,0.0,0.0,6.25,12.5,0.3333333333333333,51.5,1.0350000000000001,0.0,0.0,0.7880684223897028,0.258935,49.857142857142854,1.2723809523809524,0.0,0.0,0.0,338.0,0.0,-0.02912621359223301,0.05314009661835742,,,8.523476988526705e-05,0.008129453337710112,0.002865329512894044,-0.14333832335329336,,0.0,0,0,0,0,0,2,-0.02912621359223301,0.002865329512894044,,0.7880684223897028,1.0350000000000001,0.258935
2026-07-24,5,SH017,松江区第1支行,社区支行,松江区,0,4,9,52,120,74,1.0,2.71,1,0,1,4.634,0.23161,246,0.7886178861788617,0.019230769230769232,0.0,0.019230769230769232,5.777777777777778,13.0,0.3466666666666667,53.5,1.185,0.0,0.0,0.7876401813409688,0.25034500000000004,49.80952380952381,1.2766666666666666,0.0,0.0,1.0,337.0,0.002967359050445104,-0.028037383177570093,-0.15611814345991565,,,0.0012413089898846816,-0.0748367253190598,0.04397705544933077,-0.216710182767624,,0.0,0,0,0,0,0,3,-0.028037383177570093,0.04397705544933077,,0.7876401813409688,1.185,0.25034500000000004
2026-07-25,6,SH017,松江区第1支行,社区支行,松江区,0,4,9,56,129,79,1.0,2.51,0,0,0,4.586,0.24775000000000003,264,0.7878787878787878,0.0,0.0,0.0,6.222222222222222,14.0,0.37333333333333335,57.5,1.65,0.0,0.0,0.7881696916684889,0.26025000000000004,49.714285714285715,1.2495238095238095,0.0009157509157509158,0.0,1.0,336.0,0.002976190476190476,-0.02608695652173913,-0.3939393939393939,,,-0.00036908776469857967,-0.048030739673391006,0.1264367816091954,-0.1996951219512195,2.2499999999999996,0.0,0,0,0,0,0,3,-0.02608695652173913,0.1264367816091954,,0.7881696916684889,1.65,0.26025000000000004
2026-07-26,7,SH017,松江区第1支行,社区支行,松江区,0,4,10,16,38,23,1.0,2.5,0,0,0,4.648,0.26092000000000004,77,0.7922077922077922,0.0,0.0,0.0,1.6,4.0,0.10666666666666667,17.0,1.0,0.0,0.0,0.7897985705003249,0.24081000000000002,49.61904761904762,1.2076190476190476,0.0009157509157509158,0.0,1.0,335.0,0.0029850746268656717,-0.058823529411764705,0.0,,,0.003050425510318632,0.0835098210207218,-0.6775431861804223,-0.17192429022082018,2.259701492537314,0.0,0,0,0,0,0,2,-0.058823529411764705,-0.6775431861804223,,0.7897985705003249,1.0,0.24081000000000002
2026-07-27,1,SH017,松江区第1支行,社区支行,松江区,0,4,8,58,133,82,1.0,2.4,0,0,0,4.609,0.24192000000000002,273,0.7875457875457875,0.0,0.0,0.0,7.25,14.5,0.38666666666666666,58.5,1.5050000000000001,0.0,0.0,0.7887323943661971,0.24741000000000002,49.57142857142857,1.2076190476190476,0.0009157509157509158,0.0,1.0,336.0,0.002976190476190476,-0.008547008547008548,-0.3355481727574751,,,-0.0015044479330193247,-0.022189887231720603,0.17002881844380408,-0.17192429022082018,2.2499999999999996,0.0,0,0,0,0,0,3,-0.008547008547008548,0.17002881844380408,,0.7887323943661971,1.5050000000000001,0.24741000000000002
2026-07-28,2,SH017,松江区第1支行,社区支行,松江区,0,4,9,54,126,77,2.21,5.79,0,0,0,4.651,0.23217000000000002,257,0.7898832684824902,0.0,0.0,0.0,6.0,13.5,0.36,54.5,1.295,0.0,0.0,0.788,0.25223,49.476190476190474,1.1742857142857144,0.0009157509157509158,0.0,1.0,337.0,0.002967359050445104,-0.009174311926605505,0.7065637065637066,,,0.0023899346224495023,-0.07953058716251038,0.0914340712223292,0.8819951338199512,2.2403560830860534,0.0,0,0,0,0,1,3,-0.009174311926605505,0.0914340712223292,,0.788,1.295,0.25223
2026-07-29,3,SH017,松江区第1支行,社区支行,松江区,0,4,10,53,122,75,1.0,2.44,0,0,3,4.71,0.23123000000000002,250,0.788,0.0,0.0,0.05660377358490566,5.3,13.25,0.35333333333333333,52.0,1.0,0.0,0.0,0.7890321412105644,0.24777500000000002,49.38095238095238,1.2038095238095239,0.0009157509157509158,0.0,1.0,339.0,0.0029498525073746312,0.019230769230769232,0.0,,,-0.0013081104769456333,-0.0667742911916053,0.07328833172613311,-0.16930379746835447,2.221238938053097,0.0,0,0,0,0,1,2,0.019230769230769232,0.07328833172613311,,0.7890321412105644,1.0,0.24777500000000002
2026-07-30,4,SH017,松江区第1支行,社区支行,松江区,0,4,9,52,121,74,1.15,2.5300000000000002,0,0,1,4.668,0.23456000000000002,247,0.7894736842105263,0.0,0.0,0.019230769230769232,5.777777777777778,13.0,0.3466666666666667,51.5,1.08,0.0,0.0,0.7879453476305777,0.26687,49.285714285714285,1.2038095238095239,0.0009157509157509158,0.0,1.0,341.0,0.002932551319648094,0.009708737864077669,0.06481481481481466,,,0.0019396479521638257,-0.12107018398471157,0.05507246376811596,-0.04469936708860773,2.2023460410557183,0.0,0,0,0,0,1,1,0.009708737864077669,0.05507246376811596,,0.7879453476305777,1.08,0.26687
2026-07-31,5,SH017,松江区第1支行,社区支行,松江区,0,4,10,55,128,78,2.25,4.79,0,0,0,4.59,0.24116,261,0.789272030651341,0.0,0.0,0.0,5.5,13.75,0.36666666666666664,53.5,1.185,0.0,0.0,0.7882483370288248,0.24508000000000002,49.19047619047619,1.2047619047619047,0.0009157509157509158,0.0,0.0,344.0,0.0,0.028037383177570093,0.8987341772151898,,,0.0012986943002948103,-0.015994777215603096,0.11810261374636981,0.8675889328063242,-1.0,0.0,0,0,0,0,2,1,0.028037383177570093,0.11810261374636981,,0.7882483370288248,1.185,0.24508000000000002
2026-08-01,6,SH017,松江区第1支行,社区支行,松江区,0,4,8,59,137,84,1.51,4.63,0,0,0,4.662,0.22912000000000002,280,0.7892857142857143,0.0,0.0,0.0,7.375,14.75,0.3933333333333333,57.5,1.65,0.0,0.0,0.7880449774718563,0.26025000000000004,49.142857142857146,1.2642857142857142,0.0009157509157509158,0.0,0.0,347.0,0.0,0.02608695652173913,-0.0848484848484848,,,0.0015744492374513692,-0.11961575408261292,0.20058139534883712,0.19435028248587577,-1.0,0.0,0,0,0,0,2,0,0.02608695652173913,0.20058139534883712,,0.7880449774718563,1.65,0.26025000000000004
2026-08-02,7,SH017,松江区第1支行,社区支行,松江区,0,4,8,18,41,25,1.0,2.42,0,0,0,4.575,0.2303,84,0.7857142857142857,0.0,0.0,0.0,2.25,4.5,0.12,17.0,1.0,0.0,0.0,0.7911656244989578,0.24081000000000002,49.095238095238095,1.2685714285714287,0.0009157509157509158,0.0,0.0,349.0,0.0,0.058823529411764705,0.0,,,-0.006890262437936923,-0.04364436692828379,-0.6333656644034917,-0.21171171171171177,-1.0,0.0,0,0,0,0,1,0,0.058823529411764705,-0.6333656644034917,,0.7911656244989578,1.0,0.24081000000000002
2026-08-03,1,SH017,松江区第1支行,社区支行,松江区,0,4,9,62,143,88,1.63,3.31,0,0,1,4.686,0.25328,293,0.78839590443686,0.0,0.0,0.016129032258064516,6.888888888888889,15.5,0.41333333333333333,59.0,1.35,0.0,0.0,0.7887323943661971,0.24741000000000002,49.142857142857146,1.2685714285714287,0.0009157509157509158,0.0,0.0,353.0,0.0,0.05084745762711865,0.20740740740740726,,,-0.00042662116040954087,0.023725799280546404,0.2616279069767441,0.2849099099099097,-1.0,0.0,0,0,0,0,2,0,0.05084745762711865,0.2616279069767441,,0.7887323943661971,1.35,0.24741000000000002
2026-08-04,2,SH017,松江区第1支行,社区支行,松江区,0,4,10,58,135,83,1.09,2.91,0,0,1,4.61,0.23155,276,0.7898550724637681,0.0,0.0,0.017241379310344827,5.8,14.5,0.38666666666666666,55.0,1.295,0.0,0.0,0.7889416342412452,0.24557500000000002,49.23809523809524,1.256190476190476,0.0009157509157509158,0.0,0.0,357.0,0.0,0.05454545454545454,-0.1583011583011582,,,0.001157802026003312,-0.05711086226203811,0.17794970986460343,-0.13229719484457908,-1.0,0.0,0,0,0,0,2,1,0.05454545454545454,0.17794970986460343,,0.7889416342412452,1.295,0.24557500000000002
2026-08-05,3,SH017,松江区第1支行,社区支行,松江区,0,4,9,57,131,80,1.34,4.26,0,0,0,4.614,0.25382000000000005,268,0.7873134328358209,0.0,0.0,0.0,6.333333333333333,14.25,0.38,53.0,1.0,0.0,0.0,0.7881908713692947,0.24017500000000003,49.333333333333336,1.2604761904761905,0.0009157509157509158,0.0,0.0,361.0,0.0,0.07547169811320754,0.3400000000000001,,,-0.001113231027339142,0.0568127407098991,0.15540540540540534,0.06309029089535324,-1.0,0.0,0,0,0,0,2,1,0.07547169811320754,0.15540540540540534,,0.7881908713692947,1.0,0.24017500000000003
2026-08-06,4,SH017,松江区第1支行,社区支行,松江区,0,4,9,56,130,79,1.78,5.04,0,0,2,4.592,0.22661,265,0.7886792452830189,0.0,0.0,0.03571428571428571,6.222222222222222,14.0,0.37333333333333335,52.0,1.1099999999999999,0.0,0.0,0.7879453476305777,0.24780000000000002,49.523809523809526,1.2766666666666666,0.0009157509157509158,0.0,0.0,365.0,0.0,0.07692307692307693,0.6036036036036038,,,0.0009314067969918816,-0.08551251008878133,0.13076923076923072,0.3942558746736293,-1.0,0.0,0,0,0,0,3,1,0.07692307692307693,0.13076923076923072,,0.7879453476305777,1.1099999999999999,0.24780000000000002
2026-08-07,5,SH017,松江区第1支行,社区支行,松江区,0,4,9,58,135,83,1.72,4.94,1,0,1,4.571,0.26839,276,0.7898550724637681,0.017241379310344827,0.0,0.017241379310344827,6.444444444444445,14.5,0.38666666666666666,54.0,1.185,0.0,0.0,0.7889449584151014,0.23850500000000002,49.714285714285715,1.3104761904761904,0.0009157509157509158,0.0,1.0,368.0,0.002717391304347826,0.07407407407407407,0.4514767932489451,,,0.0011535837056301272,0.12530135636569462,0.16666666666666663,0.3125000000000001,1.967391304347826,0.0,0,0,0,1,4,1,0.07407407407407407,0.16666666666666663,,0.7889449584151014,1.185,0.23850500000000002
2026-08-08,6,SH017,松江区第1支行,社区支行,松江区,0,4,10,63,146,89,1.85,5.4,0,0,1,4.675,0.24131000000000002,298,0.7885906040268457,0.0,0.0,0.015873015873015872,6.3,15.75,0.42,58.0,1.4649999999999999,0.0,0.0,0.7880449774718563,0.25228000000000006,49.95238095238095,1.327142857142857,0.0017367689781482886,0.0,1.0,372.0,0.002688172043010753,0.08620689655172414,0.2627986348122869,,,0.0006923799663564757,-0.0434834311082925,0.2612011439466159,0.3939720129171154,0.547800586510264,0.0,0,0,0,1,4,1,0.08620689655172414,0.2612011439466159,,0.7880449774718563,1.4649999999999999,0.25228000000000006
2026-08-09,7,SH017,松江区第1支行,社区支行,松江区,0,4,9,18,43,26,1.0,2.27,1,0,2,4.641,0.24439000000000002,87,0.7931034482758621,0.05555555555555555,0.0,0.1111111111111111,2.0,4.5,0.12,17.0,1.0,0.0,0.0,0.788961038961039,0.23961000000000002,50.23809523809524,1.3152380952380953,0.0017367689781482886,0.0,2.0,372.0,0.005376344086021506,0.058823529411764705,0.0,,,0.00525046118915853,0.019949083928049772,-0.6417061611374407,-0.23968139029688637,2.095601173020528,0.0,0,0,0,1,4,0,0.058823529411764705,-0.6417061611374407,,0.788961038961039,1.0,0.23961000000000002
2026-08-10,1,SH017,松江区第1支行,社区支行,松江区,0,4,9,64,149,91,2.59,7.74,0,0,2,4.59,0.23682000000000003,304,0.7894736842105263,0.0,0.0,0.03125,7.111111111111111,16.0,0.4266666666666667,59.0,1.315,0.0,0.0,0.7885641494015285,0.24741000000000002,50.285714285714285,1.3152380952380953,0.004382271623650934,0.0,2.0,374.0,0.0053475935828877,0.0847457627118644,0.9695817490494296,,,0.0011534062380189152,-0.04280344367648837,0.27272727272727276,0.9692251991310642,0.22027889691432284,0.0,0,0,0,1,4,0,0.0847457627118644,0.27272727272727276,,0.7885641494015285,1.315,0.24741000000000002
2026-08-11,2,SH017,松江区第1支行,社区支行,松江区,0,4,9,60,138,85,1.8,4.27,0,0,2,4.61,0.23789000000000002,283,0.7879858657243817,0.0,0.0,0.03333333333333333,6.666666666666667,15.0,0.4,55.0,1.045,0.0,0.0,0.788927536231884,0.24329,50.61904761904762,1.390952380952381,0.004382271623650934,0.0,2.0,376.0,0.005319148936170213,0.09090909090909091,0.7224880382775121,,,-0.0011936083661118406,-0.022195733486785267,0.1853245531514581,0.2940773707634372,0.2137880517179701,0.0,0,0,0,1,4,0,0.09090909090909091,0.1853245531514581,,0.788927536231884,1.045,0.24329
2026-08-12,3,SH017,松江区第1支行,社区支行,松江区,0,4,9,57,133,81,1.0,2.62,0,0,1,4.639,0.24273000000000003,271,0.7896678966789668,0.0,0.0,0.017543859649122806,6.333333333333333,14.25,0.38,53.0,1.0,0.0,0.0,0.7881908713692947,0.24604000000000004,50.95238095238095,1.4290476190476191,0.004382271623650934,0.0,2.0,376.0,0.005319148936170213,0.07547169811320754,0.0,,,0.0018739436896878865,-0.01345309705738907,0.1186915887850468,-0.3002332555814729,0.2137880517179701,0.0,0,0,0,0,3,0,0.07547169811320754,0.1186915887850468,,0.7881908713692947,1.0,0.24604000000000004
2026-08-13,4,SH017,松江区第1支行,社区支行,松江区,0,4,9,56,129,79,2.29,6.68,0,0,0,4.599,0.23973000000000003,264,0.7878787878787878,0.0,0.0,0.0,6.222222222222222,14.0,0.37333333333333335,52.0,1.12,0.0,0.0,0.788407419251679,0.24780000000000002,51.23809523809524,1.4290476190476191,0.004382271623650934,0.0,2.0,376.0,0.005319148936170213,0.07692307692307693,1.044642857142857,,,-0.0006705053250170036,-0.032566585956416434,0.09293680297397763,0.6024658447184271,0.2137880517179701,0.0,0,0,0,0,3,0,0.07692307692307693,0.09293680297397763,,0.788407419251679,1.12,0.24780000000000002
2026-08-14,5,SH017,松江区第1支行,社区支行,松江区,0,4,9,58,133,82,1.19,2.48,0,0,1,4.591,0.24444000000000002,273,0.7875457875457875,0.0,0.0,0.017241379310344827,6.444444444444445,14.5,0.38666666666666666,54.0,1.545,0.008620689655172414,0.0,0.7894772851669403,0.23850500000000002,51.523809523809526,1.4861904761904763,0.004382271623650934,0.0,1.0,376.0,0.0026595744680851063,0.07407407407407407,-0.2297734627831715,-1.0,,-0.0024465524942168747,0.02488417433596778,0.12569316081330864,-0.1992950977250882,-0.39310597414101495,0.0,0,0,0,0,3,1,0.07407407407407407,0.12569316081330864,,0.7894772851669403,1.545,0.23850500000000002
2026-08-15,6,SH017,松江区第1支行,社区支行,松江区,0,4,10,61,142,87,2.34,6.89,0,0,0,4.631,0.23989000000000002,290,0.7896551724137931,0.0,0.0,0.0,6.1,15.25,0.4066666666666667,58.0,1.6800000000000002,0.0,0.0,0.7883473466230883,0.24453000000000003,51.80952380952381,1.4952380952380953,0.0034665207079000184,0.0,1.0,374.0,0.00267379679144385,0.05172413793103448,0.3928571428571426,,,0.0016589461438628415,-0.01897517686991373,0.17738970588235292,0.5649681528662419,-0.2286799887419083,0.0,0,0,0,0,3,1,0.05172413793103448,0.17738970588235292,,0.7883473466230883,1.6800000000000002,0.24453000000000003
2026-08-16,7,SH017,松江区第1支行,社区支行,松江区,0,4,9,18,41,25,1.0,2.42,0,0,0,4.58,0.24901,84,0.7857142857142857,0.0,0.0,0.0,2.0,4.5,0.12,17.5,1.0,0.0,0.0,0.788961038961039,0.24278000000000002,52.04761904761905,1.5590476190476192,0.0034665207079000184,0.0,0.0,374.0,0.0,0.02857142857142857,0.0,,,-0.0041152263374485964,0.025661092346980743,-0.6541628545288198,-0.3585827733659133,-1.0,0.0,0,0,0,0,2,1,0.02857142857142857,-0.6541628545288198,,0.788961038961039,1.0,0.24278000000000002
2026-08-17,1,SH017,松江区第1支行,社区支行,松江区,0,4,9,61,142,87,1.49,4.64,1,0,3,4.566,0.25251,290,0.7896551724137931,0.01639344262295082,0.0,0.04918032786885246,6.777777777777778,15.25,0.4066666666666667,60.0,1.315,0.0,0.0,0.7886423966628744,0.247155,52.142857142857146,1.5590476190476192,0.0034665207079000184,0.0,1.0,371.0,0.0026954177897574125,0.016666666666666666,0.13307984790874527,,,0.001284201502739745,0.021666565515567147,0.16986301369863008,-0.04428833231521087,-0.2224428997020854,0.0,0,0,0,0,3,1,0.016666666666666666,0.16986301369863008,,0.7886423966628744,1.315,0.247155
2026-08-18,2,SH017,松江区第1支行,社区支行,松江区,0,4,9,57,131,80,1.18,3.5,0,0,0,4.666,0.24911000000000003,268,0.7873134328358209,0.0,0.0,0.0,6.333333333333333,14.25,0.38,56.0,1.445,0.0,0.0,0.788927536231884,0.23503000000000002,52.285714285714285,1.5823809523809527,0.004247160832802438,0.0,1.0,368.0,0.002717391304347826,0.017857142857142856,-0.1833910034602077,,,-0.0020459463283187236,0.05990724588350427,0.09016393442622953,-0.2542882937105027,-0.36018639007960807,0.0,0,0,0,0,2,2,0.017857142857142856,0.09016393442622953,,0.788927536231884,1.445,0.23503000000000002
2026-08-19,3,SH017,松江区第1支行,社区支行,松江区,0,4,9,54,126,77,1.0,2.92,0,0,2,4.611,0.24507,257,0.7898832684824902,0.0,0.0,0.037037037037037035,6.0,13.5,0.36,55.0,1.0,0.0,0.0,0.7881908713692947,0.24049500000000001,52.42857142857143,1.5333333333333334,0.004247160832802438,0.0,1.0,365.0,0.0027397260273972603,-0.01818181818181818,0.0,,,0.002147191974268159,0.019023264516933806,0.02997275204359669,-0.3478260869565218,-0.35492764808026234,0.0,0,0,0,0,2,1,-0.01818181818181818,0.02997275204359669,,0.7881908713692947,1.0,0.24049500000000001
2026-08-20,4,SH017,松江区第1支行,社区支行,松江区,0,4,8,53,122,75,1.0,3.19,0,0,2,4.639,0.24806000000000003,250,0.788,0.0,0.0,0.03773584905660377,6.625,13.25,0.35333333333333333,54.0,1.4649999999999999,0.0,0.0,0.788407419251679,0.23714500000000002,52.476190476190474,1.5333333333333334,0.004247160832802438,0.0,1.0,362.0,0.0027624309392265192,-0.018518518518518517,-0.31740614334470985,,,-0.0005167623258361515,0.04602669252988681,0.009981851179673354,-0.3478260869565218,-0.3495817446113143,0.0,0,0,0,0,1,2,-0.018518518518518517,0.009981851179673354,,0.788407419251679,1.4649999999999999,0.23714500000000002
2026-08-21,5,SH017,松江区第1支行,社区支行,松江区,0,4,9,55,126,78,1.35,3.51,0,0,1,4.549,0.23524000000000003,259,0.7876447876447876,0.0,0.0,0.01818181818181818,6.111111111111111,13.75,0.36666666666666664,56.5,1.455,0.008620689655172414,0.0,0.7889449584151014,0.24280000000000002,52.523809523809526,1.5261904761904763,0.004247160832802438,0.0,1.0,359.0,0.002785515320334262,-0.02654867256637168,-0.07216494845360823,-1.0,,-0.001647986664273308,-0.031136738056013108,0.047144152311876665,-0.1154446177847114,-0.34414649456628343,0.0,0,0,0,0,1,2,-0.02654867256637168,0.047144152311876665,,0.7889449584151014,1.455,0.24280000000000002
2026-08-22,6,SH017,松江区第1支行,社区支行,松江区,0,4,8,58,135,83,1.42,3.96,0,0,1,4.589,0.24119000000000002,276,0.7898550724637681,0.0,0.0,0.017241379310344827,7.25,14.5,0.38666666666666666,60.0,1.6800000000000002,0.0,0.0,0.78893815915628,0.24060000000000004,52.523809523809526,1.4833333333333334,0.004247160832802438,0.0,1.0,356.0,0.0028089887640449437,-0.03333333333333333,-0.15476190476190488,,,0.0011622118880251543,0.0024522028262675783,0.10426110607434266,-0.04269662921348323,-0.3386196391834151,0.0,0,0,0,0,0,3,-0.03333333333333333,0.10426110607434266,,0.78893815915628,1.6800000000000002,0.24060000000000004
2026-08-23,7,SH017,松江区第1支行,社区支行,松江区,0,4,10,17,40,24,1.0,3.19,0,0,0,4.615,0.22863000000000003,81,0.7901234567901234,0.0,0.0,0.0,1.7,4.25,0.11333333333333333,18.0,1.0,0.0,0.0,0.788961038961039,0.24670000000000003,52.476190476190474,1.479047619047619,0.004247160832802438,0.0,1.0,355.0,0.0028169014084507044,-0.05555555555555555,0.0,,,0.001473352639333363,-0.07324685853263073,-0.6760435571687841,-0.3238892466194462,-0.33675659591350915,0.0,0,0,0,0,0,2,-0.05555555555555555,-0.6760435571687841,,0.788961038961039,1.0,0.24670000000000003
2026-08-24,1,SH017,松江区第1支行,社区支行,松江区,0,4,8,60,138,85,1.6099999999999999,4.67,1,0,2,4.65,0.23444,283,0.7879858657243817,0.016666666666666666,0.0,0.03333333333333333,7.5,15.0,0.4,61.5,1.56,0.0,0.0,0.7889347943236932,0.24721500000000002,52.42857142857143,1.479047619047619,0.004247160832802438,0.0,1.0,354.0,0.002824858757062147,-0.024390243902439025,0.03205128205128194,,,-0.0012027972478067276,-0.05167566692959573,0.14441416893732967,0.08853831294269156,-0.3348830269754117,0.0,0,0,0,0,0,2,-0.024390243902439025,0.14441416893732967,,0.7889347943236932,1.56,0.24721500000000002
2026-08-25,2,SH017,松江区第1支行,社区支行,松江区,0,4,10,56,129,79,1.44,4.06,0,0,0,4.596,0.22664,264,0.7878787878787878,0.0,0.0,0.0,5.6,14.0,0.37333333333333335,57.5,1.49,0.0,0.0,0.7889204690940749,0.23503000000000002,52.333333333333336,1.4780952380952381,0.005040811626453231,0.0,1.0,353.0,0.0028328611898017,-0.02608695652173913,-0.0335570469798658,,,-0.0013203881203427256,-0.035697570522912,0.07006369426751588,-0.025773195876288717,-0.438014867499635,0.0,0,0,0,0,0,1,-0.02608695652173913,0.07006369426751588,,0.7889204690940749,1.49,0.23503000000000002
2026-08-26,3,SH017,松江区第1支行,社区支行,松江区,0,4,9,54,125,77,1.0,2.35,1,0,3,4.524,0.24565,256,0.7890625,0.018518518518518517,0.0,0.05555555555555555,6.0,13.5,0.36,55.5,1.0,0.0,0.0,0.7888339483394834,0.2439,52.23809523809524,1.4947619047619047,0.005040811626453231,0.0,2.0,353.0,0.0056657223796034,-0.02702702702702703,0.0,,,0.00028973355038498853,0.007175071750717513,0.033728350045578795,-0.33099713284485505,0.12397026500073008,0.0,0,0,0,0,0,1,-0.02702702702702703,0.033728350045578795,,0.7888339483394834,1.0,0.2439
2026-08-27,4,SH017,松江区第1支行,社区支行,松江区,0,4,9,53,124,76,1.0,2.98,0,0,1,4.638,0.23862000000000003,253,0.7905138339920948,0.0,0.0,0.018867924528301886,5.888888888888889,13.25,0.35333333333333333,54.5,1.4649999999999999,0.0,0.0,0.7883396226415095,0.23714500000000002,52.095238095238095,1.4785714285714286,0.00592264584162078,0.0,2.0,353.0,0.0056657223796034,-0.027522935779816515,-0.31740614334470985,,,0.0027579627969227154,0.0062198233148495815,0.017367458866544797,-0.3236714975845411,-0.04337984557710291,0.0,0,0,0,0,0,1,-0.027522935779816515,0.017367458866544797,,0.7883396226415095,1.4649999999999999,0.23714500000000002
2026-08-28,5,SH017,松江区第1支行,社区支行,松江区,0,4,9,56,130,80,1.02,2.69,0,0,0,4.664,0.23668000000000003,266,0.7894736842105263,0.0,0.0,0.0,6.222222222222222,14.0,0.37333333333333335,56.5,1.5350000000000001,0.0,0.0,0.7884584091480643,0.24280000000000002,51.95238095238095,1.4414285714285715,0.00592264584162078,0.0,2.0,354.0,0.005649717514124294,-0.008849557522123894,-0.3355048859934854,,,0.0012876710434974379,-0.025205930807248707,0.07791017415215405,-0.29236868186323095,-0.04608216239750662,0.0,0,0,0,0,0,2,-0.008849557522123894,0.07791017415215405,,0.7884584091480643,1.5350000000000001,0.24280000000000002
2026-08-29,6,SH017,松江区第1支行,社区支行,松江区,0,4,9,61,141,86,1.0,2.34,0,0,2,4.595,0.24015000000000003,288,0.7881944444444444,0.0,0.0,0.03278688524590164,6.777777777777778,15.25,0.4066666666666667,60.0,1.6800000000000002,0.0,0.0,0.7894704433497537,0.24054000000000003,51.857142857142854,1.408095238095238,0.005101627779223407,0.0,2.0,357.0,0.0056022408963585435,0.016666666666666666,-0.4047619047619048,,,-0.0016162719150005914,-0.0016213519580942936,0.17630853994490364,-0.28982076428812986,0.09812811494674388,0.0,0,0,0,0,0,3,0.016666666666666666,0.17630853994490364,,0.7894704433497537,1.6800000000000002,0.24054000000000003
2026-08-30,7,SH017,松江区第1支行,社区支行,松江区,0,4,9,18,42,26,1.0,2.31,0,0,0,4.629,0.25782,86,0.7906976744186046,0.0,0.0,0.0,2.0,4.5,0.12,18.0,1.0,0.0,0.0,0.7879188712522045,0.23734500000000003,51.76190476190476,1.3676190476190475,0.005101627779223407,0.0,2.0,358.0,0.00558659217877095,0.0,0.0,,,0.0035267630561810048,0.08626682677115576,-0.6522539098436062,-0.2688022284122562,0.09506071797761893,0.0,0,0,0,0,0,3,0.0,-0.6522539098436062,,0.7879188712522045,1.0,0.23734500000000003
2026-08-31,1,SH017,松江区第1支行,社区支行,松江区,0,4,9,63,147,90,2.44,5.34,0,0,1,4.635,0.24653000000000003,300,0.79,0.0,0.0,0.015873015873015872,7.0,15.75,0.42,61.5,1.6199999999999999,0.00819672131147541,0.0,0.7889347943236932,0.24466500000000002,51.76190476190476,1.3676190476190475,0.0024561251337207623,0.0,1.0,361.0,0.002770083102493075,0.024390243902439025,0.5061728395061729,-1.0,,0.0013501821493625398,0.007622667729344227,0.21711131554737817,0.7841225626740949,0.1278265363852616,0.0,0,0,0,0,1,3,0.024390243902439025,0.21711131554737817,,0.7889347943236932,1.6199999999999999,0.24466500000000002
2026-09-01,2,SH017,松江区第1支行,社区支行,松江区,0,4,9,59,137,84,1.49,3.32,0,0,3,4.645,0.24799000000000002,280,0.7892857142857143,0.0,0.0,0.05084745762711865,6.555555555555555,14.75,0.3933333333333333,57.5,1.31,0.0,0.0,0.7879323268015848,0.23472,51.714285714285715,1.3604761904761904,0.0024561251337207623,0.0,1.0,364.0,0.0027472527472527475,0.02608695652173913,0.1374045801526717,,,0.0017176443180383749,0.05653544648943423,0.14088397790055246,0.09520476023801196,0.1185312627337348,0.0,0,0,0,0,2,2,0.02608695652173913,0.14088397790055246,,0.7879323268015848,1.31,0.23472
2026-09-02,3,SH017,松江区第1支行,社区支行,松江区,0,4,9,58,134,82,1.45,4.11,0,0,2,4.588,0.23676000000000003,274,0.7883211678832117,0.0,0.0,0.034482758620689655,6.444444444444445,14.5,0.38666666666666666,55.5,1.0,0.0,0.0,0.7893651983394834,0.24536000000000002,51.666666666666664,1.3457142857142856,0.0024561251337207623,0.0,0.0,368.0,0.0,0.04504504504504504,0.44999999999999996,,,-0.001322620326393783,-0.035050537985001615,0.12258064516129037,0.0774946921443737,-1.0,0.0,0,0,0,0,3,1,0.04504504504504504,0.12258064516129037,,0.7893651983394834,1.0,0.24536000000000002
2026-09-03,4,SH017,松江区第1支行,社区支行,松江区,0,4,9,57,133,81,1.65,4.37,0,0,0,4.561,0.23370000000000002,271,0.7896678966789668,0.0,0.0,0.0,6.333333333333333,14.25,0.38,54.5,1.3900000000000001,0.0,0.0,0.7883396226415095,0.23917500000000003,51.714285714285715,1.367142857142857,0.0024561251337207623,0.0,0.0,372.0,0.0,0.045871559633027525,0.18705035971223005,,,0.0016849007703134296,-0.02289118846033242,0.10220994475138119,0.206896551724138,-1.0,0.0,0,0,0,1,4,0,0.045871559633027525,0.10220994475138119,,0.7883396226415095,1.3900000000000001,0.23917500000000003
2026-09-04,5,SH017,松江区第1支行,社区支行,松江区,0,4,9,60,139,85,1.8399999999999999,5.37,0,0,3,4.605,0.24439000000000002,284,0.7887323943661971,0.0,0.0,0.05,6.666666666666667,15.0,0.4,57.0,1.27,0.0,0.0,0.788559235927657,0.24056000000000002,51.76190476190476,1.3366666666666667,0.0024561251337207623,0.0,0.0,376.0,0.0,0.05263157894736842,0.44881889763779514,,,0.00021958837161605563,0.015921183904223476,0.15915363385464587,0.37655860349127174,-1.0,0.0,0,0,0,1,5,0,0.05263157894736842,0.15915363385464587,,0.788559235927657,1.27,0.24056000000000002
2026-09-05,6,SH017,松江区第1支行,社区支行,松江区,0,4,8,65,151,92,1.77,5.46,0,0,3,4.592,0.24383000000000002,308,0.788961038961039,0.0,0.0,0.046153846153846156,8.125,16.25,0.43333333333333335,61.0,1.635,0.0,0.0,0.7891228882203194,0.24067000000000002,51.857142857142854,1.3676190476190475,0.0024561251337207623,0.0,0.0,380.0,0.0,0.06557377049180328,0.08256880733944955,,,-0.00020510019630204238,0.013130012049694585,0.25344352617079896,0.2942200557103065,-1.0,0.0,0,0,0,1,4,0,0.06557377049180328,0.25344352617079896,,0.7891228882203194,1.635,0.24067000000000002
2026-09-06,7,SH017,松江区第1支行,社区支行,松江区,0,4,9,19,45,27,1.0,2.45,0,0,0,4.638,0.24331000000000003,91,0.7912087912087912,0.0,0.0,0.0,2.111111111111111,4.75,0.12666666666666668,18.0,1.0,0.0,0.0,0.7904105656043641,0.24670000000000003,52.04761904761905,1.3404761904761904,0.0024561251337207623,0.0,0.0,381.0,0.0,0.05555555555555555,0.0,,,0.0010098873157354186,-0.013741386299148778,-0.6349496797804209,-0.25399644760213136,-1.0,0.0,0,0,0,0,3,0,0.05555555555555555,-0.6349496797804209,,0.7904105656043641,1.0,0.24670000000000003
2026-09-07,1,SH017,松江区第1支行,社区支行,松江区,0,4,9,67,156,95,1.55,4.65,0,0,0,4.587,0.22806,318,0.789308176100629,0.0,0.0,0.0,7.444444444444445,16.75,0.44666666666666666,62.0,2.025,0.00819672131147541,0.0,0.7895644283121597,0.24167500000000003,52.095238095238095,1.3404761904761904,0.0024561251337207623,0.0,0.0,385.0,0.0,0.08064516129032258,-0.23456790123456783,-1.0,,-0.00032454883014231125,-0.05633598841419268,0.2861060329067642,0.1563055062166964,-1.0,0.0,0,0,0,0,2,1,0.08064516129032258,0.2861060329067642,,0.7895644283121597,2.025,0.24167500000000003
2026-09-08,2,SH017,松江区第1支行,社区支行,松江区,0,4,9,63,145,89,2.07,5.26,0,0,1,4.513,0.25463,297,0.7878787878787878,0.0,0.0,0.015873015873015872,7.0,15.75,0.42,58.0,1.4649999999999999,0.0,0.0,0.7879323268015848,0.24294000000000002,52.38095238095238,1.3433333333333333,0.0016754850088183419,0.0,0.0,389.0,0.0,0.08620689655172414,0.41296928327645055,,,-6.79486308351404e-05,0.048118877088993185,0.20272727272727276,0.5409429280397022,-1.0,0.0,0,0,0,0,2,1,0.08620689655172414,0.20272727272727276,,0.7879323268015848,1.4649999999999999,0.24294000000000002
2026-09-09,3,SH017,松江区第1支行,社区支行,松江区,0,4,9,61,140,86,1.49,3.77,1,0,3,4.596,0.25383,287,0.7874564459930313,0.01639344262295082,0.0,0.04918032786885246,6.777777777777778,15.25,0.4066666666666667,55.5,1.0,0.0,0.0,0.7893651983394834,0.2439,52.666666666666664,1.3857142857142857,0.0016754850088183419,0.0,1.0,392.0,0.002551020408163265,0.0990990990990991,0.49,,,-0.002418085254413696,0.04071340713407132,0.15822784810126586,0.07525773195876291,0.5225563909774438,0.0,0,0,0,0,2,1,0.0990990990990991,0.15822784810126586,,0.7893651983394834,1.0,0.2439
2026-09-10,4,SH017,松江区第1支行,社区支行,松江区,0,4,9,59,138,84,1.06,3.01,0,0,1,4.61,0.25032000000000004,281,0.7900355871886121,0.0,0.0,0.01694915254237288,6.555555555555555,14.75,0.3933333333333333,54.5,1.325,0.0,0.0,0.7888339483394834,0.23917500000000003,53.0,1.409047619047619,0.0024561251337207623,0.0,1.0,394.0,0.0025380710659898475,0.08256880733944955,-0.19999999999999993,,,0.001523310262772284,0.046597679523361614,0.11320754716981132,-0.24771882392700237,0.03336390770324721,0.0,0,0,0,0,2,2,0.08256880733944955,0.11320754716981132,,0.7888339483394834,1.325,0.23917500000000003
2026-09-11,5,SH017,松江区第1支行,社区支行,松江区,0,4,10,62,143,87,2.12,6.27,1,0,5,4.661,0.23591,292,0.7876712328767124,0.016129032258064516,0.0,0.08064516129032258,6.2,15.5,0.41333333333333333,57.0,1.27,0.0,0.0,0.7881885910054924,0.24053500000000003,53.285714285714285,1.4119047619047618,0.0024561251337207623,0.0,2.0,396.0,0.005050505050505051,0.08771929824561403,0.6692913385826772,,,-0.0006563887560464071,-0.019227970981354137,0.1635388739946381,0.5015177065767287,1.056289796136765,0.0,0,0,0,0,3,2,0.08771929824561403,0.1635388739946381,,0.7881885910054924,1.27,0.24053500000000003
2026-09-12,6,SH017,松江区第1支行,社区支行,松江区,0,4,9,66,153,94,2.27,5.07,0,0,5,4.55,0.23911000000000002,313,0.7891373801916933,0.0,0.0,0.07575757575757576,7.333333333333333,16.5,0.44,61.0,1.595,0.0,0.0,0.789308105687416,0.24067000000000002,53.61904761904762,1.4485714285714284,0.0032241742888666916,0.0,2.0,397.0,0.005037783375314861,0.08196721311475409,0.42319749216300945,,,-0.00021629765929495536,-0.00648190468276065,0.2309058614564831,0.5670611439842211,0.5625034269117193,0.0,0,0,0,1,4,1,0.08196721311475409,0.2309058614564831,,0.789308105687416,1.595,0.24067000000000002
2026-09-13,7,SH017,松江区第1支行,社区支行,松江区,0,4,9,19,44,27,1.0,2.13,0,0,0,4.593,0.2461,90,0.7888888888888889,0.0,0.0,0.0,2.111111111111111,4.75,0.12666666666666668,18.0,1.0,0.0,0.0,0.7904105656043641,0.24616000000000002,54.0,1.489047619047619,0.0032241742888666916,0.0,2.0,397.0,0.005037783375314861,0.05555555555555555,0.0,,,-0.0019251725390483632,-0.00024374390640235819,-0.6481481481481481,-0.3284298049248481,0.5625034269117193,0.0,0,0,0,0,3,1,0.05555555555555555,-0.6481481481481481,,0.7904105656043641,1.0,0.24616000000000002
2026-09-14,1,SH017,松江区第1支行,社区支行,松江区,0,4,9,66,153,94,1.99,5.12,0,1,0,4.594,0.23512000000000002,313,0.7891373801916933,0.0,151.51515151515153,0.0,7.333333333333333,16.5,0.44,62.0,1.58,0.00819672131147541,0.0,0.789481674257211,0.240485,54.095238095238095,1.489047619047619,0.0032241742888666916,0.0,2.0,396.0,0.005050505050505051,0.06451612903225806,0.2594936708860759,-1.0,,-0.0004361014026597342,-0.022309083726635676,0.22007042253521128,0.33642468819955235,0.566449142636244,151.51515151515153,0,0,0,0,3,1,0.06451612903225806,0.22007042253521128,,0.789481674257211,1.58,0.240485
2026-09-15,2,SH017,松江区第1支行,社区支行,松江区,0,4,9,61,142,87,1.55,4.91,0,0,1,4.5969999999999995,0.23192000000000002,290,0.7896551724137931,0.0,0.0,0.01639344262295082,6.777777777777778,15.25,0.4066666666666667,58.0,1.4649999999999999,0.0,0.0,0.7878787878787878,0.24855000000000002,54.38095238095238,1.5071428571428573,0.0024305234952158978,7.2150072150072155,2.0,394.0,0.005076142131979695,0.05172413793103448,0.05802047781569979,,,0.0022546419098143965,-0.06690806678736674,0.12171628721541158,0.028436018957345866,1.0884974541374648,0.0,0,0,0,0,3,0,0.05172413793103448,0.12171628721541158,,0.7878787878787878,1.4649999999999999,0.24855000000000002
2026-09-16,3,SH017,松江区第1支行,社区支行,松江区,0,4,8,58,135,83,1.45,3.3,0,0,2,4.604,0.24448000000000003,276,0.7898550724637681,0.0,0.0,0.034482758620689655,7.25,14.5,0.38666666666666666,56.0,1.225,0.00819672131147541,0.0,0.7886918339416058,0.24536000000000002,54.61904761904762,1.5123809523809524,0.0024305234952158978,7.2150072150072155,1.0,391.0,0.0025575447570332483,0.03571428571428571,0.18367346938775497,-1.0,,0.0014748961154432267,-0.003586566677535017,0.061900610287707034,-0.04124685138539046,0.05226086563959239,0.0,0,0,0,0,3,0,0.03571428571428571,0.061900610287707034,,0.7886918339416058,1.225,0.24536000000000002
2026-09-17,4,SH017,松江区第1支行,社区支行,松江区,0,4,9,57,132,81,1.28,3.5300000000000002,0,0,2,4.605,0.25172,270,0.7888888888888889,0.0,0.0,0.03508771929824561,6.333333333333333,14.25,0.38,55.0,1.03,0.0,0.0,0.7898517419337894,0.24334000000000003,54.80952380952381,1.533809523809524,0.0015486892800483495,7.2150072150072155,1.0,389.0,0.002570694087403599,0.03636363636363636,0.24271844660194175,,,-0.0012190300961331883,0.03443741267362525,0.039965247610773226,-0.1654765600745111,0.6599159821932407,0.0,0,0,0,0,3,0,0.03636363636363636,0.039965247610773226,,0.7898517419337894,1.03,0.24334000000000003
2026-09-18,5,SH017,松江区第1支行,社区支行,松江区,0,4,9,58,135,83,1.87,4.9,0,0,3,4.589,0.24136000000000002,276,0.7898550724637681,0.0,0.0,0.05172413793103448,6.444444444444445,14.5,0.38666666666666666,58.0,1.595,0.0,0.0,0.7882018136214548,0.23629500000000003,55.0,1.5471428571428572,0.0015486892800483495,7.2150072150072155,0.0,385.0,0.0,0.0,0.17241379310344837,,,0.002097507026426695,0.021435070568568887,0.05454545454545454,0.20867959372114503,-1.0,0.0,0,0,0,1,4,0,0.0,0.05454545454545454,,0.7882018136214548,1.595,0.23629500000000003
2026-09-19,6,SH017,松江区第1支行,社区支行,松江区,0,4,10,62,144,88,1.27,3.52,0,0,4,4.6370000000000005,0.26463000000000003,294,0.7891156462585034,0.0,0.0,0.06451612903225806,6.2,15.5,0.41333333333333333,63.0,1.595,0.0,0.0,0.7890492095763662,0.24067000000000002,55.095238095238095,1.5876190476190477,0.0015486892800483495,7.2150072150072155,0.0,381.0,0.0,-0.015873015873015872,-0.2037617554858934,,,8.419840148234598e-05,0.09955540781983632,0.12532411408815905,-0.20005998800239955,-1.0,0.0,0,0,0,0,3,1,-0.015873015873015872,0.12532411408815905,,0.7890492095763662,1.595,0.24067000000000002
2026-06-22,1,SH018,松江区第2支行,社区支行,松江区,0,4,10,31,129,79,1.31,3.1,0,0,0,4.5440000000000005,0.28189000000000003,239,0.8702928870292888,0.0,0.0,0.0,3.1,7.75,0.20666666666666667,,,,,,,,,,,,,,,,,,,,,,,,0,0,0,0,0,0,,,,,,
2026-06-23,2,SH018,松江区第2支行,社区支行,松江区,0,4,9,29,120,74,1.0,2.65,0,0,0,4.599,0.26726,223,0.8699551569506726,0.0,0.0,0.0,3.2222222222222223,7.25,0.19333333333333333,,,,,,,,,,,,,,,,,,,,,,,,0,0,0,0,0,0,,,,,,
2026-06-24,3,SH018,松江区第2支行,社区支行,松江区,0,4,9,28,116,71,1.0,2.88,0,0,1,4.6370000000000005,0.26281000000000004,215,0.8697674418604651,0.0,0.0,0.03571428571428571,3.111111111111111,7.0,0.18666666666666668,,,,,,,,,,,,,,,,,,,,,,,,0,0,0,0,0,0,,,,,,
2026-06-25,4,SH018,松江区第2支行,社区支行,松江区,0,4,8,28,115,70,1.04,2.75,0,0,2,4.661,0.26329,213,0.8685446009389671,0.0,0.0,0.07142857142857142,3.5,7.0,0.18666666666666668,,,,,,,,,,,,,,,,,,,,,,,,0,0,0,0,0,0,,,,,,
2026-06-26,5,SH018,松江区第2支行,社区支行,松江区,0,4,8,29,120,73,1.16,2.46,0,0,0,4.616,0.26522,222,0.8693693693693694,0.0,0.0,0.0,3.625,7.25,0.19333333333333333,,,,,,,,,,,0.0,145.0,0.0,,,,,,,,,,,0,0,0,0,0,0,,,,,,
2026-06-27,6,SH018,松江区第2支行,社区支行,松江区,0,4,9,31,130,79,1.0,2.25,1,0,2,4.662,0.25581000000000004,240,0.8708333333333333,0.03225806451612903,0.0,0.06451612903225806,3.4444444444444446,7.75,0.20666666666666667,,,,,,,29.0,1.1019999999999999,0.0,0.0,1.0,176.0,0.005681818181818182,,,,,,,0.06896551724137931,-0.09255898366606159,,,0,0,0,0,0,0,,0.06896551724137931,,,,
2026-06-28,7,SH018,松江区第2支行,社区支行,松江区,0,4,9,9,38,24,1.0,2.38,0,0,0,4.667,0.28154,71,0.8732394366197183,0.0,0.0,0.0,1.0,2.25,0.06,,,,,,,29.333333333333332,1.085,0.005376344086021505,0.0,1.0,185.0,0.005405405405405406,,,,,,,-0.6931818181818181,-0.07834101382488476,0.005405405405405544,,0,0,0,0,0,0,,-0.6931818181818181,,,,
2026-06-29,1,SH018,松江区第2支行,社区支行,松江区,0,4,9,32,135,82,1.67,5.13,0,0,0,4.6690000000000005,0.26142000000000004,249,0.8714859437751004,0.0,0.0,0.0,3.5555555555555554,8.0,0.21333333333333335,,,,,,,26.428571428571427,1.0728571428571427,0.004608294930875576,0.0,1.0,186.0,0.005376344086021506,,,,,,,0.21081081081081088,0.5565912117177099,0.16666666666666677,,0,0,0,0,0,0,,0.21081081081081088,,,,
2026-06-30,2,SH018,松江区第2支行,社区支行,松江区,0,4,8,31,127,78,1.0,2.44,0,0,1,4.652,0.26822,236,0.8686440677966102,0.0,0.0,0.03225806451612903,3.875,7.75,0.20666666666666667,,,,,,,27.125,1.1475,0.004032258064516129,0.0,1.0,188.0,0.005319148936170213,,,,,,,0.14285714285714285,-0.12854030501089322,0.3191489361702128,,0,0,0,0,0,0,,0.14285714285714285,,,,
2026-07-01,3,SH018,松江区第2支行,社区支行,松江区,0,4,9,30,124,76,1.0,2.43,0,0,2,4.629,0.26317,230,0.8695652173913043,0.0,0.0,0.06666666666666667,3.3333333333333335,7.5,0.2,,,,,,,27.555555555555557,1.1311111111111112,0.0035842293906810036,0.0,1.0,190.0,0.005263157894736842,,,,,,,0.08870967741935477,-0.11591355599214151,0.4684210526315789,,0,0,0,0,0,0,,0.08870967741935477,,,,
2026-07-02,4,SH018,松江区第2支行,社区支行,松江区,0,4,9,30,123,75,1.0,3.19,0,0,1,4.606,0.26230000000000003,228,0.868421052631579,0.0,0.0,0.03333333333333333,3.3333333333333335,7.5,0.2,,,,,,,27.8,1.1179999999999999,0.0032258064516129032,0.0,1.0,192.0,0.005208333333333333,,,,,,,0.07913669064748198,-0.10554561717352405,0.6145833333333333,,0,0,0,0,0,0,,0.07913669064748198,,,,
2026-07-03,5,SH018,松江区第2支行,社区支行,松江区,0,4,8,31,129,79,1.0,2.03,0,0,1,4.548,0.25218,239,0.8702928870292888,0.0,0.0,0.03225806451612903,3.875,7.75,0.20666666666666667,,,,,,,28.0,1.1072727272727272,0.002932551319648094,0.0,1.0,194.0,0.005154639175257732,,,,,,,0.10714285714285714,-0.0968801313628899,0.7577319587628866,,0,0,0,0,0,0,,0.10714285714285714,,,,
2026-07-04,6,SH018,松江区第2支行,社区支行,松江区,0,4,9,34,140,86,1.0,2.38,1,0,4,4.671,0.26403000000000004,260,0.8692307692307693,0.029411764705882353,0.0,0.11764705882352941,3.7777777777777777,8.5,0.22666666666666666,,,,,,,28.25,1.0983333333333334,0.0026881720430107525,0.0,1.0,197.0,0.005076142131979695,,,,,,,0.20353982300884957,-0.08952959028831567,0.8883248730964467,,0,0,0,0,0,0,,0.20353982300884957,,,,
2026-07-05,7,SH018,松江区第2支行,社区支行,松江区,0,4,9,10,41,25,1.0,2.43,0,0,0,4.66,0.27269000000000004,76,0.868421052631579,0.0,0.0,0.0,1.1111111111111112,2.5,0.06666666666666667,,,,,,,28.692307692307693,1.0907692307692307,0.004743833017077799,0.0,1.0,198.0,0.005050505050505051,,,,,,,-0.6514745308310992,-0.08321579689703804,0.06464646464646479,,0,0,0,0,0,0,,-0.6514745308310992,,,,
2026-07-06,1,SH018,松江区第2支行,社区支行,松江区,0,4,8,35,145,89,1.92,5.06,0,0,0,4.5280000000000005,0.25914000000000004,269,0.8698884758364313,0.0,0.0,0.0,4.375,8.75,0.23333333333333334,31.5,1.49,0.0,0.0,0.8708894154021946,0.27165500000000004,27.357142857142858,1.0842857142857143,0.004404987801572242,0.0,1.0,201.0,0.004975124378109453,0.1111111111111111,0.2885906040268456,,,-0.0011493302686438659,-0.04606946310577754,0.27937336814621405,0.7707509881422924,0.1294297742058936,0.0,0,0,0,0,1,0,0.1111111111111111,0.27937336814621405,,0.8708894154021946,1.49,0.27165500000000004
2026-07-07,2,SH018,松江区第2支行,社区支行,松江区,0,4,9,33,136,83,1.78,3.89,0,0,0,4.676,0.25007,252,0.8690476190476191,0.0,0.0,0.0,3.6666666666666665,8.25,0.22,30.0,1.0,0.0,0.0,0.8692996123736414,0.26774,27.866666666666667,1.1400000000000001,0.004111321948134092,0.0,1.0,203.0,0.0049261083743842365,0.1,0.78,,,-0.0002898808678106423,-0.06599686262792248,0.18421052631578946,0.5614035087719297,0.19818112921561198,0.0,0,0,0,0,2,0,0.1,0.18421052631578946,,0.8692996123736414,1.0,0.26774
2026-07-08,3,SH018,松江区第2支行,社区支行,松江区,0,4,9,32,132,81,1.4100000000000001,3.59,0,0,0,4.645,0.25869000000000003,245,0.8693877551020408,0.0,0.0,0.0,3.5555555555555554,8.0,0.21333333333333335,29.0,1.0,0.0,0.0,0.8696663296258846,0.26299000000000006,28.1875,1.18,0.0038543643263757115,0.0,1.0,205.0,0.004878048780487805,0.10344827586206896,0.41000000000000014,,,-0.00032032345550697704,-0.016350431575345166,0.1352549889135255,0.1949152542372883,0.2655909943714822,0.0,0,0,0,0,3,0,0.10344827586206896,0.1352549889135255,,0.8696663296258846,1.0,0.26299000000000006
2026-07-09,4,SH018,松江区第2支行,社区支行,松江区,0,4,9,31,129,79,1.04,3.16,0,0,2,4.533,0.26128,239,0.8702928870292888,0.0,0.0,0.06451612903225806,3.4444444444444446,7.75,0.20666666666666667,29.0,1.02,0.0,0.0,0.8684828267852731,0.262795,28.41176470588235,1.1935294117647057,0.003627637013059493,0.0,1.0,206.0,0.0048543689320388345,0.06896551724137931,0.01960784313725492,,,0.0020841635415125704,-0.005764949865864984,0.09109730848861289,-0.12863479546574652,0.33816280806572063,0.0,0,0,0,0,3,0,0.06896551724137931,0.09109730848861289,,0.8684828267852731,1.02,0.262795
2026-07-10,5,SH018,松江区第2支行,社区支行,松江区,0,4,9,32,134,82,1.0,2.3,0,0,1,4.629,0.25418,248,0.8709677419354839,0.0,0.0,0.03125,3.5555555555555554,8.0,0.21333333333333335,30.0,1.08,0.0,0.0,0.8698311281993291,0.25870000000000004,28.555555555555557,1.1849999999999998,0.003426101623445077,0.0,1.0,207.0,0.004830917874396135,0.06666666666666667,-0.07407407407407414,,,0.0013067062091785106,-0.017471975260920074,0.12062256809338515,-0.15611814345991548,0.4100334448160535,0.0,0,0,0,0,3,0,0.06666666666666667,0.12062256809338515,,0.8698311281993291,1.08,0.25870000000000004
2026-07-11,6,SH018,松江区第2支行,社区支行,松江区,0,4,10,35,144,88,1.32,3.33,0,0,2,4.604,0.26906,267,0.8689138576779026,0.0,0.0,0.05714285714285714,3.5,8.75,0.23333333333333334,32.5,1.0,0.030834914611005692,0.0,0.8700320512820513,0.25992000000000004,28.736842105263158,1.1752631578947368,0.0032457804853690203,0.0,0.0,208.0,0.0,0.07692307692307693,0.32000000000000006,-1.0,,-0.0012852326560854061,0.035164666051092565,0.21794871794871795,0.12315270935960601,-1.0,0.0,0,0,0,0,3,0,0.07692307692307693,0.21794871794871795,,0.8700320512820513,1.0,0.25992000000000004
2026-07-12,7,SH018,松江区第2支行,社区支行,松江区,0,4,9,10,42,26,1.0,2.15,0,0,0,4.568,0.25266,78,0.8717948717948718,0.0,0.0,0.0,1.1111111111111112,2.5,0.06666666666666667,9.5,1.0,0.0,0.0,0.8708302446256486,0.277115,29.05,1.1824999999999999,0.003083491461100569,0.0,0.0,208.0,0.0,0.05263157894736842,0.0,,,0.0011077097691271154,-0.08824856106670517,-0.6557659208261618,-0.1543340380549682,-1.0,0.0,0,0,0,0,2,0,0.05263157894736842,-0.6557659208261618,,0.8708302446256486,1.0,0.277115
2026-07-13,1,SH018,松江区第2支行,社区支行,松江区,0,4,9,35,145,89,1.5899999999999999,4.52,0,0,0,4.5440000000000005,0.27738,269,0.8698884758364313,0.0,0.0,0.0,3.888888888888889,8.75,0.23333333333333334,32.0,1.67,0.0,0.0,0.8702928870292888,0.26142000000000004,28.142857142857142,1.1738095238095236,0.0029366585343814943,0.0,0.0,208.0,0.0,0.09375,-0.04790419161676651,,,-0.0004646840148699172,0.0610511820059673,0.2436548223350254,0.35456389452332665,-1.0,0.0,0,0,0,0,1,0,0.09375,0.2436548223350254,,0.8702928870292888,1.67,0.26142000000000004
2026-07-14,2,SH018,松江区第2支行,社区支行,松江区,0,4,8,32,134,82,1.46,3.27,0,0,1,4.626,0.26481000000000005,248,0.8709677419354839,0.0,0.0,0.03125,4.0,8.0,0.21333333333333335,31.0,1.0,0.0,0.0,0.8690476190476191,0.26726,28.333333333333332,1.187142857142857,0.0029366585343814943,0.0,0.0,207.0,0.0,0.03225806451612903,0.45999999999999996,,,0.0022094564737074477,-0.009167103195390078,0.1294117647058824,0.22984356197352593,-1.0,0.0,0,0,0,0,2,0,0.03225806451612903,0.1294117647058824,,0.8690476190476191,1.0,0.26726
2026-07-15,3,SH018,松江区第2支行,社区支行,松江区,0,4,9,31,128,79,1.37,3.34,0,0,1,4.638,0.26088,238,0.8697478991596639,0.0,0.0,0.03225806451612903,3.4444444444444446,7.75,0.20666666666666667,30.0,1.0,0.0,0.0,0.8695652173913043,0.26281000000000004,28.476190476190474,1.2090476190476191,0.0029366585343814943,0.0,0.0,206.0,0.0,0.03333333333333333,0.3700000000000001,,,0.00021008403361349459,-0.007343708382481802,0.08862876254180609,0.13312327688066167,-1.0,0.0,0,0,0,0,3,0,0.03333333333333333,0.08862876254180609,,0.8695652173913043,1.0,0.26281000000000004
2026-07-16,4,SH018,松江区第2支行,社区支行,松江区,0,4,9,30,125,76,1.8399999999999999,5.48,0,0,2,4.574,0.27324000000000004,231,0.8701298701298701,0.0,0.0,0.06666666666666667,3.3333333333333335,7.5,0.2,30.0,1.04,0.0,0.0,0.8685446009389671,0.26230000000000003,28.61904761904762,1.2266666666666668,0.0029366585343814943,0.0,0.0,205.0,0.0,0.0,0.769230769230769,,,0.001825201825201787,0.041707967975600474,0.04825291181364388,0.4999999999999997,-1.0,0.0,0,0,0,0,3,0,0.0,0.04825291181364388,,0.8685446009389671,1.04,0.26230000000000003
2026-07-17,5,SH018,松江区第2支行,社区支行,松江区,0,4,9,31,128,79,1.3900000000000001,4.24,0,0,0,4.614,0.26243,238,0.8697478991596639,0.0,0.0,0.0,3.4444444444444446,7.75,0.20666666666666667,31.0,1.0,0.0,0.0,0.8702928870292888,0.25418,28.714285714285715,1.2647619047619048,0.0029366585343814943,0.0,0.0,204.0,0.0,0.0,0.3900000000000001,,,-0.000626212023270883,0.032457313714690295,0.0796019900497512,0.0990210843373495,-1.0,0.0,0,0,0,1,4,0,0.0,0.0796019900497512,,0.8702928870292888,1.0,0.25418
2026-07-18,6,SH018,松江区第2支行,社区支行,松江区,0,4,9,33,137,84,1.15,2.47,1,0,1,4.617,0.25862,254,0.8700787401574803,0.030303030303030304,0.0,0.030303030303030304,3.6666666666666665,8.25,0.22,34.0,1.0,0.029411764705882353,0.0,0.8692307692307693,0.26403000000000004,28.80952380952381,1.2757142857142856,0.0029366585343814943,0.0,1.0,202.0,0.0049504950495049506,-0.029411764705882353,0.1499999999999999,0.030303030303030346,,0.0009755417740923842,-0.020490095822444515,0.14545454545454542,-0.09854423292273233,0.6857578065498859,0.0,0,0,0,1,5,0,-0.029411764705882353,0.14545454545454542,,0.8692307692307693,1.0,0.26403000000000004
2026-07-19,7,SH018,松江区第2支行,社区支行,松江区,0,4,10,10,40,24,1.0,2.87,0,0,0,4.579,0.27207000000000003,74,0.8648648648648649,0.0,0.0,0.0,1.0,2.5,0.06666666666666667,10.0,1.0,0.0,0.0,0.8717948717948718,0.27269000000000004,28.904761904761905,1.2828571428571427,0.002843561667091079,0.0,1.0,202.0,0.0049504950495049506,0.0,0.0,,,-0.007949125596184378,-0.002273644064688875,-0.6540362438220758,-0.220489977728285,0.7409487217378453,0.0,0,0,0,1,4,0,0.0,-0.6540362438220758,,0.8717948717948718,1.0,0.27269000000000004
2026-07-20,1,SH018,松江区第2支行,社区支行,松江区,0,4,9,33,137,84,1.8900000000000001,5.7,0,0,0,4.571,0.26990000000000003,254,0.8700787401574803,0.0,0.0,0.0,3.6666666666666665,8.25,0.22,33.5,1.63,0.0,0.0,0.87009068143286,0.26940000000000003,28.952380952380953,1.2828571428571427,0.002843561667091079,0.0,1.0,200.0,0.005,-0.014925373134328358,0.1595092024539879,,,-1.3724173393005989e-05,0.0018559762435040846,0.13980263157894737,0.4732739420935415,0.7583582089552238,0.0,0,0,0,1,4,0,-0.014925373134328358,0.13980263157894737,,0.87009068143286,1.63,0.26940000000000003
2026-07-21,2,SH018,松江区第2支行,社区支行,松江区,0,4,9,31,127,78,1.3900000000000001,3.93,0,0,0,4.535,0.26966,236,0.8686440677966102,0.0,0.0,0.0,3.4444444444444446,7.75,0.20666666666666667,31.5,1.23,0.0,0.0,0.8695013879991458,0.266035,29.0,1.2933333333333334,0.002843561667091079,0.0,1.0,199.0,0.005025125628140704,-0.015873015873015872,0.13008130081300825,,,-0.000985990608374321,0.013626026650628635,0.06896551724137931,0.07474226804123711,0.7671941798544962,0.0,0,0,0,1,4,0,-0.015873015873015872,0.06896551724137931,,0.8695013879991458,1.23,0.266035
2026-07-22,3,SH018,松江区第2支行,社区支行,松江区,0,4,9,30,122,75,1.0,2.8,0,0,0,4.684,0.26275000000000004,227,0.8678414096916299,0.0,0.0,0.0,3.3333333333333335,7.5,0.2,30.5,1.185,0.0,0.0,0.869656558275484,0.261845,29.0,1.311904761904762,0.002843561667091079,0.0,1.0,198.0,0.005050505050505051,-0.01639344262295082,-0.15611814345991565,,,-0.002087201627563797,0.003456243197311557,0.034482758620689655,-0.23774954627949182,0.7761194029850746,0.0,0,0,0,0,3,1,-0.01639344262295082,0.034482758620689655,,0.869656558275484,1.185,0.261845
2026-07-23,4,SH018,松江区第2支行,社区支行,松江区,0,4,8,29,120,74,1.63,3.7199999999999998,0,0,1,4.632,0.27932,223,0.8699551569506726,0.0,0.0,0.034482758620689655,3.625,7.25,0.19333333333333333,30.0,1.04,0.0,0.0,0.8693372355344187,0.262795,29.0,1.311904761904762,0.002843561667091079,0.0,1.0,197.0,0.005076142131979695,-0.03333333333333333,0.5673076923076922,,,0.0007107959845687259,0.06288171388344532,0.0,0.24246823956442823,0.7851352375179935,0.0,0,0,0,0,3,1,-0.03333333333333333,0.0,,0.8693372355344187,1.04,0.262795
2026-07-24,5,SH018,松江区第2支行,社区支行,松江区,0,4,10,30,125,76,1.76,4.76,0,0,0,4.629,0.26984,231,0.8701298701298701,0.0,0.0,0.0,3.0,7.5,0.2,31.0,1.08,0.0,0.0,0.8700203930944763,0.258305,28.952380952380953,1.341904761904762,0.002843561667091079,0.0,1.0,196.0,0.00510204081632653,-0.03225806451612903,0.6296296296296295,,,0.00012583272330477402,0.04465651071407838,0.036184210526315784,0.31156848828956707,0.7942430703624731,0.0,0,0,0,1,4,1,-0.03225806451612903,0.036184210526315784,,0.8700203930944763,1.08,0.258305
2026-07-25,6,SH018,松江区第2支行,社区支行,松江区,0,4,10,32,135,82,1.8900000000000001,4.15,0,0,0,4.651,0.27268000000000003,249,0.8714859437751004,0.0,0.0,0.0,3.2,8.0,0.21333333333333335,33.5,1.075,0.029857397504456328,0.0,0.8696547546941248,0.26132500000000003,28.904761904761905,1.3780952380952383,0.002843561667091079,0.0,0.0,195.0,0.0,-0.04477611940298507,0.7581395348837211,-1.0,,0.002105650628702233,0.04345164067731753,0.10708401976935748,0.37145818935729086,-1.0,0.0,0,0,0,1,4,1,-0.04477611940298507,0.10708401976935748,,0.8696547546941248,1.075,0.26132500000000003
2026-07-26,7,SH018,松江区第2支行,社区支行,松江区,0,4,8,10,40,24,1.0,2.2800000000000002,0,0,0,4.642,0.25179,74,0.8648648648648649,0.0,0.0,0.0,1.25,2.5,0.06666666666666667,10.0,1.0,0.0,0.0,0.8701079622132254,0.27238000000000007,28.80952380952381,1.4204761904761907,0.001443001443001443,0.0,0.0,195.0,0.0,0.0,0.0,,,-0.006025800907537986,-0.07559292165357238,-0.6528925619834711,-0.2960107274555817,-1.0,0.0,0,0,0,0,3,1,0.0,-0.6528925619834711,,0.8701079622132254,1.0,0.27238000000000007
2026-07-27,1,SH018,松江区第2支行,社区支行,松江区,0,4,9,33,139,85,1.9300000000000002,4.68,0,0,1,4.636,0.27026,257,0.8715953307392996,0.0,0.0,0.030303030303030304,3.6666666666666665,8.25,0.22,34.0,1.78,0.0,0.0,0.8699836079969558,0.26566,28.80952380952381,1.4204761904761907,0.001443001443001443,0.0,0.0,195.0,0.0,-0.029411764705882353,0.08426966292134838,,,0.001852589781610482,0.01731536550478052,0.14545454545454542,0.35869929601072736,-1.0,0.0,0,0,0,0,3,0,-0.029411764705882353,0.14545454545454542,,0.8699836079969558,1.78,0.26566
2026-07-28,2,SH018,松江区第2支行,社区支行,松江区,0,4,8,32,131,80,1.0,3.06,0,0,2,4.7059999999999995,0.25949,243,0.8683127572016461,0.0,0.0,0.0625,4.0,8.0,0.21333333333333335,31.5,1.425,0.0,0.0,0.8688458434221147,0.26651500000000006,28.714285714285715,1.420952380952381,0.001443001443001443,0.0,0.0,196.0,0.0,0.015873015873015872,-0.29824561403508776,,,-0.000613556736795663,-0.026358741534247818,0.11442786069651738,-0.2962466487935657,-1.0,0.0,0,0,0,0,2,1,0.015873015873015872,0.11442786069651738,,0.8688458434221147,1.425,0.26651500000000006
2026-07-29,3,SH018,松江区第2支行,社区支行,松江区,0,4,9,31,127,78,1.0,2.46,0,0,1,4.546,0.27243,236,0.8686440677966102,0.0,0.0,0.03225806451612903,3.4444444444444446,7.75,0.20666666666666667,30.5,1.185,0.0,0.0,0.8694764862466726,0.261815,28.666666666666668,1.3838095238095238,0.001443001443001443,0.0,0.0,197.0,0.0,0.01639344262295082,-0.15611814345991565,,,-0.0009573789092972366,0.040543895498729964,0.08139534883720925,-0.27735719201651754,-1.0,0.0,0,0,0,0,1,2,0.01639344262295082,0.08139534883720925,,0.8694764862466726,1.185,0.261815
2026-07-30,4,SH018,松江区第2支行,社区支行,松江区,0,4,8,30,126,77,1.0,3.03,0,0,1,4.541,0.26641000000000004,233,0.871244635193133,0.0,0.0,0.03333333333333333,3.75,7.5,0.2,30.0,1.335,0.0,0.0,0.8700425135402714,0.26777000000000006,28.61904761904762,1.3642857142857143,0.001443001443001443,0.0,0.0,198.0,0.0,0.0,-0.250936329588015,,,0.0013816815088380809,-0.00507898569668009,0.04825291181364388,-0.2670157068062827,-1.0,0.0,0,0,0,0,0,3,0.0,0.04825291181364388,,0.8700425135402714,1.335,0.26777000000000006
2026-07-31,5,SH018,松江区第2支行,社区支行,松江区,0,4,8,32,133,81,1.67,4.01,0,0,1,4.645,0.26417,246,0.8699186991869918,0.0,0.0,0.03125,4.0,8.0,0.21333333333333335,31.0,1.195,0.0,0.0,0.8702113785795794,0.258305,28.571428571428573,1.3623809523809522,0.001443001443001443,0.0,0.0,200.0,0.0,0.03225806451612903,0.39748953974895385,,,-0.00033633137855002937,0.022705716110799284,0.11999999999999994,0.22579517651170927,-1.0,0.0,0,0,0,0,1,3,0.03225806451612903,0.11999999999999994,,0.8702113785795794,1.195,0.258305
2026-08-01,6,SH018,松江区第2支行,社区支行,松江区,0,4,10,34,143,88,1.0,2.55,0,0,1,4.588,0.26535000000000003,265,0.8716981132075472,0.0,0.0,0.029411764705882353,3.4,8.5,0.22666666666666666,33.5,1.2349999999999999,0.014705882352941176,0.0,0.8696547546941248,0.26654500000000003,28.571428571428573,1.3942857142857141,0.001443001443001443,0.0,0.0,202.0,0.0,0.014925373134328358,-0.1902834008097165,-1.0,,0.0023496203549661513,-0.004483295503573511,0.18999999999999995,-0.28278688524590156,-1.0,0.0,0,0,0,-1,1,4,0.014925373134328358,0.18999999999999995,,0.8696547546941248,1.2349999999999999,0.26654500000000003
2026-08-02,7,SH018,松江区第2支行,社区支行,松江区,0,4,9,10,42,26,1.0,2.06,0,0,0,4.686,0.27639,78,0.8717948717948718,0.0,0.0,0.0,1.1111111111111112,2.5,0.06666666666666667,10.0,1.0,0.0,0.0,0.866642958748222,0.262365,28.523809523809526,1.379047619047619,0.001443001443001443,0.0,0.0,202.0,0.0,0.0,0.0,,,0.00594467767221149,0.05345606311817509,-0.649415692821369,-0.27486187845303867,-1.0,0.0,0,0,0,0,1,3,0.0,-0.649415692821369,,0.866642958748222,1.0,0.262365
2026-08-03,1,SH018,松江区第2支行,社区支行,松江区,0,4,9,36,149,91,2.2,5.21,1,0,2,4.556,0.26467,276,0.8695652173913043,0.027777777777777776,0.0,0.05555555555555555,4.0,9.0,0.24,34.0,1.905,0.0,0.0,0.8699836079969558,0.27008,28.523809523809526,1.379047619047619,0.001443001443001443,0.0,1.0,205.0,0.004878048780487805,0.058823529411764705,0.1548556430446195,,,-0.000480917803284615,-0.02003110189573449,0.26210350584307174,0.595303867403315,2.3804878048780487,0.0,0,0,0,0,2,2,0.058823529411764705,0.26210350584307174,,0.8699836079969558,1.905,0.27008
2026-08-04,2,SH018,松江区第2支行,社区支行,松江区,0,4,9,34,140,86,1.87,4.13,0,0,1,4.473,0.25903000000000004,260,0.8692307692307693,0.0,0.0,0.029411764705882353,3.7777777777777777,8.5,0.22666666666666666,32.0,1.425,0.0,0.0,0.8688458434221147,0.26215,28.571428571428573,1.408095238095238,0.0027657527657527657,0.0,1.0,207.0,0.004830917874396135,0.0625,0.312280701754386,,,0.0004430311908249047,-0.011901583063131627,0.18999999999999995,0.32803517078119726,0.7466918714555765,0.0,0,0,0,0,3,1,0.0625,0.18999999999999995,,0.8688458434221147,1.425,0.26215
2026-08-05,3,SH018,松江区第2支行,社区支行,松江区,0,4,9,33,136,84,1.79,4.95,0,0,0,4.592,0.25961,253,0.8695652173913043,0.0,0.0,0.0,3.6666666666666665,8.25,0.22,31.0,1.185,0.0,0.0,0.8690159114493254,0.261815,28.666666666666668,1.4276190476190476,0.0027657527657527657,0.0,1.0,209.0,0.004784688995215311,0.06451612903225806,0.510548523206751,,,0.0006321011327200712,-0.008421977350419236,0.15116279069767438,0.25383589059372924,0.7299771167048055,0.0,0,0,0,0,3,1,0.06451612903225806,0.15116279069767438,,0.8690159114493254,1.185,0.261815
2026-08-06,4,SH018,松江区第2支行,社区支行,松江区,0,4,8,33,135,83,2.07,5.64,0,0,1,4.667,0.27591000000000004,251,0.8685258964143426,0.0,0.0,0.030303030303030304,4.125,8.25,0.22,30.0,1.335,0.0,0.0,0.8702113785795794,0.26982500000000004,28.761904761904763,1.4476190476190476,0.0027657527657527657,0.0,1.0,212.0,0.0047169811320754715,0.1,0.5505617977528089,,,-0.0019368652338101438,0.022551653849717433,0.14735099337748342,0.4299342105263157,0.7054963084495488,0.0,0,0,0,1,4,0,0.1,0.14735099337748342,,0.8702113785795794,1.335,0.26982500000000004
2026-08-07,5,SH018,松江区第2支行,社区支行,松江区,0,4,9,34,141,86,1.98,6.31,0,0,0,4.61,0.26298000000000005,261,0.8697318007662835,0.0,0.0,0.0,3.7777777777777777,8.5,0.22666666666666666,31.5,1.53,0.0,0.0,0.870024284658431,0.2633,28.904761904761905,1.4585714285714286,0.0027657527657527657,0.0,1.0,214.0,0.004672897196261682,0.07936507936507936,0.2941176470588235,,,-0.0003361789978796395,-0.001215343714393967,0.17627677100494232,0.35749265426052884,0.6895570906135716,0.0,0,0,0,1,5,0,0.07936507936507936,0.17627677100494232,,0.870024284658431,1.53,0.2633
2026-08-08,6,SH018,松江区第2支行,社区支行,松江区,0,4,10,37,152,93,1.0,3.02,0,0,0,4.607,0.28332,282,0.8687943262411347,0.0,0.0,0.0,3.7,9.25,0.24666666666666667,33.5,1.2349999999999999,0.0,0.0,0.8707823419662903,0.267205,29.047619047619047,1.4866666666666666,0.0027657527657527657,0.0,1.0,217.0,0.004608294930875576,0.1044776119402985,-0.1902834008097165,,,-0.002283022552646769,0.060309500196478315,0.27377049180327867,-0.32735426008968604,0.6661991584852736,0.0,0,0,0,1,4,1,0.1044776119402985,0.27377049180327867,,0.8707823419662903,1.2349999999999999,0.267205
2026-08-09,7,SH018,松江区第2支行,社区支行,松江区,0,4,9,11,45,27,1.0,2.67,0,0,0,4.6129999999999995,0.26929000000000003,83,0.8674698795180723,0.0,0.0,0.0,1.2222222222222223,2.75,0.07333333333333333,10.0,1.0,0.0,0.0,0.8683298683298684,0.262365,29.238095238095237,1.4795238095238095,0.0013227513227513227,0.0,1.0,218.0,0.0045871559633027525,0.1,0.0,,,-0.000990394138405191,0.026394526708974193,-0.6237785016286644,-0.3241068554876086,2.4678899082568813,0.0,0,0,0,0,3,1,0.1,-0.6237785016286644,,0.8683298683298684,1.0,0.262365
2026-08-10,1,SH018,松江区第2支行,社区支行,松江区,0,4,9,37,155,95,1.87,4.45,0,0,3,4.5969999999999995,0.27542,287,0.8710801393728222,0.0,0.0,0.08108108108108109,4.111111111111111,9.25,0.24666666666666667,34.0,1.9100000000000001,0.0,0.0,0.8699836079969558,0.27008,29.285714285714285,1.4795238095238095,0.0013227513227513227,0.0,0.0,219.0,0.0,0.08823529411764706,-0.02094240837696337,,,0.0012604046395667747,0.019771919431279664,0.26341463414634153,0.263920180238172,-1.0,0.0,0,0,0,0,2,1,0.08823529411764706,0.26341463414634153,,0.8699836079969558,1.9100000000000001,0.27008
2026-08-11,2,SH018,松江区第2支行,社区支行,松江区,0,4,9,35,144,88,1.0,3.02,0,0,0,4.595,0.25899,267,0.8689138576779026,0.0,0.0,0.0,3.888888888888889,8.75,0.23333333333333334,32.0,1.425,0.0,0.0,0.8689374185136898,0.26215,29.476190476190474,1.4785714285714286,0.0013227513227513227,0.0,0.0,220.0,0.0,0.09375,-0.29824561403508776,,,-2.711453700249249e-05,-0.01205416746137706,0.1873990306946689,-0.3236714975845411,-1.0,0.0,0,0,0,0,1,2,0.09375,0.1873990306946689,,0.8689374185136898,1.425,0.26215
2026-08-12,3,SH018,松江区第2支行,社区支行,松江区,0,4,8,33,138,85,1.0,2.14,0,0,0,4.572,0.25522,256,0.87109375,0.0,0.0,0.0,4.125,8.25,0.22,31.0,1.185,0.0,0.0,0.8691046425939573,0.261815,29.666666666666668,1.46,0.0013227513227513227,0.0,0.0,220.0,0.0,0.06451612903225806,-0.15611814345991565,,,0.0022886857445681016,-0.02518954223402027,0.11235955056179771,-0.3150684931506849,-1.0,0.0,0,0,0,0,0,3,0.06451612903225806,0.11235955056179771,,0.8691046425939573,1.185,0.261815
2026-08-13,4,SH018,松江区第2支行,社区支行,松江区,0,4,10,32,135,83,1.72,4.83,0,0,1,4.688,0.26233,250,0.872,0.0,0.0,0.03125,3.2,8.0,0.21333333333333335,30.0,1.7349999999999999,0.0,0.0,0.8700425135402714,0.274575,29.80952380952381,1.46,0.0013227513227513227,0.0,0.0,219.0,0.0,0.06666666666666667,-0.008645533141210318,,,0.0022498744937916085,-0.044596194118182664,0.07348242811501594,0.17808219178082194,-1.0,0.0,0,0,0,0,0,2,0.06666666666666667,0.07348242811501594,,0.8700425135402714,1.7349999999999999,0.274575
2026-08-14,5,SH018,松江区第2支行,社区支行,松江区,0,4,8,33,139,85,1.35,3.5700000000000003,0,0,1,4.702,0.27449,257,0.8715953307392996,0.0,0.0,0.030303030303030304,4.125,8.25,0.22,31.5,1.7149999999999999,0.0,0.0,0.8698332991733279,0.263575,29.952380952380953,1.4642857142857142,0.0013227513227513227,0.0,0.0,218.0,0.0,0.047619047619047616,-0.2128279883381923,,,0.002025711785978263,0.041411362989661415,0.10174880763116056,-0.07804878048780475,-1.0,0.0,0,0,0,0,0,3,0.047619047619047616,0.10174880763116056,,0.8698332991733279,1.7149999999999999,0.263575
2026-08-15,6,SH018,松江区第2支行,社区支行,松江区,0,4,9,36,148,91,2.67,7.1,1,0,2,4.627,0.25799,275,0.8690909090909091,0.027777777777777776,0.0,0.05555555555555555,4.0,9.0,0.24,33.5,1.075,0.0,0.0,0.8707823419662903,0.269015,30.095238095238095,1.4447619047619047,0.0013227513227513227,0.0,1.0,217.0,0.004608294930875576,0.07462686567164178,1.4837209302325582,,,-0.001942429001903995,-0.040982844822779425,0.19620253164556964,0.8480553724456164,2.4838709677419355,0.0,0,0,0,0,1,3,0.07462686567164178,0.19620253164556964,,0.8707823419662903,1.075,0.269015
2026-08-16,7,SH018,松江区第2支行,社区支行,松江区,0,4,9,10,43,26,1.0,2.79,0,0,0,4.604,0.27136000000000005,79,0.8734177215189873,0.0,0.0,0.0,1.1111111111111112,2.5,0.06666666666666667,10.0,1.0,0.0,0.0,0.8661673721914687,0.27068000000000003,30.285714285714285,1.4819047619047618,0.0026455026455026454,0.0,1.0,216.0,0.004629629629629629,0.0,0.0,,,0.00837061006947738,0.0025121915176592796,-0.6698113207547169,-0.32519280205655526,0.75,0.0,0,0,0,0,1,2,0.0,-0.6698113207547169,,0.8661673721914687,1.0,0.27068000000000003
2026-08-17,1,SH018,松江区第2支行,社区支行,松江区,0,4,10,36,148,91,2.5,5.78,0,0,0,4.684,0.26062,275,0.8690909090909091,0.0,0.0,0.0,3.6,9.0,0.24,34.5,1.9100000000000001,0.0,0.0,0.8705794397651513,0.27008,30.285714285714285,1.4819047619047618,0.0026455026455026454,0.0,1.0,215.0,0.004651162790697674,0.043478260869565216,0.3089005235602093,,,-0.0017098160216644884,-0.035026658767772396,0.1886792452830189,0.6870179948586119,0.758139534883721,0.0,0,0,0,0,2,1,0.043478260869565216,0.1886792452830189,,0.8705794397651513,1.9100000000000001,0.27008
2026-08-18,2,SH018,松江区第2支行,社区支行,松江区,0,4,8,33,137,84,1.5899999999999999,4.26,0,0,1,4.645,0.27524000000000004,254,0.8700787401574803,0.0,0.0,0.030303030303030304,4.125,8.25,0.22,33.0,1.195,0.0,0.0,0.8687789627372564,0.25926000000000005,30.428571428571427,1.509047619047619,0.0026455026455026454,0.0,1.0,213.0,0.004694835680751174,0.0,0.3305439330543931,,,0.00149609679328412,0.06163696675152353,0.08450704225352118,0.053644682865257136,0.7746478873239439,0.0,0,0,0,0,3,1,0.0,0.08450704225352118,,0.8687789627372564,1.195,0.25926000000000005
2026-08-19,3,SH018,松江区第2支行,社区支行,松江区,0,4,8,32,131,80,1.0,2.77,0,0,1,4.646,0.26144,243,0.8683127572016461,0.0,0.0,0.03125,4.0,8.0,0.21333333333333335,32.0,1.0,0.0,0.0,0.8691046425939573,0.26118,30.476190476190474,1.5371428571428571,0.0026455026455026454,0.0,1.0,212.0,0.0047169811320754715,0.0,0.0,,,-0.0009111508022182852,0.0009954820430353873,0.05000000000000006,-0.34944237918215615,0.7830188679245284,0.0,0,0,0,0,3,0,0.0,0.05000000000000006,,0.8691046425939573,1.0,0.26118
2026-08-20,4,SH018,松江区第2支行,社区支行,松江区,0,4,9,31,127,78,1.74,4.71,0,0,0,4.649,0.27424000000000004,236,0.8686440677966102,0.0,0.0,0.0,3.4444444444444446,7.75,0.20666666666666667,31.0,1.6749999999999998,0.0,0.0,0.8705998960719028,0.27116000000000007,30.523809523809526,1.5371428571428571,0.0026455026455026454,0.0,1.0,211.0,0.004739336492890996,0.0,0.038805970149253834,,,-0.0022465294150817165,0.011358607464227654,0.015600624024960942,0.1319702602230483,0.7914691943127965,0.0,0,0,0,0,2,0,0.0,0.015600624024960942,,0.8705998960719028,1.6749999999999998,0.27116000000000007
2026-08-21,5,SH018,松江区第2支行,社区支行,松江区,0,4,9,32,132,81,1.4,3.09,0,0,0,4.643,0.2777,245,0.8693877551020408,0.0,0.0,0.0,3.5555555555555554,8.0,0.21333333333333335,32.5,1.7149999999999999,0.0,0.0,0.870024284658431,0.26700500000000005,30.571428571428573,1.5723809523809522,0.0026455026455026454,0.0,1.0,210.0,0.004761904761904762,-0.015384615384615385,-0.18367346938775508,,,-0.0007316227461858178,0.04005542967360144,0.04672897196261677,-0.10963052695336156,0.8000000000000003,0.0,0,0,0,0,2,1,-0.015384615384615385,0.04672897196261677,,0.870024284658431,1.7149999999999999,0.26700500000000005
2026-08-22,6,SH018,松江区第2支行,社区支行,松江区,0,4,9,34,141,86,2.47,7.42,0,0,2,4.55,0.25895,261,0.8697318007662835,0.0,0.0,0.058823529411764705,3.7777777777777777,8.5,0.22666666666666666,35.0,1.445,0.0,0.0,0.8702884264330047,0.269015,30.571428571428573,1.5595238095238095,0.0026455026455026454,0.0,0.0,208.0,0.0,-0.02857142857142857,0.7093425605536333,,,-0.0006395875778822165,-0.037414270579707413,0.11214953271028032,0.5838167938931299,-1.0,0.0,0,0,0,0,2,1,-0.02857142857142857,0.11214953271028032,,0.8702884264330047,1.445,0.269015
2026-08-23,7,SH018,松江区第2支行,社区支行,松江区,0,4,8,10,41,25,1.0,2.05,0,0,1,4.623,0.26572,76,0.868421052631579,0.0,0.0,0.1,1.25,2.5,0.06666666666666667,10.0,1.0,0.0,0.0,0.8696323756564721,0.27032500000000004,30.571428571428573,1.6295238095238094,0.0026455026455026454,0.0,0.0,208.0,0.0,0.0,0.0,,,-0.0013929139010938046,-0.01703505040229363,-0.6728971962616822,-0.38632378725891287,-1.0,0.0,0,0,0,0,1,1,0.0,-0.6728971962616822,,0.8696323756564721,1.0,0.27032500000000004
2026-08-24,1,SH018,松江区第2支行,社区支行,松江区,0,4,8,35,144,88,1.58,4.4,0,0,1,4.5969999999999995,0.26511,267,0.8689138576779026,0.0,0.0,0.02857142857142857,4.375,8.75,0.23333333333333334,36.0,2.0650000000000004,0.0,0.0,0.8703226783820632,0.267465,30.571428571428573,1.6295238095238094,0.0026455026455026454,0.0,0.0,207.0,0.0,-0.027777777777777776,-0.2348668280871672,,,-0.0016187337629528452,-0.008804890359486273,0.14485981308411208,-0.030391583869082275,-1.0,0.0,0,0,0,0,1,2,-0.027777777777777776,0.14485981308411208,,0.8703226783820632,2.0650000000000004,0.267465
2026-08-25,2,SH018,松江区第2支行,社区支行,松江区,0,4,8,32,134,82,1.85,5.5600000000000005,0,0,2,4.595,0.26482,248,0.8709677419354839,0.0,0.0,0.0625,4.0,8.0,0.21333333333333335,33.5,1.295,0.0,0.0,0.8690723134543359,0.25926000000000005,30.523809523809526,1.6,0.0013227513227513227,0.0,0.0,206.0,0.0,-0.04477611940298507,0.4285714285714287,,,0.002180979018436513,0.021445653012419783,0.048361934477379034,0.15625,-1.0,0.0,0,0,0,0,2,2,-0.04477611940298507,0.048361934477379034,,0.8690723134543359,1.295,0.25926000000000005
2026-08-26,3,SH018,松江区第2支行,社区支行,松江区,0,4,9,31,130,80,1.0,2.2,0,0,1,4.661,0.2606,241,0.8713692946058091,0.0,0.0,0.03225806451612903,3.4444444444444446,7.75,0.20666666666666667,32.5,1.0,0.0,0.0,0.8691046425939573,0.260525,30.428571428571427,1.599047619047619,0.0013227513227513227,0.0,0.0,205.0,0.0,-0.046153846153846156,0.0,,,0.0026057299672139988,0.0002878802418193714,0.018779342723004747,-0.37462775461584275,-1.0,0.0,0,0,0,0,2,1,-0.046153846153846156,0.018779342723004747,,0.8691046425939573,1.0,0.260525
2026-08-27,4,SH018,松江区第2支行,社区支行,松江区,0,4,10,31,129,79,1.56,4.61,0,0,1,4.658,0.28302000000000005,239,0.8702928870292888,0.0,0.0,0.03225806451612903,3.1,7.75,0.20666666666666667,31.5,1.73,0.0,0.0,0.8699443514948716,0.27032500000000004,30.333333333333332,1.5614285714285714,0.0013227513227513227,0.0,0.0,205.0,0.0,-0.015873015873015872,-0.09826589595375719,,,0.00040064118333345484,0.046961990196985146,0.021978021978022018,-0.0009149130832570304,-1.0,0.0,0,0,0,0,1,1,-0.015873015873015872,0.021978021978022018,,0.8699443514948716,1.73,0.27032500000000004
2026-08-28,5,SH018,松江区第2支行,社区支行,松江区,0,4,8,33,135,83,1.11,3.41,0,0,0,4.62,0.2645,251,0.8685258964143426,0.0,0.0,0.0,4.125,8.25,0.22,32.5,1.535,0.0,0.0,0.8698252499766377,0.26933,30.238095238095237,1.5371428571428571,0.0013227513227513227,0.0,0.0,206.0,0.0,0.015384615384615385,-0.276872964169381,,,-0.0014938098915040071,-0.017933390264731,0.09133858267716538,-0.27788104089219323,-1.0,0.0,0,0,0,0,1,2,0.015384615384615385,0.09133858267716538,,0.8698252499766377,1.535,0.26933
2026-08-29,6,SH018,松江区第2支行,社区支行,松江区,0,4,9,35,147,90,1.0,2.33,0,0,0,4.686,0.26505,272,0.8713235294117647,0.0,0.0,0.0,3.888888888888889,8.75,0.23333333333333334,35.0,1.735,0.0,0.0,0.8694113549285963,0.26215,30.19047619047619,1.4957142857142858,0.0013227513227513227,0.0,0.0,207.0,0.0,0.0,-0.4236311239193084,,,0.0021993898197078727,0.01106236887278281,0.15930599369085177,-0.3314231136580707,-1.0,0.0,0,0,0,0,1,2,0.0,0.15930599369085177,,0.8694113549285963,1.735,0.26215
2026-08-30,7,SH018,松江区第2支行,社区支行,松江区,0,4,9,10,43,27,1.0,2.8200000000000003,0,0,0,4.643,0.27755,80,0.875,0.0,0.0,0.0,1.1111111111111112,2.5,0.06666666666666667,10.0,1.0,0.0,0.0,0.8701079622132254,0.27032500000000004,30.095238095238095,1.4957142857142858,0.0013227513227513227,0.0,0.0,207.0,0.0,0.0,0.0,,,0.005622334238076747,0.02672708776472757,-0.6677215189873418,-0.3314231136580707,-1.0,0.0,0,0,0,0,0,2,0.0,-0.6677215189873418,,0.8701079622132254,1.0,0.27032500000000004
2026-08-31,1,SH018,松江区第2支行,社区支行,松江区,0,4,9,37,153,94,1.6800000000000002,4.68,1,0,0,4.647,0.27001000000000003,284,0.8697183098591549,0.02702702702702703,0.0,0.0,4.111111111111111,9.25,0.24666666666666667,36.0,2.035,0.0,0.0,0.8693280632411067,0.26489,30.047619047619047,1.4957142857142858,0.0013227513227513227,0.0,1.0,209.0,0.004784688995215311,0.027777777777777776,-0.17444717444717442,,,0.0004489060396753492,0.019328777983313877,0.23137876386687797,0.12320916905444132,2.6172248803827753,0.0,0,0,0,0,0,3,0.027777777777777776,0.23137876386687797,,0.8693280632411067,2.035,0.26489
2026-09-01,2,SH018,松江区第2支行,社区支行,松江区,0,4,9,34,143,87,1.25,2.59,0,0,0,4.598,0.28081,264,0.8712121212121212,0.0,0.0,0.0,3.7777777777777777,8.5,0.22666666666666666,33.5,1.72,0.0,0.0,0.8696547546941248,0.261925,30.047619047619047,1.4866666666666668,0.00260975260975261,0.0,1.0,211.0,0.004739336492890996,0.014925373134328358,-0.27325581395348836,,,0.001790787102111786,0.07210079221151086,0.13153724247226625,-0.1591928251121077,0.8160098682074921,0.0,0,0,0,-1,0,4,0.014925373134328358,0.13153724247226625,,0.8696547546941248,1.72,0.261925
2026-09-02,3,SH018,松江区第2支行,社区支行,松江区,0,4,10,34,139,85,1.07,3.03,0,0,0,4.531,0.2616,258,0.8682170542635659,0.0,0.0,0.0,3.4,8.5,0.22666666666666666,32.5,1.0,0.0,0.0,0.8703294836956521,0.26010500000000003,30.0,1.4985714285714287,0.00260975260975261,0.0,1.0,214.0,0.004672897196261682,0.046153846153846156,0.07000000000000006,,,-0.0024271606002778234,0.005747678822014065,0.13333333333333333,-0.2859866539561487,0.7905517859429009,0.0,0,0,0,0,0,3,0.046153846153846156,0.13333333333333333,,0.8703294836956521,1.0,0.26010500000000003
2026-09-03,4,SH018,松江区第2支行,社区支行,松江区,0,4,9,33,138,85,1.21,3.41,0,0,0,4.652,0.25415000000000004,256,0.87109375,0.0,0.0,0.0,3.6666666666666665,8.25,0.22,31.5,1.73,0.0,0.0,0.8694684774129495,0.27507500000000007,30.047619047619047,1.5019047619047619,0.00260975260975261,0.0,1.0,216.0,0.004629629629629629,0.047619047619047616,-0.30057803468208094,,,0.0018692714333777508,-0.07607016268290474,0.09825673534072901,-0.1943563728598605,0.7739726027397259,0.0,0,0,0,0,0,3,0.047619047619047616,0.09825673534072901,,0.8694684774129495,1.73,0.27507500000000007
2026-09-04,5,SH018,松江区第2支行,社区支行,松江区,0,4,9,35,145,89,1.0,2.8,0,0,0,4.584,0.27576,269,0.8698884758364313,0.0,0.0,0.0,3.888888888888889,8.75,0.23333333333333334,33.0,1.375,0.0,0.0,0.8695597779341622,0.26949500000000004,30.095238095238095,1.4776190476190476,0.00260975260975261,0.0,1.0,218.0,0.0045871559633027525,0.06060606060606061,-0.2727272727272727,,,0.00037800495217244135,0.023247184548878325,0.1629746835443038,-0.323235578472446,0.7576976247329396,0.0,0,0,0,-1,0,4,0.06060606060606061,0.1629746835443038,,0.8695597779341622,1.375,0.26949500000000004
2026-09-05,6,SH018,松江区第2支行,社区支行,松江区,0,4,10,38,157,96,1.54,3.85,0,0,1,4.564,0.27412000000000003,291,0.8694158075601375,0.0,0.0,0.02631578947368421,3.8,9.5,0.25333333333333335,35.5,1.735,0.0,0.0,0.8694113549285963,0.262,30.19047619047619,1.460952380952381,0.00260975260975261,0.0,1.0,221.0,0.004524886877828055,0.07042253521126761,-0.1123919308357349,,,5.121432467955894e-06,0.0462595419847329,0.2586750788643533,0.054106910039113415,0.7338374759809088,0.0,0,0,0,0,0,3,0.07042253521126761,0.2586750788643533,,0.8694113549285963,1.735,0.262
2026-09-06,7,SH018,松江区第2支行,社区支行,松江区,0,4,8,11,46,28,1.0,3.02,0,0,0,4.658,0.27342,85,0.8705882352941177,0.0,0.0,0.0,1.375,2.75,0.07333333333333333,10.0,1.0,0.0,0.0,0.8709193870752832,0.27032500000000004,30.285714285714285,1.407142857142857,0.0012870012870012872,0.0,1.0,222.0,0.0045045045045045045,0.1,0.0,,,-0.0003802324142508382,0.011449181540737846,-0.6367924528301887,-0.28934010152284256,2.4999999999999996,0.0,0,0,0,0,0,2,0.1,-0.6367924528301887,,0.8709193870752832,1.0,0.27032500000000004
2026-09-07,1,SH018,松江区第2支行,社区支行,松江区,0,4,9,39,162,99,1.0,3.04,0,0,2,4.561,0.26990000000000003,300,0.87,0.0,0.0,0.05128205128205128,4.333333333333333,9.75,0.26,36.5,1.7750000000000001,0.0,0.0,0.8694046094750321,0.26756,30.333333333333332,1.407142857142857,0.0012870012870012872,0.0,0.0,224.0,0.0,0.0684931506849315,-0.4366197183098592,,,0.0006848255903858652,0.00874570189863959,0.28571428571428575,-0.28934010152284256,-1.0,0.0,0,0,0,0,0,3,0.0684931506849315,0.28571428571428575,,0.8694046094750321,1.7750000000000001,0.26756
2026-09-08,2,SH018,松江区第2支行,社区支行,松江区,0,4,10,37,151,93,1.28,3.99,0,0,0,4.627,0.2657,281,0.8683274021352313,0.0,0.0,0.0,3.7,9.25,0.24666666666666667,33.5,1.42,0.0,0.0,0.870523241046482,0.27003,30.476190476190474,1.3357142857142856,0.0012870012870012872,0.0,0.0,227.0,0.0,0.1044776119402985,-0.09859154929577459,,,-0.002522435711895599,-0.01603525534199904,0.21406250000000007,-0.04171122994652399,-1.0,0.0,0,0,0,0,0,2,0.1044776119402985,0.21406250000000007,,0.870523241046482,1.42,0.27003
2026-09-09,3,SH018,松江区第2支行,社区支行,松江区,0,4,8,35,146,90,1.52,4.85,0,0,0,4.599,0.25120000000000003,271,0.8708487084870848,0.0,0.0,0.0,4.375,8.75,0.23333333333333334,32.5,1.0,0.0,0.0,0.8697032536008231,0.26102000000000003,30.666666666666668,1.320952380952381,0.0012870012870012872,0.0,0.0,228.0,0.0,0.07692307692307693,0.52,,,0.0013170640462930386,-0.03762163818864453,0.14130434782608692,0.1506849315068492,-1.0,0.0,0,0,0,0,1,1,0.07692307692307693,0.14130434782608692,,0.8697032536008231,1.0,0.26102000000000003
2026-09-10,4,SH018,松江区第2支行,社区支行,松江区,0,4,9,35,143,88,1.6,3.38,0,0,0,4.616,0.25205,266,0.868421052631579,0.0,0.0,0.0,3.888888888888889,8.75,0.23333333333333334,31.5,1.6400000000000001,0.0,0.0,0.8706933185146444,0.268285,30.80952380952381,1.3457142857142859,0.0012870012870012872,0.0,0.0,230.0,0.0,0.1111111111111111,-0.024390243902439043,,,-0.0026097201330794136,-0.06051400562834299,0.13601236476043274,0.18895966029723985,-1.0,0.0,0,0,0,0,1,1,0.1111111111111111,0.13601236476043274,,0.8706933185146444,1.6400000000000001,0.268285
2026-09-11,5,SH018,松江区第2支行,社区支行,松江区,0,4,9,36,148,91,2.44,5.1,0,0,0,4.6,0.25585,275,0.8690909090909091,0.0,0.0,0.0,4.0,9.0,0.24,33.0,1.23,0.0,0.0,0.8696381154692361,0.275125,31.0,1.339047619047619,0.0012870012870012872,0.0,0.0,231.0,0.0,0.09090909090909091,0.983739837398374,,,-0.0006292345845854377,-0.07005906406179005,0.16129032258064516,0.8221906116642959,-1.0,0.0,0,0,0,0,2,1,0.09090909090909091,0.16129032258064516,,0.8696381154692361,1.23,0.275125
2026-09-12,6,SH018,松江区第2支行,社区支行,松江区,0,4,8,38,159,97,1.85,3.7800000000000002,0,0,1,4.558,0.26457,294,0.8707482993197279,0.0,0.0,0.02631578947368421,4.75,9.5,0.25333333333333335,35.5,2.005,0.0,0.0,0.8695738041632105,0.262,31.19047619047619,1.3885714285714288,0.0012870012870012872,0.0,0.0,231.0,0.0,0.07042253521126761,-0.0773067331670822,,,0.0013506560925527961,0.009809160305343574,0.21832061068702294,0.33230452674897104,-1.0,0.0,0,0,0,0,2,0,0.07042253521126761,0.21832061068702294,,0.8695738041632105,2.005,0.262
2026-09-13,7,SH018,松江区第2支行,社区支行,松江区,0,4,9,11,46,28,1.0,2.74,0,0,0,4.714,0.26086000000000004,85,0.8705882352941177,0.0,0.0,0.0,1.2222222222222223,2.75,0.07333333333333333,10.0,1.0,0.0,0.0,0.8720029784065525,0.27239,31.38095238095238,1.359047619047619,0.0012870012870012872,0.0,0.0,231.0,0.0,0.1,0.0,,,-0.0016224062846895942,-0.04232901354675276,-0.6494688922610015,-0.26419060967063773,-1.0,0.0,0,0,0,0,2,0,0.1,-0.6494688922610015,,0.8720029784065525,1.0,0.27239
2026-09-14,1,SH018,松江区第2支行,社区支行,松江区,0,4,10,38,159,98,1.8599999999999999,4.94,0,0,0,4.595,0.27006,295,0.8711864406779661,0.0,0.0,0.0,3.8,9.5,0.25333333333333335,36.5,1.6300000000000001,0.0,0.0,0.8694046094750321,0.267505,31.428571428571427,1.359047619047619,0.0012870012870012872,0.0,0.0,230.0,0.0,0.0410958904109589,0.14110429447852746,,,0.0020494844213098705,0.009551223341619893,0.20909090909090916,0.3686054660126138,-1.0,0.0,0,0,0,0,2,0,0.0410958904109589,0.20909090909090916,,0.8694046094750321,1.6300000000000001,0.267505
2026-09-15,2,SH018,松江区第2支行,社区支行,松江区,0,4,9,36,147,90,1.63,4.06,0,0,0,4.572,0.25185,273,0.8681318681318682,0.0,0.0,0.0,4.0,9.0,0.24,33.5,1.435,0.0,0.0,0.870523241046482,0.27047,31.571428571428573,1.3723809523809525,0.0012870012870012872,0.0,0.0,229.0,0.0,0.07462686567164178,0.13588850174216016,,,-0.0027470523495032096,-0.06884312493067613,0.14027149321266963,0.18771686328938222,-1.0,0.0,0,0,0,0,3,0,0.07462686567164178,0.14027149321266963,,0.870523241046482,1.435,0.27047
2026-09-16,3,SH018,松江区第2支行,社区支行,松江区,0,4,8,34,141,86,1.51,3.36,0,0,0,4.7059999999999995,0.27294,261,0.8697318007662835,0.0,0.0,0.0,4.25,8.5,0.22666666666666666,33.0,1.0350000000000001,0.0,0.0,0.8695807328443654,0.26102000000000003,31.761904761904763,1.361904761904762,0.0012870012870012872,0.0,0.0,228.0,0.0,0.030303030303030304,0.45893719806763267,,,0.00017372501047023515,0.04566699869741776,0.07046476761619187,0.10874125874125871,-1.0,0.0,0,0,0,0,3,0,0.030303030303030304,0.07046476761619187,,0.8695807328443654,1.0350000000000001,0.26102000000000003
2026-09-17,4,SH018,松江区第2支行,社区支行,松江区,0,4,8,33,137,84,2.02,6.01,0,0,0,4.663,0.26103000000000004,254,0.8700787401574803,0.0,0.0,0.0,4.125,8.25,0.22,32.0,1.58,0.0,0.0,0.8694684774129495,0.26419500000000007,31.904761904761905,1.3861904761904762,0.0012870012870012872,0.0,0.0,226.0,0.0,0.03125,0.2784810126582278,,,0.0007018802410716465,-0.011979787656844482,0.03432835820895521,0.45723119203023016,-1.0,0.0,0,0,0,1,4,0,0.03125,0.03432835820895521,,0.8694684774129495,1.58,0.26419500000000007
2026-09-18,5,SH018,松江区第2支行,社区支行,松江区,0,4,8,34,141,86,1.0,3.09,0,0,2,4.596,0.26197000000000004,261,0.8697318007662835,0.0,0.0,0.058823529411764705,4.25,8.5,0.22666666666666666,34.0,1.255,0.0,0.0,0.869239332096475,0.27013,32.0,1.408095238095238,0.0012870012870012872,0.0,0.0,224.0,0.0,0.0,-0.20318725099601587,,,0.0005665512956262633,-0.030207677784770095,0.0625,-0.28982076428812986,-1.0,0.0,0,0,0,1,4,1,0.0,0.0625,,0.869239332096475,1.255,0.27013
2026-09-19,6,SH018,松江区第2支行,社区支行,松江区,0,4,9,36,150,92,2.75,5.93,0,0,0,4.571,0.24857,278,0.8705035971223022,0.0,0.0,0.0,4.0,9.0,0.24,36.5,1.695,0.0,0.0,0.8702400500430056,0.26481,32.04761904761905,1.4028571428571428,0.0012870012870012872,0.0,0.0,222.0,0.0,-0.0136986301369863,0.6224188790560471,,,0.0003028441167279309,-0.06132698916204062,0.12332838038632975,0.9602851323828921,-1.0,0.0,0,0,0,1,4,1,-0.0136986301369863,0.12332838038632975,,0.8702400500430056,1.695,0.26481
2026-06-22,1,SH019,普陀区第1支行,小微专营支行,普陀区,0,6,14,130,209,128,10.79,22.34,0,0,4,4.559,0.29949000000000003,467,0.721627408993576,0.0,0.0,0.03076923076923077,9.285714285714286,21.666666666666668,0.5777777777777778,,,,,,,,,,,,,,,,,,,,,,,,0,0,0,0,0,0,,,,,,
2026-06-23,2,SH019,普陀区第1支行,小微专营支行,普陀区,0,6,15,122,195,120,9.72,25.08,0,0,1,4.639,0.30929,437,0.7208237986270023,0.0,0.0,0.00819672131147541,8.133333333333333,20.333333333333332,0.5422222222222222,,,,,,,,,,,,,,,,,,,,,,,,0,0,0,0,0,0,,,,,,
2026-06-24,3,SH019,普陀区第1支行,小微专营支行,普陀区,0,6,13,117,188,115,9.96,28.03,1,0,2,4.605,0.30944000000000005,420,0.7214285714285714,0.008547008547008548,0.0,0.017094017094017096,9.0,19.5,0.52,,,,,,,,,,,,,,,,,,,,,,,,0,0,0,0,0,0,,,,,,
2026-06-25,4,SH019,普陀区第1支行,小微专营支行,普陀区,0,6,13,116,185,114,9.26,25.63,0,0,3,4.554,0.29421,415,0.7204819277108434,0.0,0.0,0.02586206896551724,8.923076923076923,19.333333333333332,0.5155555555555555,,,,,,,,,,,,,,,,,,,,,,,,0,0,0,0,0,0,,,,,,
2026-06-26,5,SH019,普陀区第1支行,小微专营支行,普陀区,0,6,14,121,194,119,9.43,23.5,0,0,2,4.517,0.30720000000000003,434,0.7211981566820277,0.0,0.0,0.01652892561983471,8.642857142857142,20.166666666666668,0.5377777777777778,,,,,,,,,,,1.0,606.0,0.0016501650165016502,,,,,,,,,,,0,0,0,0,0,0,,,,,,
2026-06-27,6,SH019,普陀区第1支行,小微专营支行,普陀区,0,6,14,131,210,129,10.63,31.65,0,0,1,4.481,0.31296,470,0.7212765957446808,0.0,0.0,0.007633587786259542,9.357142857142858,21.833333333333332,0.5822222222222222,,,,,,,121.2,9.831999999999999,0.0017094017094017096,0.0,1.0,737.0,0.0013568521031207597,,,,,,,0.08085808580858084,0.08116354759967473,-0.20624151967435567,,0,0,0,0,0,0,,0.08085808580858084,,,,
2026-06-28,7,SH019,普陀区第1支行,小微专营支行,普陀区,0,6,14,39,62,38,4.8100000000000005,11.29,0,0,0,4.409,0.30065000000000003,139,0.7194244604316546,0.0,0.0,0.0,2.7857142857142856,6.5,0.17333333333333334,,,,,,,122.83333333333333,9.965,0.0014245014245014246,0.0,1.0,776.0,0.001288659793814433,,,,,,,-0.6824966078697422,-0.5173105870546914,-0.0953608247422681,,0,0,0,0,0,0,,-0.6824966078697422,,,,
2026-06-29,1,SH019,普陀区第1支行,小微专营支行,普陀区,0,6,13,136,218,134,13.24,42.3,1,0,3,4.446,0.29946,488,0.7213114754098361,0.007352941176470588,0.0,0.022058823529411766,10.461538461538462,22.666666666666668,0.6044444444444445,,,,,,,110.85714285714286,9.228571428571428,0.0012210012210012212,0.0,2.0,782.0,0.0025575447570332483,,,,,,,0.22680412371134015,0.43467492260061935,1.09462915601023,,0,0,0,0,0,0,,0.22680412371134015,,,,
2026-06-30,2,SH019,普陀区第1支行,小微专营支行,普陀区,0,6,13,128,206,126,10.35,23.67,2,0,5,4.428,0.30545,460,0.7217391304347827,0.015625,0.0,0.0390625,9.846153846153847,21.333333333333332,0.5688888888888889,,,,,,,114.0,9.73,0.001987493715434892,0.0,4.0,788.0,0.005076142131979695,,,,,,,0.12280701754385964,0.06372045220966076,1.5540418530928353,,0,0,0,0,0,0,,0.12280701754385964,,,,
2026-07-01,3,SH019,普陀区第1支行,小微专营支行,普陀区,0,6,14,125,201,123,10.09,31.96,1,1,3,4.547,0.28823000000000004,449,0.7216035634743875,0.008,80.0,0.024,8.928571428571429,20.833333333333332,0.5555555555555555,,,,,,,115.55555555555556,9.79888888888889,0.0035027721914976818,0.0,4.0,796.0,0.005025125628140704,,,,,,,0.08173076923076922,0.02970858373965295,0.4346138867775208,,0,0,0,0,0,0,,0.08173076923076922,,,,
2026-07-02,4,SH019,普陀区第1支行,小微专营支行,普陀区,0,6,14,124,199,122,10.54,28.66,3,0,7,4.432,0.30531,445,0.7213483146067415,0.024193548387096774,0.0,0.056451612903225805,8.857142857142858,20.666666666666668,0.5511111111111111,,,,,,,116.5,9.828,0.003952494972347913,8.0,7.0,804.0,0.008706467661691543,,,,,,,0.06437768240343347,0.07244607244607243,1.202777668941502,,0,0,0,0,0,0,,0.06437768240343347,,,,
2026-07-03,5,SH019,普陀区第1支行,小微专营支行,普陀区,0,6,14,130,209,128,10.16,23.38,0,0,3,4.608,0.29977000000000004,467,0.721627408993576,0.0,0.0,0.023076923076923078,9.285714285714286,21.666666666666668,0.5777777777777778,,,,,,,117.18181818181819,9.892727272727273,0.005792590737325082,7.2727272727272725,7.0,813.0,0.008610086100861008,,,,,,,0.10938712179984479,0.02701709244624153,0.48639641419531676,,0,0,0,0,0,0,,0.10938712179984479,,,,
2026-07-04,6,SH019,普陀区第1支行,小微专营支行,普陀区,0,6,14,142,227,139,11.81,24.96,0,0,0,4.467,0.29760000000000003,508,0.7204724409448819,0.0,0.0,0.0,10.142857142857142,23.666666666666668,0.6311111111111112,,,,,,,118.25,9.915000000000001,0.005309874842547992,6.666666666666667,7.0,824.0,0.00849514563106796,,,,,,,0.20084566596194503,0.1911245587493696,0.5998768112190545,,0,0,0,0,0,0,,0.20084566596194503,,,,
2026-07-05,7,SH019,普陀区第1支行,小微专营支行,普陀区,0,6,15,42,67,41,4.82,9.94,0,0,0,4.508,0.29349000000000003,150,0.72,0.0,0.0,0.0,2.8,7.0,0.18666666666666668,,,,,,,120.07692307692308,10.06076923076923,0.004901422931582762,6.153846153846154,7.0,827.0,0.008464328899637243,,,,,,,-0.6502242152466368,-0.5209113846624359,0.7269125757535784,,0,0,0,0,0,0,,-0.6502242152466368,,,,
2026-07-06,1,SH019,普陀区第1支行,小微专营支行,普陀区,0,6,14,147,235,144,12.66,35.64,0,0,6,4.427,0.30088000000000004,526,0.720532319391635,0.0,0.0,0.04081632653061224,10.5,24.5,0.6533333333333333,133.0,12.015,0.003676470588235294,0.0,0.7214694422017061,0.29947500000000005,114.5,9.686428571428573,0.0045513212936125645,5.714285714285714,6.0,838.0,0.007159904534606206,0.10526315789473684,0.05368289637952556,-1.0,,-0.0012989085264807107,0.004691543534518706,0.2838427947598253,0.30698326082147315,0.5731485590029846,0.0,0,0,0,0,0,0,0.10526315789473684,0.2838427947598253,,0.7214694422017061,12.015,0.29947500000000005
2026-07-07,2,SH019,普陀区第1支行,小微专营支行,普陀区,0,6,15,137,220,135,11.87,27.33,1,0,5,4.549,0.28950000000000004,492,0.7215447154471545,0.0072992700729927005,0.0,0.0364963503649635,9.133333333333333,22.833333333333332,0.6088888888888888,125.0,10.035,0.0078125,0.0,0.7212814645308925,0.30737000000000003,116.66666666666667,9.884666666666668,0.004247899874038394,5.333333333333333,5.0,847.0,0.0059031877213695395,0.096,0.18285999003487782,-0.06569343065693434,,0.0003649766827617242,-0.05813839997397272,0.17428571428571424,0.2008498010386455,0.38967204887470575,0.0,0,0,0,0,1,0,0.096,0.17428571428571424,,0.7212814645308925,10.035,0.30737000000000003
2026-07-08,3,SH019,普陀区第1支行,小微专营支行,普陀区,0,6,14,133,213,131,10.15,32.37,0,0,4,4.594,0.30231,477,0.7211740041928721,0.0,0.0,0.03007518796992481,9.5,22.166666666666668,0.5911111111111111,121.0,10.025,0.008273504273504274,40.0,0.7215160674514794,0.2988350000000001,117.9375,10.00875,0.004438610511473038,5.0,4.0,855.0,0.004678362573099415,0.09917355371900827,0.012468827930174562,-1.0,-1.0,-0.0004740895927869394,0.011628490638646577,0.127715951245363,0.014112651429998874,0.054015115993318055,-40.0,0,0,0,0,1,0,0.09917355371900827,0.127715951245363,-1.0,0.7215160674514794,10.025,0.2988350000000001
2026-07-09,4,SH019,普陀区第1支行,小微专营支行,普陀区,0,6,14,131,209,128,10.64,32.61,1,0,3,4.647,0.30799000000000004,468,0.7200854700854701,0.007633587786259542,0.0,0.022900763358778626,9.357142857142858,21.833333333333332,0.5822222222222222,120.0,9.899999999999999,0.012096774193548387,0.0,0.7209151211587925,0.29976,118.82352941176471,10.01705882352941,0.004177515775504036,4.705882352941177,2.0,862.0,0.002320185614849188,0.09166666666666666,0.07474747474747497,-0.36895674300254455,,-0.001150830450038102,0.027455297571390494,0.10247524752475244,0.06218803218039834,-0.44460159110488406,0.0,0,0,0,0,1,0,0.09166666666666666,0.10247524752475244,,0.7209151211587925,9.899999999999999,0.29976
2026-07-10,5,SH019,普陀区第1支行,小微专营支行,普陀区,0,6,15,136,217,133,10.93,34.48,0,0,3,4.667,0.29956000000000005,486,0.720164609053498,0.0,0.0,0.022058823529411766,9.066666666666666,22.666666666666668,0.6044444444444445,125.5,9.795,0.0,0.0,0.7214127828378019,0.303485,119.5,10.051666666666668,0.004369519776101564,4.444444444444445,2.0,868.0,0.002304147465437788,0.08366533864541832,0.11587544665645735,,,-0.0017301797445201288,-0.012933093892613988,0.13807531380753138,0.08738186038799522,-0.4726771857081461,0.0,0,0,0,0,1,0,0.08366533864541832,0.13807531380753138,,0.7214127828378019,9.795,0.303485
2026-07-11,6,SH019,普陀区第1支行,小微专营支行,普陀区,0,6,13,145,233,143,12.42,30.05,1,0,2,4.491,0.29788000000000003,521,0.7216890595009597,0.006896551724137931,0.0,0.013793103448275862,11.153846153846153,24.166666666666668,0.6444444444444445,136.5,11.22,0.0,0.0,0.7208745183447813,0.30528,120.36842105263158,10.097894736842106,0.0041395450510435874,4.2105263157894735,3.0,871.0,0.003444316877152698,0.06227106227106227,0.10695187165775394,,,0.0011299347326753824,-0.024240041928721052,0.2046348928727591,0.2299593453559887,-0.16794796658043887,0.0,0,0,0,0,1,0,0.06227106227106227,0.2046348928727591,,0.7208745183447813,11.22,0.30528
2026-07-12,7,SH019,普陀区第1支行,小微专营支行,普陀区,0,6,15,42,68,42,4.97,10.39,1,0,2,4.524,0.31608,152,0.7236842105263158,0.023809523809523808,0.0,0.047619047619047616,2.8,7.0,0.18666666666666668,40.5,4.815,0.0,0.0,0.7197122302158273,0.29707000000000006,121.6,10.214,0.004277395384698304,4.0,4.0,871.0,0.004592422502870264,0.037037037037037035,0.03219106957424701,,,0.0055188450935416125,0.06399165179923913,-0.6546052631578947,-0.5134129626003525,0.07364928650246336,0.0,0,0,0,0,0,0,0.037037037037037035,-0.6546052631578947,,0.7197122302158273,4.815,0.29707000000000006
2026-07-13,1,SH019,普陀区第1支行,小微专营支行,普陀区,0,6,15,146,235,144,12.94,32.64,0,0,2,4.593,0.30042,525,0.7219047619047619,0.0,0.0,0.0136986301369863,9.733333333333333,24.333333333333332,0.6488888888888888,136.0,12.66,0.0,0.0,0.7213114754098361,0.29949000000000003,117.80952380952381,9.964285714285714,0.005207496738261423,3.8095238095238093,4.0,870.0,0.004597701149425287,0.07352941176470588,0.02211690363349126,,,0.0008225108225108357,0.00310527897425619,0.2392886014551334,0.29863799283154124,-0.11709956232055604,0.0,0,0,0,0,0,0,0.07352941176470588,0.2392886014551334,,0.7213114754098361,12.66,0.29949000000000003
2026-07-14,2,SH019,普陀区第1支行,小微专营支行,普陀区,0,6,15,135,217,133,10.38,24.06,0,0,0,4.443,0.3194,485,0.7216494845360825,0.0,0.0,0.0,9.0,22.5,0.6,128.0,10.35,0.0072992700729927005,0.0,0.7215447154471545,0.30545,118.57142857142857,10.066666666666666,0.005207496738261423,3.8095238095238093,3.0,868.0,0.0034562211981566822,0.0546875,0.002898550724637791,-1.0,,0.00014520110352835627,0.04567032247503689,0.1385542168674699,0.03112582781456964,-0.3362989221361322,0.0,0,0,0,0,0,0,0.0546875,0.1385542168674699,,0.7215447154471545,10.35,0.30545
2026-07-15,3,SH019,普陀区第1支行,小微专营支行,普陀区,0,6,13,129,208,127,11.35,35.21,0,0,2,4.572,0.30495,464,0.7219827586206896,0.0,0.0,0.015503875968992248,9.923076923076923,21.5,0.5733333333333334,125.0,10.09,0.008,0.0,0.7214285714285714,0.30231,119.19047619047619,10.098095238095238,0.005207496738261423,3.8095238095238093,3.0,864.0,0.003472222222222222,0.032,0.12487611496531217,-1.0,,0.0007681802663024471,0.008732757765207818,0.08230123851378347,0.12397434688295758,-0.3332262319608366,0.0,0,0,0,0,1,0,0.032,0.08230123851378347,,0.7214285714285714,10.09,0.30231
2026-07-16,4,SH019,普陀区第1支行,小微专营支行,普陀区,0,6,15,126,202,124,10.14,29.69,3,0,6,4.49,0.30305000000000004,452,0.7212389380530974,0.023809523809523808,0.0,0.047619047619047616,8.4,21.0,0.56,124.0,10.54,0.007633587786259542,0.0,0.7204819277108434,0.30531,119.76190476190476,10.164285714285715,0.0048004963312610165,3.8095238095238093,5.0,859.0,0.005820721769499418,0.016129032258064516,-0.03795066413662226,2.119047619047619,,0.0010506999733625056,-0.007402312403786263,0.05208747514910539,-0.0023893183415319486,0.21252499071703368,0.0,0,0,0,0,1,0,0.016129032258064516,0.05208747514910539,,0.7204819277108434,10.54,0.30531
2026-07-17,5,SH019,普陀区第1支行,小微专营支行,普陀区,0,6,14,130,208,127,10.6,33.16,1,0,4,4.622,0.28768000000000005,465,0.7204301075268817,0.007692307692307693,0.0,0.03076923076923077,9.285714285714286,21.666666666666668,0.5777777777777778,130.0,10.16,0.0,0.0,0.7211981566820277,0.29977000000000004,120.23809523809524,10.206190476190477,0.005934283179333579,3.8095238095238093,6.0,853.0,0.007033997655334115,0.0,0.04330708661417318,,,-0.0010649627263046003,-0.04033092037228538,0.08118811881188116,0.03858535902580125,0.1853154699173009,0.0,0,0,0,0,1,0,0.0,0.08118811881188116,,0.7211981566820277,10.16,0.29977000000000004
2026-07-18,6,SH019,普陀区第1支行,小微专营支行,普陀区,0,6,15,138,221,136,12.41,25.23,0,0,0,4.537,0.30107,495,0.7212121212121212,0.0,0.0,0.0,9.2,23.0,0.6133333333333333,142.0,11.81,0.0,0.0,0.7212765957446808,0.29788000000000003,120.66666666666667,10.261904761904763,0.006300583545633945,3.8095238095238093,5.0,846.0,0.00591016548463357,-0.028169014084507043,0.05080440304826415,,,-8.93894699204505e-05,0.010709010339734022,0.14364640883977897,0.20932714617169365,-0.06196538117027589,0.0,0,0,0,0,1,0,-0.028169014084507043,0.14364640883977897,,0.7212765957446808,11.81,0.29788000000000003
2026-07-19,7,SH019,普陀区第1支行,小微专营支行,普陀区,0,6,16,40,64,39,5.0,15.65,0,0,0,4.524,0.30359,143,0.7202797202797203,0.0,0.0,0.0,2.5,6.666666666666667,0.17777777777777778,42.0,4.82,0.0,0.0,0.72,0.30065000000000003,121.0,10.346666666666668,0.006300583545633945,3.8095238095238093,4.0,844.0,0.004739336492890996,-0.047619047619047616,0.0373443983402489,,,0.00038850038850047404,0.009778812572759015,-0.6694214876033058,-0.5167525773195877,-0.2477940402559747,0.0,0,0,0,0,1,0,-0.047619047619047616,-0.6694214876033058,,0.72,4.82,0.30065000000000003
2026-07-20,1,SH019,普陀区第1支行,小微专营支行,普陀区,0,6,13,139,222,136,12.64,28.68,0,0,4,4.326,0.30069,497,0.7203219315895373,0.0,0.0,0.02877697841726619,10.692307692307692,23.166666666666668,0.6177777777777778,141.0,12.8,0.0,0.0,0.7214694422017061,0.299955,121.04761904761905,10.355714285714285,0.006300583545633945,3.8095238095238093,4.0,837.0,0.0047789725209080045,-0.014184397163120567,-0.012500000000000011,,,-0.001590518662393966,0.002450367555133222,0.14830841856805663,0.22058214926196731,-0.24150318993553493,0.0,0,0,0,0,0,0,-0.014184397163120567,0.14830841856805663,,0.7214694422017061,12.8,0.299955
2026-07-21,2,SH019,普陀区第1支行,小微专营支行,普陀区,0,6,14,129,206,126,10.65,25.78,0,0,4,4.536,0.3059,461,0.720173535791757,0.0,0.0,0.031007751937984496,9.214285714285714,21.5,0.5733333333333334,131.5,10.365,0.0036496350364963502,0.0,0.7215970999916185,0.30737000000000003,121.19047619047619,10.327142857142857,0.005950443489611536,3.8095238095238093,4.0,831.0,0.0048134777376654635,-0.019011406844106463,0.027496382054992777,-1.0,,-0.001972796453696923,-0.004782509678888723,0.06444007858546169,0.03126296859869978,-0.19107243921079523,0.0,0,0,0,0,0,0,-0.019011406844106463,0.06444007858546169,,0.7215970999916185,10.365,0.30737000000000003
2026-07-22,3,SH019,普陀区第1支行,小微专营支行,普陀区,0,6,14,124,198,121,10.02,23.37,1,0,5,4.559,0.31174,443,0.7200902934537246,0.008064516129032258,0.0,0.04032258064516129,8.857142857142858,20.666666666666668,0.5511111111111111,127.0,10.120000000000001,0.004,0.0,0.7215160674514794,0.30363,121.23809523809524,10.341428571428573,0.005206395870563917,3.8095238095238093,5.0,826.0,0.006053268765133172,-0.023622047244094488,-0.009881422924901325,1.0161290322580645,,-0.0019760807306633934,0.026710140631689906,0.02278083267871168,-0.031081641110650787,0.1626601041533033,0.0,0,0,0,0,0,0,-0.023622047244094488,0.02278083267871168,,0.7215160674514794,10.120000000000001,0.30363
2026-07-23,4,SH019,普陀区第1支行,小微专营支行,普陀区,0,6,13,121,194,119,10.6,29.51,1,0,2,4.527,0.31663,434,0.7211981566820277,0.008264462809917356,0.0,0.01652892561983471,9.307692307692308,20.166666666666668,0.5377777777777778,125.0,10.34,0.015721555797891675,0.0,0.7208604328819703,0.30418,121.19047619047619,10.338095238095239,0.0052094680671845,0.0,3.0,821.0,0.0036540803897685747,-0.032,0.025145067698259166,-0.47432283953566134,,0.00046850095337756277,0.040929712670129584,-0.001571709233791743,0.02533394748963602,-0.2985693850805285,0.0,0,0,0,0,0,0,-0.032,-0.001571709233791743,,0.7208604328819703,10.34,0.30418
2026-07-24,5,SH019,普陀区第1支行,小微专营支行,普陀区,0,6,15,126,202,124,10.67,27.04,0,0,4,4.593,0.30087,452,0.7212389380530974,0.0,0.0,0.031746031746031744,8.4,21.0,0.56,130.0,10.379999999999999,0.0,0.0,0.7208141321044548,0.29966500000000007,121.04761904761905,10.34095238095238,0.004450940182556909,0.0,2.0,817.0,0.0024479804161566705,-0.03076923076923077,0.027938342967244793,,,0.0005893418701466606,0.004021156958603627,0.04091266719118801,0.031819856327132114,-0.4500082419102762,0.0,0,0,0,0,0,0,-0.03076923076923077,0.04091266719118801,,0.7208141321044548,10.379999999999999,0.29966500000000007
2026-07-25,6,SH019,普陀区第1支行,小微专营支行,普陀区,0,6,14,136,218,134,10.84,30.15,1,0,1,4.548,0.29458,488,0.7213114754098361,0.007352941176470588,0.0,0.007352941176470588,9.714285714285714,22.666666666666668,0.6044444444444445,140.0,12.11,0.0,0.0,0.721244358478401,0.29947500000000005,120.85714285714286,10.365238095238096,0.004450940182556909,0.0,3.0,815.0,0.0036809815950920245,-0.02857142857142857,-0.10487200660611062,,,9.305713195001632e-05,-0.01634527089072556,0.12529550827423164,0.045803280194790165,-0.1729878533264337,0.0,0,0,0,0,0,0,-0.02857142857142857,0.12529550827423164,,0.721244358478401,12.11,0.29947500000000005
2026-07-26,7,SH019,普陀区第1支行,小微专营支行,普陀区,0,6,15,40,64,39,6.04,15.17,0,0,2,4.5440000000000005,0.32145,143,0.7202797202797203,0.0,0.0,0.05,2.6666666666666665,6.666666666666667,0.17777777777777778,41.0,4.895,0.0,0.0,0.7201398601398601,0.30212000000000006,120.57142857142857,10.31904761904762,0.004801080238579318,0.0,3.0,815.0,0.0036809815950920245,-0.024390243902439025,0.23391215526047,,,0.00019421246844059375,0.06398119952336805,-0.6682464454976303,-0.4146746654360868,-0.23330137965341324,0.0,0,0,0,0,1,0,-0.024390243902439025,-0.6682464454976303,,0.7201398601398601,4.895,0.30212000000000006
2026-07-27,1,SH019,普陀区第1支行,小微专营支行,普陀区,0,6,15,140,225,138,13.36,36.18,2,0,5,4.433,0.32086000000000003,503,0.7216699801192843,0.014285714285714285,0.0,0.03571428571428571,9.333333333333334,23.333333333333332,0.6222222222222222,142.5,12.8,0.0,0.0,0.7209218974007355,0.300555,120.47619047619048,10.377142857142857,0.004801080238579318,0.0,5.0,816.0,0.006127450980392157,-0.017543859649122806,0.0437499999999999,,,0.001037675122986209,0.06755835038512091,0.1620553359683794,0.2874449339207048,0.2762650645066752,0.0,0,0,0,0,1,0,-0.017543859649122806,0.1620553359683794,,0.7209218974007355,12.8,0.300555
2026-07-28,2,SH019,普陀区第1支行,小微专营支行,普陀区,0,6,14,132,212,130,10.71,23.96,0,0,3,4.472,0.29751,474,0.7215189873417721,0.0,0.0,0.022727272727272728,9.428571428571429,22.0,0.5866666666666667,132.0,10.515,0.0036496350364963502,0.0,0.7215970999916185,0.30567500000000003,120.14285714285714,10.41047619047619,0.005481352347422856,0.0,5.0,819.0,0.006105006105006105,0.0,0.018544935805991467,-1.0,,-0.00010824967263209588,-0.026711376461928626,0.09869203329369801,0.02877138413685856,0.11377735238576105,0.0,0,0,0,0,1,0,0.0,0.09869203329369801,,0.7215970999916185,10.515,0.30567500000000003
2026-07-29,3,SH019,普陀区第1支行,小微专营支行,普陀区,0,6,14,129,206,126,11.05,22.84,1,0,5,4.57,0.30849000000000004,461,0.720173535791757,0.007751937984496124,0.0,0.03875968992248062,9.214285714285714,21.5,0.5733333333333334,127.0,10.120000000000001,0.004,0.0,0.7213887838336298,0.30363,119.9047619047619,10.355238095238095,0.005133768058232727,0.0,5.0,824.0,0.006067961165048544,0.015748031496062992,0.091897233201581,0.9379844961240309,,-0.0016845951435710865,0.01600632348582166,0.07585385226370141,0.06709279867561863,0.1819702597038261,0.0,0,0,0,0,1,0,0.015748031496062992,0.07585385226370141,,0.7213887838336298,10.120000000000001,0.30363
2026-07-30,4,SH019,普陀区第1支行,小微专营支行,普陀区,0,6,14,128,205,125,10.42,29.3,0,0,2,4.567,0.29848,458,0.7205240174672489,0.0,0.0,0.015625,9.142857142857142,21.333333333333332,0.5688888888888889,125.0,10.57,0.016036993309720582,0.0,0.7212185473675625,0.30665000000000003,119.71428571428571,10.39809523809524,0.005502907962256352,0.0,4.0,831.0,0.0048134777376654635,0.024,-0.014191106906338728,-1.0,,-0.0009629950627984056,-0.026642752323495875,0.06921241050119337,0.00210661293277146,-0.12528470934269495,0.0,0,0,0,0,1,0,0.024,0.06921241050119337,,0.7212185473675625,10.57,0.30665000000000003
2026-07-31,5,SH019,普陀区第1支行,小微专营支行,普陀区,0,6,14,134,215,132,11.05,30.97,1,0,9,4.408,0.31591,481,0.7214137214137214,0.007462686567164179,0.0,0.06716417910447761,9.571428571428571,22.333333333333332,0.5955555555555555,130.0,10.635,0.0,0.0,0.7208345227899895,0.29966500000000007,119.57142857142857,10.387619047619047,0.005139403781958278,0.0,5.0,839.0,0.0059594755661501785,0.03076923076923077,0.03902209685002359,,,0.0008035112157088628,0.0542105350975254,0.12066905615292714,0.06376638855780702,0.1595655486480236,0.0,0,0,0,0,0,0,0.03076923076923077,0.12066905615292714,,0.7208345227899895,10.635,0.29966500000000007
2026-08-01,6,SH019,普陀区第1支行,小微专营支行,普陀区,0,6,13,144,232,142,12.42,28.1,0,0,5,4.553,0.30622000000000005,518,0.722007722007722,0.0,0.0,0.034722222222222224,11.076923076923077,24.0,0.64,140.0,12.11,0.0034482758620689655,0.0,0.7212617983109786,0.29774,119.47619047619048,10.393333333333333,0.005494769808966096,0.0,4.0,847.0,0.004722550177095631,0.02857142857142857,0.02559867877786957,-1.0,,0.0010341927140605479,0.028481225230066645,0.20526106018333992,0.1949967928159077,-0.14053721242524023,0.0,0,0,0,0,0,0,0.02857142857142857,0.20526106018333992,,0.7212617983109786,12.11,0.29774
2026-08-02,7,SH019,普陀区第1支行,小微专营支行,普陀区,0,6,14,43,69,42,3.56,9.48,0,0,1,4.43,0.31482000000000004,154,0.7207792207792207,0.0,0.0,0.023255813953488372,3.0714285714285716,7.166666666666667,0.19111111111111112,41.0,4.984999999999999,0.0,0.0,0.7202797202797203,0.309835,119.42857142857143,10.393333333333333,0.005166362584007147,0.0,4.0,850.0,0.004705882352941176,0.04878048780487805,-0.2858575727181544,,,0.0006934812760054473,0.016089208772411177,-0.6399521531100478,-0.6574727389352149,-0.08913045175950704,0.0,0,0,0,0,0,1,0.04878048780487805,-0.6399521531100478,,0.7202797202797203,4.984999999999999,0.309835
2026-08-03,1,SH019,普陀区第1支行,小微专营支行,普陀区,0,6,14,150,241,148,13.39,30.04,2,0,11,4.505,0.30086,539,0.7217068645640075,0.013333333333333334,0.0,0.07333333333333333,10.714285714285714,25.0,0.6666666666666666,143.0,12.8,0.0,0.0,0.7211011497554596,0.300785,119.47619047619048,10.326190476190476,0.004032575735934585,0.0,4.0,860.0,0.004651162790697674,0.04895104895104895,0.04609374999999999,,,0.000839985914255282,0.00024934754060206373,0.2554802710243124,0.296702789946968,0.1533975045405381,0.0,0,0,0,0,0,1,0.04895104895104895,0.2554802710243124,,0.7211011497554596,12.8,0.300785
2026-08-04,2,SH019,普陀区第1支行,小微专营支行,普陀区,0,6,15,142,227,139,11.69,32.22,0,0,4,4.574,0.30094000000000004,508,0.7204724409448819,0.0,0.0,0.028169014084507043,9.466666666666667,23.666666666666668,0.6311111111111112,133.5,10.68,0.0,0.0,0.7215318513944633,0.301705,119.66666666666667,10.347619047619048,0.00466749637085522,0.0,4.0,870.0,0.004597701149425287,0.06367041198501873,0.09456928838951309,,,-0.0014682795326829898,-0.002535589400241826,0.1866295264623955,0.12972848596410483,-0.014953460245999967,0.0,0,0,0,0,0,1,0.06367041198501873,0.1866295264623955,,0.7215318513944633,10.68,0.301705
2026-08-05,3,SH019,普陀区第1支行,小微专营支行,普陀区,0,6,14,138,221,135,11.37,30.08,3,0,7,4.453,0.28826,494,0.7206477732793523,0.021739130434782608,0.0,0.050724637681159424,9.857142857142858,23.0,0.6133333333333333,129.0,10.600000000000001,0.003875968992248062,0.0,0.7206737699923146,0.30672,120.0,10.41,0.00466749637085522,0.0,6.0,879.0,0.006825938566552901,0.06976744186046512,0.07264150943396204,4.608695652173913,,-3.607278916590186e-05,-0.06018518518518511,0.15,0.09221902017291057,0.4624411085084984,0.0,0,0,0,0,0,1,0.06976744186046512,0.15,,0.7206737699923146,10.600000000000001,0.30672
2026-08-06,4,SH019,普陀区第1支行,小微专营支行,普陀区,0,6,15,136,218,134,11.03,25.99,2,0,4,4.554,0.30824,488,0.7213114754098361,0.014705882352941176,0.0,0.029411764705882353,9.066666666666666,22.666666666666668,0.6044444444444445,127.0,10.51,0.007949025298088448,0.0,0.7208610870746384,0.30552,120.42857142857143,10.41095238095238,0.00570269305822582,0.0,8.0,887.0,0.009019165727170236,0.07086614173228346,0.049476688867744964,0.8500233426704016,,0.0006247921316234028,0.008902854150301126,0.129300118623962,0.059461190138590275,0.5815625416066516,0.0,0,0,0,0,0,1,0.07086614173228346,0.129300118623962,,0.7208610870746384,10.51,0.30552
2026-08-07,5,SH019,普陀区第1支行,小微专营支行,普陀区,0,6,14,142,228,140,11.24,24.38,0,0,5,4.614,0.31182000000000004,510,0.7215686274509804,0.0,0.0,0.035211267605633804,10.142857142857142,23.666666666666668,0.6311111111111112,132.0,10.8,0.0037313432835820895,0.0,0.7208345227899895,0.300215,120.9047619047619,10.453333333333333,0.005269186322198076,0.0,7.0,895.0,0.00782122905027933,0.07575757575757576,0.040740740740740695,-1.0,,0.001018409409901089,0.038655630131739026,0.1744781410003939,0.07525510204081637,0.48433336231250457,0.0,0,0,0,0,0,0,0.07575757575757576,0.1744781410003939,,0.7208345227899895,10.8,0.300215
2026-08-08,6,SH019,普陀区第1支行,小微专营支行,普陀区,0,6,14,153,246,151,13.25,36.11,1,0,5,4.5,0.29916000000000004,550,0.7218181818181818,0.006535947712418301,0.0,0.032679738562091505,10.928571428571429,25.5,0.68,141.0,12.415,0.0034482758620689655,0.0,0.7215002674553979,0.29947500000000005,121.47619047619048,10.483809523809523,0.00490288595589771,0.0,8.0,904.0,0.008849557522123894,0.0851063829787234,0.06725734997986314,0.8954248366013072,,0.00044062958410974847,-0.0010518407212622412,0.2595060760486083,0.26385356104651175,0.8049690736695007,0.0,0,0,0,0,0,0,0.0851063829787234,0.2595060760486083,,0.7215002674553979,12.415,0.29947500000000005
2026-08-09,7,SH019,普陀区第1支行,小微专营支行,普陀区,0,6,14,45,72,44,4.87,11.82,0,0,1,4.595,0.29450000000000004,161,0.7204968944099379,0.0,0.0,0.022222222222222223,3.2142857142857144,7.5,0.2,41.0,4.984999999999999,0.0,0.0,0.7205294705294705,0.31545,122.19047619047619,10.523809523809524,0.005214121561250962,0.0,8.0,906.0,0.008830022075055188,0.0975609756097561,-0.023069207622868473,,,-4.521136312248106e-05,-0.06641306070692651,-0.6317225253312548,-0.5372398190045249,0.693482204303788,0.0,0,0,0,0,0,0,0.0975609756097561,-0.6317225253312548,,0.7205294705294705,4.984999999999999,0.31545
2026-08-10,1,SH019,普陀区第1支行,小微专营支行,普陀区,0,6,14,156,250,154,14.92,31.33,2,0,4,4.43,0.30203,560,0.7214285714285714,0.01282051282051282,0.0,0.02564102564102564,11.142857142857142,26.0,0.6933333333333334,143.0,13.149999999999999,0.006666666666666667,0.0,0.7216884223416459,0.300775,122.42857142857143,10.517619047619048,0.005214121561250962,0.0,8.0,912.0,0.008771929824561403,0.09090909090909091,0.1346007604562739,0.9230769230769229,,-0.00036005969477980956,0.004172554234893213,0.2742123687281213,0.41857201068501826,0.6823408740123157,0.0,0,0,0,0,1,0,0.09090909090909091,0.2742123687281213,,0.7216884223416459,13.149999999999999,0.300775
2026-08-11,2,SH019,普陀区第1支行,小微专营支行,普陀区,0,6,13,145,233,143,12.47,30.81,1,0,6,4.483,0.30555000000000004,521,0.7216890595009597,0.006896551724137931,0.0,0.041379310344827586,11.153846153846153,24.166666666666668,0.6444444444444445,133.5,10.68,0.0,0.0,0.720995714143327,0.30342,123.23809523809524,10.626190476190477,0.005824622171751573,0.0,9.0,915.0,0.009836065573770493,0.08614232209737828,0.16760299625468175,,,0.0009616497630039147,0.007019972315602203,0.1765842349304482,0.17351557248487565,0.6887044830948414,0.0,0,0,0,0,2,0,0.08614232209737828,0.1765842349304482,,0.720995714143327,10.68,0.30342
2026-08-12,3,SH019,普陀区第1支行,小微专营支行,普陀区,0,6,13,139,223,137,10.99,23.3,0,0,4,4.498,0.30237,499,0.7214428857715431,0.0,0.0,0.02877697841726619,10.692307692307692,23.166666666666668,0.6177777777777778,129.0,11.2,0.007908227056764191,0.0,0.7204106545355546,0.30672,124.0,10.712857142857143,0.006153029396710522,0.0,6.0,916.0,0.006550218340611353,0.07751937984496124,-0.01874999999999992,-1.0,,0.0014328372706452761,-0.014182316118935723,0.12096774193548387,0.02587011601546877,0.06455177089080266,0.0,0,0,0,0,2,0,0.07751937984496124,0.12096774193548387,,0.7204106545355546,11.2,0.30672
2026-08-13,4,SH019,普陀区第1支行,小微专营支行,普陀区,0,6,14,136,218,134,11.21,24.43,1,0,4,4.569,0.3104,488,0.7213114754098361,0.007352941176470588,0.0,0.029411764705882353,9.714285714285714,22.666666666666668,0.6044444444444445,127.0,10.51,0.011485172581429266,0.0,0.7212185473675625,0.30564500000000006,124.71428571428571,10.75904761904762,0.005769004819137558,0.0,5.0,916.0,0.0054585152838427945,0.07086614173228346,0.06660323501427222,-0.3597883597883598,,0.0001288486584444503,0.01555726414631338,0.09049255441008024,0.0419137824201116,-0.053820293972501834,0.0,0,0,0,0,2,0,0.07086614173228346,0.09049255441008024,,0.7212185473675625,10.51,0.30564500000000006
2026-08-14,5,SH019,普陀区第1支行,小微专营支行,普陀区,0,6,14,140,225,138,12.35,29.33,0,0,1,4.481,0.2977,503,0.7216699801192843,0.0,0.0,0.007142857142857143,10.0,23.333333333333332,0.6222222222222222,132.0,10.86,0.0037313432835820895,0.0,0.7213263297334094,0.30634500000000003,125.42857142857143,10.788095238095238,0.005725599027068664,0.0,5.0,914.0,0.005470459518599562,0.06060606060606061,0.1372007366482505,-1.0,,0.000476414587558344,-0.02821981752599198,0.11617312072892937,0.14478040167733391,-0.044561190412197874,0.0,0,0,0,0,3,0,0.06060606060606061,0.11617312072892937,,0.7213263297334094,10.86,0.30634500000000003
2026-08-15,6,SH019,普陀区第1支行,小微专营支行,普陀区,0,6,13,149,239,147,12.82,31.04,1,0,1,4.579,0.29960000000000003,535,0.7214953271028037,0.006711409395973154,0.0,0.006711409395973154,11.461538461538462,24.833333333333332,0.6622222222222222,141.0,12.415,0.0032679738562091504,0.0,0.721564828614009,0.300115,126.0952380952381,10.868095238095238,0.005725599027068664,0.0,5.0,910.0,0.005494505494505495,0.05673758865248227,0.03262182843334685,1.0536912751677852,,-9.632053621393388e-05,-0.0017160088632690391,0.18164652567975825,0.1795995267931473,-0.04036145938104259,0.0,0,0,0,0,2,0,0.05673758865248227,0.18164652567975825,,0.721564828614009,12.415,0.300115
2026-08-16,7,SH019,普陀区第1支行,小微专营支行,普陀区,0,6,13,43,70,43,5.74,12.11,0,0,0,4.556,0.2854,156,0.7243589743589743,0.0,0.0,0.0,3.3076923076923075,7.166666666666667,0.19111111111111112,41.5,4.9350000000000005,0.0,0.0,0.7203883073448292,0.30920500000000006,126.71428571428571,10.962380952380952,0.005695049894664024,0.0,5.0,908.0,0.005506607929515419,0.03614457831325301,0.16312056737588645,,,0.005511842673821362,-0.07698775893015983,-0.6606538895152199,-0.4763911211502541,-0.03308872944645593,0.0,0,0,0,0,2,0,0.03614457831325301,-0.6606538895152199,,0.7203883073448292,4.9350000000000005,0.30920500000000006
2026-08-17,1,SH019,普陀区第1支行,小微专营支行,普陀区,0,6,14,149,239,147,12.69,25.63,1,0,5,4.478,0.31025,535,0.7214953271028037,0.006711409395973154,0.0,0.03355704697986577,10.642857142857142,24.833333333333332,0.6622222222222222,145.0,13.375,0.013076923076923076,0.0,0.7215492757739279,0.301445,126.85714285714286,10.948095238095238,0.005695049894664024,0.0,4.0,901.0,0.004439511653718091,0.027586206896551724,-0.051214953271028076,-0.4867745756020529,,-7.476782658581038e-05,0.02920930849740419,0.17454954954954952,0.15910573702753247,-0.22046132416193742,0.0,0,0,0,0,2,0,0.027586206896551724,0.17454954954954952,,0.7215492757739279,13.375,0.301445
2026-08-18,2,SH019,普陀区第1支行,小微专营支行,普陀区,0,6,14,138,221,136,11.01,22.84,0,0,0,4.495,0.29679,495,0.7212121212121212,0.0,0.0,0.0,9.857142857142858,23.0,0.6133333333333333,137.0,11.2,0.0,0.0,0.720995714143327,0.30324500000000004,127.28571428571429,10.916190476190476,0.0053343687094382555,0.0,3.0,894.0,0.003355704697986577,0.0072992700729927005,-0.01696428571428567,,,0.00030015028459822786,-0.021286418572441568,0.08417508417508412,0.008593613679986059,-0.3709274928729186,0.0,0,0,0,0,2,0,0.0072992700729927005,0.08417508417508412,,0.720995714143327,11.2,0.30324500000000004
2026-08-19,3,SH019,普陀区第1支行,小微专营支行,普陀区,0,6,14,132,212,130,10.57,26.09,0,0,2,4.618,0.30264,474,0.7215189873417721,0.0,0.0,0.015151515151515152,9.428571428571429,22.0,0.5866666666666667,133.5,11.02,0.007908227056764191,0.0,0.7204106545355546,0.30543000000000003,127.57142857142857,10.930476190476192,0.0053343687094382555,0.0,3.0,887.0,0.0033821871476888386,-0.011235955056179775,-0.04083484573502716,-1.0,,0.0015384736458846633,-0.009134662606816666,0.034714445688689824,-0.03297900148122341,-0.36596299732625615,0.0,0,0,0,0,1,0,-0.011235955056179775,0.034714445688689824,,0.7204106545355546,11.02,0.30543000000000003
2026-08-20,4,SH019,普陀区第1支行,小微专营支行,普陀区,0,6,14,129,206,126,11.0,23.26,0,0,1,4.527,0.30415000000000003,461,0.720173535791757,0.0,0.0,0.007751937984496124,9.214285714285714,21.5,0.5733333333333334,132.0,10.815,0.007808701993193972,0.0,0.7212548160459319,0.30932000000000004,127.71428571428571,10.907619047619047,0.00496522880541463,0.0,2.0,880.0,0.0022727272727272726,-0.022727272727272728,0.01710587147480356,-1.0,,-0.0014991653852693388,-0.016714082503556212,0.01006711409395978,0.008469396664629423,-0.5422713913508193,0.0,0,0,0,0,1,0,-0.022727272727272728,0.01006711409395978,,0.7212548160459319,10.815,0.30932000000000004
2026-08-21,5,SH019,普陀区第1支行,小微专营支行,普陀区,0,6,14,133,213,131,11.16,23.28,0,0,5,4.569,0.29614,477,0.7211740041928721,0.0,0.0,0.03759398496240601,9.5,22.166666666666668,0.5911111111111111,137.0,11.145,0.0,0.0,0.7214911744323509,0.30634500000000003,127.76190476190476,10.935238095238097,0.00496522880541463,0.0,2.0,873.0,0.002290950744558992,-0.029197080291970802,0.0013458950201884763,,,-0.00043960376885869546,-0.03331211542541911,0.04099888184867688,0.020553910468559377,-0.5386011734120514,0.0,0,0,0,0,0,0,-0.029197080291970802,0.04099888184867688,,0.7214911744323509,11.145,0.30634500000000003
2026-08-22,6,SH019,普陀区第1支行,小微专营支行,普陀区,0,6,16,142,228,140,12.11,35.74,2,0,7,4.543,0.30313,510,0.7215686274509804,0.014084507042253521,0.0,0.04929577464788732,8.875,23.666666666666668,0.6311111111111112,146.5,12.620000000000001,0.0066236785541957275,0.0,0.7216567544604928,0.29938000000000003,127.71428571428571,10.94047619047619,0.004609862778406813,0.0,3.0,866.0,0.003464203233256351,-0.030716723549488054,-0.04041204437400963,1.1263874638559837,,-0.00012211762582104997,0.012525886832787679,0.11185682326621929,0.10689880304679,-0.24852356788511748,0.0,0,0,0,0,0,0,-0.030716723549488054,0.11185682326621929,,0.7216567544604928,12.620000000000001,0.29938000000000003
2026-08-23,7,SH019,普陀区第1支行,小微专营支行,普陀区,0,6,14,42,67,41,4.92,10.33,0,0,1,4.598,0.30518,150,0.72,0.0,0.0,0.023809523809523808,3.0,7.0,0.18666666666666668,43.0,5.305,0.0,0.0,0.7206380575945793,0.30466000000000004,127.61904761904762,10.925714285714285,0.005280553589942695,0.0,3.0,865.0,0.003468208092485549,-0.023255813953488372,-0.07257304429783219,,,-0.0008854064642507647,0.0017068207181775252,-0.6708955223880597,-0.5496861924686193,-0.34321126877850955,0.0,0,0,0,0,0,0,-0.023255813953488372,-0.6708955223880597,,0.7206380575945793,5.305,0.30466000000000004
2026-08-24,1,SH019,普陀区第1支行,小微专营支行,普陀区,0,6,14,145,232,142,13.42,41.08,1,0,5,4.386,0.31079,519,0.720616570327553,0.006896551724137931,0.0,0.034482758620689655,10.357142857142858,24.166666666666668,0.6444444444444445,149.5,13.375,0.013076923076923076,0.0,0.721582653611044,0.30614,127.57142857142857,10.99047619047619,0.005280553589942695,0.0,3.0,861.0,0.003484320557491289,-0.030100334448160536,0.003364485981308406,-0.4726166328600406,,-0.0013388393951218297,0.01518912915659498,0.13661814109742443,0.22105719237435006,-0.3401599854743447,0.0,0,0,0,0,0,0,-0.030100334448160536,0.13661814109742443,,0.721582653611044,13.375,0.30614
2026-08-25,2,SH019,普陀区第1支行,小微专营支行,普陀区,0,6,15,136,218,133,10.81,31.06,1,0,2,4.542,0.31462,487,0.7207392197125256,0.007352941176470588,0.0,0.014705882352941176,9.066666666666666,22.666666666666668,0.6044444444444445,140.0,11.35,0.0,0.0,0.7213655542769466,0.299225,127.33333333333333,10.991904761904761,0.004974040179981008,0.0,4.0,859.0,0.004656577415599534,-0.02857142857142857,-0.04757709251101314,,,-0.0008682623680981838,0.05144957807669811,0.06806282722513093,-0.016548975436468306,-0.06382392439433132,0.0,0,0,0,0,0,0,-0.02857142857142857,0.06806282722513093,,0.7213655542769466,11.35,0.299225
2026-08-26,3,SH019,普陀区第1支行,小微专营支行,普陀区,0,6,14,132,211,129,10.47,21.47,0,0,3,4.648,0.32725000000000004,472,0.7203389830508474,0.0,0.0,0.022727272727272728,9.428571428571429,22.0,0.5866666666666667,135.0,11.02,0.003875968992248062,0.0,0.7210453295254478,0.302505,127.04761904761905,10.95,0.005324180236003418,0.0,4.0,859.0,0.004656577415599534,-0.022222222222222223,-0.04990925589836651,-1.0,,-0.0009796145203037458,0.08180030082147408,0.03898050974512741,-0.04383561643835605,-0.12539072510907667,0.0,0,0,0,0,0,0,-0.022222222222222223,0.03898050974512741,,0.7210453295254478,11.02,0.302505
2026-08-27,4,SH019,普陀区第1支行,小微专营支行,普陀区,0,6,14,130,209,128,11.81,25.6,2,0,4,4.495,0.31179,467,0.721627408993576,0.015384615384615385,0.0,0.03076923076923077,9.285714285714286,21.666666666666668,0.5777777777777778,132.5,11.015,0.003676470588235294,0.0,0.7209177464385426,0.306195,126.76190476190476,10.907142857142857,0.004288983548632818,0.0,6.0,860.0,0.0069767441860465115,-0.018867924528301886,0.07217430776214252,3.184615384615385,,0.000984387689912363,0.01827266937735762,0.025544703230653665,0.08277668631303219,0.6266661102653239,0.0,0,0,0,0,0,0,-0.018867924528301886,0.025544703230653665,,0.7209177464385426,11.015,0.306195
2026-08-28,5,SH019,普陀区第1支行,小微专营支行,普陀区,0,6,15,136,219,134,11.39,35.01,0,0,1,4.551,0.30153,489,0.721881390593047,0.0,0.0,0.007352941176470588,9.066666666666666,22.666666666666668,0.6044444444444445,137.0,11.2,0.0,0.0,0.7214911744323509,0.30476000000000003,126.47619047619048,10.944285714285714,0.004321304169188732,0.0,6.0,863.0,0.006952491309385863,-0.0072992700729927005,0.01696428571428583,,,0.0005408467553371433,-0.010598503740648413,0.07530120481927706,0.04072575381803951,0.6088872796684205,0.0,0,0,0,0,0,0,-0.0072992700729927005,0.07530120481927706,,0.7214911744323509,11.2,0.30476000000000003
2026-08-29,6,SH019,普陀区第1支行,小微专营支行,普陀区,0,6,14,148,237,146,13.64,41.69,1,0,1,4.455,0.31414000000000003,531,0.7212806026365348,0.006756756756756757,0.0,0.006756756756756757,10.571428571428571,24.666666666666668,0.6577777777777778,146.5,12.620000000000001,0.0066236785541957275,0.0,0.7216934046345811,0.301365,126.19047619047619,10.951428571428572,0.004321304169188732,0.0,5.0,869.0,0.005753739930955121,0.010238907849829351,0.08082408874801898,0.0200912833363165,,-0.0005719908140982544,0.04239045675509776,0.1728301886792453,0.24549960866162274,0.3314822807382498,0.0,0,0,0,0,0,0,0.010238907849829351,0.1728301886792453,,0.7216934046345811,12.620000000000001,0.301365
2026-08-30,7,SH019,普陀区第1支行,小微专营支行,普陀区,0,6,14,44,70,43,4.21,12.85,0,0,0,4.665,0.30305000000000004,157,0.7197452229299363,0.0,0.0,0.0,3.142857142857143,7.333333333333333,0.19555555555555554,43.0,4.895,0.0,0.0,0.7206380575945793,0.29984,125.95238095238095,10.97,0.004331818885585802,0.0,5.0,871.0,0.0057405281285878304,0.023255813953488372,-0.13993871297242078,,,-0.0012389501986937357,0.010705709711846471,-0.6506616257088846,-0.6162260711030082,0.3252004020042323,0.0,0,0,0,0,0,1,0.023255813953488372,-0.6506616257088846,,0.7206380575945793,4.895,0.29984
2026-08-31,1,SH019,普陀区第1支行,小微专营支行,普陀区,0,6,15,154,247,152,14.32,36.76,1,0,12,4.438,0.30268,553,0.7215189873417721,0.006493506493506494,0.0,0.07792207792207792,10.266666666666667,25.666666666666668,0.6844444444444445,149.5,13.405000000000001,0.009858532272325376,0.0,0.7214619492656875,0.30614,125.9047619047619,10.938571428571429,0.004331818885585802,0.0,5.0,880.0,0.005681818181818182,0.030100334448160536,0.06825811264453555,-0.34133131442548476,,7.90590219520882e-05,-0.011302018684262163,0.2231467473524963,0.30912890165861306,0.3116472160746435,0.0,0,0,0,0,0,1,0.030100334448160536,0.2231467473524963,,0.7214619492656875,13.405000000000001,0.30614
2026-09-01,2,SH019,普陀区第1支行,小微专营支行,普陀区,0,6,13,144,231,142,11.38,31.39,1,0,4,4.441,0.3035,517,0.7214700193423598,0.006944444444444444,0.0,0.027777777777777776,11.076923076923077,24.0,0.64,140.0,11.35,0.0034482758620689655,0.0,0.7209756704623234,0.30324500000000004,125.80952380952381,10.91,0.004030532870014071,0.0,5.0,888.0,0.00563063063063063,0.02857142857142857,0.002643171806167501,1.0138888888888888,,0.0006856665214783333,0.000840904219360417,0.1445874337623013,0.0430797433547205,0.3969940978575801,0.0,0,0,0,0,0,1,0.02857142857142857,0.1445874337623013,,0.7209756704623234,11.35,0.30324500000000004
2026-09-02,3,SH019,普陀区第1支行,小微专营支行,普陀区,0,6,14,140,225,138,12.45,25.17,0,0,1,4.45,0.31313,503,0.7216699801192843,0.0,0.0,0.007142857142857143,10.0,23.333333333333332,0.6222222222222222,135.0,10.780000000000001,0.0,0.0,0.7210453295254478,0.302505,125.76190476190476,10.858095238095236,0.004032813475742953,0.0,5.0,896.0,0.005580357142857143,0.037037037037037035,0.15491651205936902,,,0.0008663125163679383,0.03512338639030758,0.11321469140477095,0.14660994649592152,0.38373797261453807,0.0,0,0,0,0,1,1,0.037037037037037035,0.11321469140477095,,0.7210453295254478,10.780000000000001,0.302505
2026-09-03,4,SH019,普陀区第1支行,小微专营支行,普陀区,0,6,15,139,224,137,12.33,33.64,1,0,5,4.57,0.29505000000000003,500,0.722,0.007194244604316547,0.0,0.03597122302158273,9.266666666666667,23.166666666666668,0.6177777777777778,133.0,11.120000000000001,0.011029411764705881,0.0,0.7213114754098361,0.30932000000000004,125.80952380952381,10.927619047619048,0.004032813475742953,0.0,4.0,905.0,0.004419889502762431,0.045112781954887216,0.10881294964028768,-0.3477218225419663,,0.0009545454545453872,-0.04613345402819088,0.1048448145344436,0.1283336238452152,0.09598163400011155,0.0,0,0,0,0,1,1,0.045112781954887216,0.1048448145344436,,0.7213114754098361,11.120000000000001,0.30932000000000004
2026-09-04,5,SH019,普陀区第1支行,小微专营支行,普陀区,0,6,14,146,235,144,12.05,31.86,1,0,2,4.511,0.30429,525,0.7219047619047619,0.00684931506849315,0.0,0.0136986301369863,10.428571428571429,24.333333333333332,0.6488888888888888,138.0,11.315000000000001,0.0,0.0,0.7216193037851324,0.299615,125.95238095238095,10.980952380952381,0.00402525649611657,0.0,5.0,915.0,0.00546448087431694,0.057971014492753624,0.0649580203269995,,,0.00039557993824752504,0.015603357642307577,0.15916824196597357,0.09735472679965314,0.3575484890438371,0.0,0,0,0,0,1,0,0.057971014492753624,0.15916824196597357,,0.7216193037851324,11.315000000000001,0.299615
2026-09-05,6,SH019,普陀区第1支行,小微专营支行,普陀区,0,6,14,159,254,156,14.73,42.76,1,0,5,4.437,0.28889000000000004,569,0.7205623901581723,0.006289308176100629,0.0,0.031446540880503145,11.357142857142858,26.5,0.7066666666666667,148.5,13.035,0.006734083076364956,0.0,0.721531977276892,0.301365,126.23809523809524,10.966666666666667,0.004351414356521006,0.0,5.0,926.0,0.005399568034557235,0.0707070707070707,0.13003452243958574,-0.06604832390995916,,-0.0013437895329033568,-0.041394986146367226,0.2595247076574877,0.343161094224924,0.24087655004986408,0.0,0,0,0,0,2,0,0.0707070707070707,0.2595247076574877,,0.721531977276892,13.035,0.301365
2026-09-06,7,SH019,普陀区第1支行,小微专营支行,普陀区,0,6,14,47,75,46,5.97,14.54,0,0,1,4.559,0.30681,168,0.7202380952380952,0.0,0.0,0.02127659574468085,3.357142857142857,7.833333333333333,0.20888888888888887,43.5,4.895,0.0,0.0,0.720248447204969,0.298775,126.71428571428571,11.057619047619047,0.0043313142984318384,0.0,5.0,929.0,0.005382131324004306,0.08045977011494253,0.21961184882533202,,,-1.4372772220313845e-05,0.02689314701698607,-0.629086809470124,-0.4601007708539684,0.2426092758849013,0.0,0,0,0,0,3,0,0.08045977011494253,-0.629086809470124,,0.720248447204969,4.895,0.298775
2026-09-07,1,SH019,普陀区第1支行,小微专营支行,普陀区,0,6,14,163,262,161,15.28,48.89,0,0,5,4.593,0.30796,586,0.7218430034129693,0.0,0.0,0.03067484662576687,11.642857142857142,27.166666666666668,0.7244444444444444,151.5,13.870000000000001,0.006803980560055543,0.0,0.7214619492656875,0.306465,126.9047619047619,11.068571428571428,0.0043313142984318384,0.0,4.0,938.0,0.0042643923240938165,0.07590759075907591,0.10165825522710874,-1.0,,0.0005281694310691999,0.004878207951968493,0.2844277673545967,0.380485286525555,-0.015450731516355471,0.0,0,0,0,0,2,0,0.07590759075907591,0.2844277673545967,,0.7214619492656875,13.870000000000001,0.306465
2026-09-08,2,SH019,普陀区第1支行,小微专营支行,普陀区,0,6,14,153,245,150,12.12,31.61,0,0,0,4.37,0.31741,548,0.7208029197080292,0.0,0.0,0.0,10.928571428571429,25.5,0.68,141.0,11.195,0.0069204980842911875,0.0,0.7213410702772405,0.30452500000000005,127.57142857142857,11.191904761904762,0.004011723374814069,0.0,3.0,947.0,0.0031678986272439284,0.0851063829787234,0.08262617239839204,-1.0,,-0.0007460417705100525,0.04231179706099656,0.19932810750279958,0.08292558396800397,-0.21033971406596524,0.0,0,0,0,0,2,0,0.0851063829787234,0.19932810750279958,,0.7213410702772405,11.195,0.30452500000000005
2026-09-09,3,SH019,普陀区第1支行,小微专营支行,普陀区,0,6,15,148,237,145,12.98,41.25,4,0,12,4.486,0.29781,530,0.720754716981132,0.02702702702702703,0.0,0.08108108108108109,9.866666666666667,24.666666666666668,0.6577777777777778,135.5,10.780000000000001,0.0,0.0,0.7214809365566577,0.307885,128.28571428571428,11.244761904761905,0.004011723374814069,0.0,7.0,955.0,0.007329842931937173,0.09225092250922509,0.20408163265306115,,,-0.0010065679337164654,-0.032723257060266006,0.15367483296213816,0.15431523672397732,0.8271057715381208,0.0,0,0,0,0,3,0,0.09225092250922509,0.15367483296213816,,0.7214809365566577,10.780000000000001,0.307885
2026-09-10,4,SH019,普陀区第1支行,小微专营支行,普陀区,0,6,15,145,232,142,12.69,30.44,1,0,0,4.51,0.30655000000000004,519,0.720616570327553,0.006896551724137931,0.0,0.0,9.666666666666666,24.166666666666668,0.6444444444444445,133.0,11.510000000000002,0.007273592890393568,0.0,0.7214694422017061,0.307275,129.04761904761904,11.359523809523811,0.0052987246618153554,0.0,7.0,961.0,0.007284079084287201,0.09022556390977443,0.10251954821893985,-0.05183699059561132,,-0.0011821316666584714,-0.0023594500040679377,0.12361623616236171,0.11712429260113166,0.3746853345256967,0.0,0,0,0,0,2,0,0.09022556390977443,0.12361623616236171,,0.7214694422017061,11.510000000000002,0.307275
2026-09-11,5,SH019,普陀区第1支行,小微专营支行,普陀区,0,6,14,150,240,147,13.0,40.66,0,0,3,4.5,0.30009,537,0.7206703910614525,0.0,0.0,0.02,10.714285714285714,25.0,0.6666666666666666,138.0,11.72,0.0,0.0,0.7217756853561657,0.299615,129.8095238095238,11.440000000000001,0.005627131886774305,0.0,6.0,965.0,0.0062176165803108805,0.08695652173913043,0.10921501706484636,,,-0.0015313542934987639,0.0015853678887906252,0.15553925165077048,0.13636363636363624,0.1049352859357034,0.0,0,0,0,0,1,0,0.08695652173913043,0.15553925165077048,,0.7217756853561657,11.72,0.299615
2026-09-12,6,SH019,普陀区第1支行,小微专营支行,普陀区,0,6,14,160,257,158,13.28,31.11,0,0,2,4.505,0.30599000000000004,575,0.7217391304347827,0.0,0.0,0.0125,11.428571428571429,26.666666666666668,0.7111111111111111,148.5,13.23,0.006734083076364956,0.0,0.7213879648696693,0.301365,130.61904761904762,11.527619047619048,0.005627131886774305,0.0,5.0,966.0,0.005175983436853002,0.07744107744107744,0.0037792894935751273,-1.0,,0.00048679154936668656,0.015346838551258592,0.22493620123951877,0.1520158625247851,-0.08017378284338006,0.0,0,0,0,0,1,0,0.07744107744107744,0.22493620123951877,,0.7213879648696693,13.23,0.301365
2026-09-13,7,SH019,普陀区第1支行,小微专营支行,普陀区,0,6,14,47,75,46,5.64,15.53,0,0,0,4.602,0.29845000000000005,168,0.7202380952380952,0.0,0.0,0.0,3.357142857142857,7.833333333333333,0.20888888888888887,43.5,5.33,0.0,0.0,0.7201190476190475,0.304115,131.47619047619048,11.583333333333334,0.004956441075238423,0.0,5.0,966.0,0.005175983436853002,0.08045977011494253,0.0581613508442776,,,0.00016531658125319162,-0.018627821712181164,-0.642520825787758,-0.5130935251798562,0.04429435522019563,0.0,0,0,0,0,1,0,0.08045977011494253,-0.642520825787758,,0.7201190476190475,5.33,0.304115
2026-09-14,1,SH019,普陀区第1支行,小微专营支行,普陀区,0,6,14,161,258,158,14.99,46.75,1,0,4,4.341,0.32994,577,0.7209705372616985,0.006211180124223602,0.0,0.024844720496894408,11.5,26.833333333333332,0.7155555555555555,151.5,13.870000000000001,0.006602457944739824,0.0,0.721507157222288,0.309105,131.71428571428572,11.617619047619048,0.004956441075238423,0.0,6.0,964.0,0.006224066390041493,0.0627062706270627,0.08074981975486656,-0.05926244798392885,,-0.0007437486312061439,0.06740428009899546,0.2223427331887201,0.29028159199901626,0.25575312922328913,0.0,0,0,0,0,0,0,0.0627062706270627,0.2223427331887201,,0.721507157222288,13.870000000000001,0.309105
2026-09-15,2,SH019,普陀区第1支行,小微专营支行,普陀区,0,6,14,149,239,146,13.14,41.32,1,0,7,4.479,0.30158,534,0.7209737827715356,0.006711409395973154,0.0,0.04697986577181208,10.642857142857142,24.833333333333332,0.6622222222222222,141.0,11.195,0.003472222222222222,0.0,0.7210075204600752,0.30906,132.47619047619048,11.692380952380953,0.00492380433238536,0.0,7.0,960.0,0.007291666666666667,0.05673758865248227,0.17373827601607864,0.9328859060402686,,-4.679242252302699e-05,-0.02420242024202416,0.1247304097771387,0.12380874806548832,0.4809009811188384,0.0,0,0,0,0,1,0,0.05673758865248227,0.1247304097771387,,0.7210075204600752,11.195,0.30906
2026-09-16,3,SH019,普陀区第1支行,小微专营支行,普陀区,0,6,14,142,228,140,12.25,37.88,1,0,5,4.563,0.30742,510,0.7215686274509804,0.007042253521126761,0.0,0.035211267605633804,10.142857142857142,23.666666666666668,0.6311111111111112,136.0,11.51,0.0,0.0,0.7211368521614521,0.307885,133.0952380952381,11.803333333333333,0.00489325519998072,0.0,4.0,954.0,0.0041928721174004195,0.04411764705882353,0.0642919200695048,,,0.0005987425108481977,-0.0015103041720122552,0.06690518783542033,0.037842417396215806,-0.14313234318599619,0.0,0,0,0,0,1,0,0.04411764705882353,0.06690518783542033,,0.7211368521614521,11.51,0.307885
2026-09-17,4,SH019,普陀区第1支行,小微专营支行,普陀区,0,6,15,138,222,136,11.7,30.04,4,0,12,4.487,0.29301000000000005,496,0.7217741935483871,0.028985507246376812,0.0,0.08695652173913043,9.2,23.0,0.6133333333333333,134.5,12.07,0.007045398164227239,0.0,0.7211219896605645,0.30535,133.57142857142858,11.888095238095238,0.005228600605748661,0.0,7.0,947.0,0.007391763463569166,0.026022304832713755,-0.030654515327257745,3.1141049193713,,0.0009044293436809581,-0.04041264123137371,0.03315508021390365,-0.015822151011416003,0.4137173635794984,0.0,0,0,0,0,1,0,0.026022304832713755,0.03315508021390365,,0.7211219896605645,12.07,0.30535
2026-09-18,5,SH019,普陀区第1支行,小微专营支行,普陀区,0,6,14,142,228,140,12.08,31.97,0,0,3,4.598,0.28822000000000003,510,0.7215686274509804,0.0,0.0,0.02112676056338028,10.142857142857142,23.666666666666668,0.6311111111111112,141.0,11.72,0.0,0.0,0.7215276973929596,0.30081,133.95238095238096,11.882857142857144,0.005876262122975396,0.0,7.0,939.0,0.007454739084132056,0.0070921985815602835,0.030716723549488005,,,5.6726939476667175e-05,-0.041853661779861,0.060078208318521065,0.01659052656888663,0.26861922224078927,0.0,0,0,0,0,1,0,0.0070921985815602835,0.060078208318521065,,0.7215276973929596,11.72,0.30081
2026-09-19,6,SH019,普陀区第1支行,小微专营支行,普陀区,0,6,14,152,243,149,13.24,29.71,0,0,2,4.429,0.30561000000000005,544,0.7205882352941176,0.0,0.0,0.013157894736842105,10.857142857142858,25.333333333333332,0.6755555555555556,153.5,13.46,0.006523032466428693,0.0,0.7214246150437575,0.30456000000000005,134.23809523809524,11.915714285714285,0.005876262122975396,0.0,7.0,931.0,0.007518796992481203,-0.009771986970684038,-0.016344725111441354,-1.0,,-0.0011593446247868515,0.0034475965327029,0.13231642426392334,0.1111377532669944,0.27952035411826104,0.0,0,0,0,0,1,0,-0.009771986970684038,0.13231642426392334,,0.7214246150437575,13.46,0.30456000000000005
2026-06-22,1,SH020,普陀区第2支行,小微专营支行,普陀区,0,5,12,94,187,115,7.41,15.45,1,0,0,4.482,0.28594,396,0.7626262626262627,0.010638297872340425,0.0,0.0,7.833333333333333,18.8,0.5013333333333333,,,,,,,,,,,,,,,,,,,,,,,,0,0,0,0,0,0,,,,,,
2026-06-23,2,SH020,普陀区第2支行,小微专营支行,普陀区,0,5,13,87,175,107,6.32,12.65,0,0,1,4.607,0.29464,369,0.7642276422764228,0.0,0.0,0.011494252873563218,6.6923076923076925,17.4,0.46399999999999997,,,,,,,,,,,,,,,,,,,,,,,,0,0,0,0,0,0,,,,,,
2026-06-24,3,SH020,普陀区第2支行,小微专营支行,普陀区,0,5,14,84,169,103,5.57,11.18,0,0,3,4.601,0.28197,356,0.7640449438202247,0.0,0.0,0.03571428571428571,6.0,16.8,0.448,,,,,,,,,,,,,,,,,,,,,,,,0,0,0,0,0,0,,,,,,
2026-06-25,4,SH020,普陀区第2支行,小微专营支行,普陀区,0,5,13,83,166,102,6.35,17.37,2,0,6,4.469,0.28814,351,0.7635327635327636,0.024096385542168676,0.0,0.07228915662650602,6.384615384615385,16.6,0.4426666666666667,,,,,,,,,,,,,,,,,,,,,,,,0,0,0,0,0,0,,,,,,
2026-06-26,5,SH020,普陀区第2支行,小微专营支行,普陀区,0,5,13,87,174,106,6.73,18.87,0,0,1,4.567,0.27134,367,0.7629427792915532,0.0,0.0,0.011494252873563218,6.6923076923076925,17.4,0.46399999999999997,,,,,,,,,,,3.0,435.0,0.006896551724137931,,,,,,,,,,,0,0,0,0,0,0,,,,,,
2026-06-27,6,SH020,普陀区第2支行,小微专营支行,普陀区,0,5,13,94,188,115,6.5,13.54,0,0,2,4.497,0.27577,397,0.7632241813602015,0.0,0.0,0.02127659574468085,7.230769230769231,18.8,0.5013333333333333,,,,,,,87.0,6.476000000000001,0.006946936682901821,0.0,3.0,529.0,0.005671077504725898,,,,,,,0.08045977011494253,0.0037059913526867093,-0.18365781011307283,,0,0,0,0,0,0,,0.08045977011494253,,,,
2026-06-28,7,SH020,普陀区第2支行,小微专营支行,普陀区,0,5,13,28,56,34,1.83,4.4,0,0,2,4.533,0.27236000000000005,118,0.7627118644067796,0.0,0.0,0.07142857142857142,2.1538461538461537,5.6,0.14933333333333332,,,,,,,88.16666666666667,6.48,0.005789113902418184,0.0,3.0,557.0,0.005385996409335727,,,,,,,-0.6824196597353497,-0.7175925925925926,-0.06963371249511421,,0,0,0,0,0,0,,-0.6824196597353497,,,,
2026-06-29,1,SH020,普陀区第2支行,小微专营支行,普陀区,0,5,14,98,195,120,8.42,23.73,1,0,4,4.413,0.27798,413,0.7627118644067796,0.01020408163265306,0.0,0.04081632653061224,7.0,19.6,0.5226666666666667,,,,,,,79.57142857142857,5.815714285714286,0.004962097630644158,0.0,3.0,561.0,0.0053475935828877,,,,,,,0.2315978456014363,0.44780152296732983,0.07768810308423917,,0,0,0,0,0,0,,0.2315978456014363,,,,
2026-06-30,2,SH020,普陀区第2支行,小微专营支行,普陀区,0,5,12,92,184,113,6.38,17.78,0,0,3,4.525,0.27029000000000003,389,0.7634961439588689,0.0,0.0,0.03260869565217391,7.666666666666667,18.4,0.49066666666666664,,,,,,,81.875,6.14125,0.00561734563089527,0.0,3.0,566.0,0.00530035335689046,,,,,,,0.12366412213740458,0.038876450234072796,-0.05643097199883168,,0,0,0,0,0,0,,0.12366412213740458,,,,
2026-07-01,3,SH020,普陀区第2支行,小微专营支行,普陀区,0,5,13,90,180,110,7.02,17.97,1,0,2,4.496,0.27636000000000005,380,0.7631578947368421,0.011111111111111112,0.0,0.022222222222222223,6.923076923076923,18.0,0.48,,,,,,,83.0,6.167777777777777,0.004993196116351351,0.0,4.0,572.0,0.006993006993006993,,,,,,,0.08433734939759036,0.13817330210772835,0.4005071761765591,,0,0,0,0,0,0,,0.08433734939759036,,,,
2026-07-02,4,SH020,普陀区第2支行,小微专营支行,普陀区,0,5,13,89,178,109,6.46,17.43,0,0,1,4.5600000000000005,0.27072,376,0.7632978723404256,0.0,0.0,0.011235955056179775,6.846153846153846,17.8,0.4746666666666667,,,,,,,83.7,6.253,0.005604987615827327,0.0,2.0,578.0,0.0034602076124567475,,,,,,,0.06332138590203103,0.033104110027186925,-0.3826556185983648,,0,0,0,0,0,0,,0.06332138590203103,,,,
2026-07-03,5,SH020,普陀区第2支行,小微专营支行,普陀区,0,5,13,94,187,115,6.8100000000000005,18.44,1,0,1,4.611,0.294,396,0.7626262626262627,0.010638297872340425,0.0,0.010638297872340425,7.230769230769231,18.8,0.5013333333333333,,,,,,,84.18181818181819,6.2718181818181815,0.005095443287115752,0.0,3.0,585.0,0.005128205128205128,,,,,,,0.11663066954643622,0.08580953761414711,0.006429635115793985,,0,0,0,0,0,0,,0.11663066954643622,,,,
2026-07-04,6,SH020,普陀区第2支行,小微专营支行,普陀区,0,5,13,102,203,125,7.5,15.66,1,0,5,4.632,0.29333000000000004,430,0.7627906976744186,0.00980392156862745,0.0,0.049019607843137254,7.846153846153846,20.4,0.5439999999999999,,,,,,,85.0,6.316666666666666,0.005557347835884474,0.0,4.0,593.0,0.006745362563237774,,,,,,,0.2,0.187335092348285,0.21377368529681426,,0,0,0,0,0,0,,0.2,,,,
2026-07-05,7,SH020,普陀区第2支行,小微专营支行,普陀区,0,5,13,30,60,37,2.58,6.46,0,0,1,4.54,0.27983,127,0.7637795275590551,0.0,0.0,0.03333333333333333,2.3076923076923075,6.0,0.16,,,,,,,86.3076923076923,6.407692307692307,0.005884007353787781,0.0,4.0,595.0,0.0067226890756302525,,,,,,,-0.6524064171122994,-0.5973589435774309,0.14253580449769096,,0,0,0,0,0,0,,-0.6524064171122994,,,,
2026-07-06,1,SH020,普陀区第2支行,小微专营支行,普陀区,0,5,13,105,210,129,8.89,21.2,0,0,1,4.5120000000000005,0.27651000000000003,444,0.7635135135135135,0.0,0.0,0.009523809523809525,8.076923076923077,21.0,0.56,96.0,7.915,0.010421189752496743,0.0,0.7626690635165212,0.28196,82.28571428571429,6.134285714285714,0.005463721114231511,0.0,3.0,602.0,0.0049833887043189366,0.09375,0.12318382817435256,-1.0,,0.0011072299079481394,-0.019328982834444442,0.2760416666666666,0.4492314857941314,-0.08791305410179864,0.0,0,0,0,0,1,0,0.09375,0.2760416666666666,,0.7626690635165212,7.915,0.28196
2026-07-07,2,SH020,普陀区第2支行,小微专营支行,普陀区,0,5,14,99,197,121,7.7,23.81,1,0,5,4.664,0.31422,417,0.762589928057554,0.010101010101010102,0.0,0.050505050505050504,7.071428571428571,19.8,0.528,89.5,6.35,0.0,0.0,0.7638618931176459,0.282465,83.8,6.318,0.00509947303994941,0.0,4.0,609.0,0.006568144499178982,0.10614525139664804,0.2125984251968505,,,-0.0016651767440583147,0.11242100791248465,0.1813842482100239,0.21874010762899662,0.28800455414195925,0.0,0,0,0,0,2,0,0.10614525139664804,0.1813842482100239,,0.7638618931176459,6.35,0.282465
2026-07-08,3,SH020,普陀区第2支行,小微专营支行,普陀区,0,5,13,95,191,117,6.82,17.63,0,0,2,4.707,0.26503000000000004,403,0.7642679900744417,0.0,0.0,0.021052631578947368,7.3076923076923075,19.0,0.5066666666666667,87.0,6.295,0.005555555555555556,0.0,0.7636014192785334,0.279165,84.75,6.404375,0.005412069106265703,0.0,3.0,614.0,0.004885993485342019,0.09195402298850575,0.08339952343129474,-1.0,,0.0008729302736734712,-0.05063313810828705,0.12094395280235988,0.06489704303698648,-0.09720415807599936,0.0,0,0,0,0,2,0,0.09195402298850575,0.12094395280235988,,0.7636014192785334,6.295,0.279165
2026-07-09,4,SH020,普陀区第2支行,小微专营支行,普陀区,0,5,14,94,188,115,6.87,15.54,0,0,1,4.646,0.28597,397,0.7632241813602015,0.0,0.0,0.010638297872340425,6.714285714285714,18.8,0.5013333333333333,86.0,6.404999999999999,0.012048192771084338,0.0,0.7634153179365946,0.27943,85.3529411764706,6.4288235294117655,0.00509371210001478,0.0,3.0,619.0,0.004846526655896607,0.09302325581395349,0.07259953161592518,-1.0,,-0.0002503703710185442,0.023404788319078086,0.1013094417643004,0.06862475981334054,-0.04852756482201952,0.0,0,0,0,0,2,0,0.09302325581395349,0.1013094417643004,,0.7634153179365946,6.404999999999999,0.27943
2026-07-10,5,SH020,普陀区第2支行,小微专营支行,普陀区,0,5,13,97,195,119,8.1,16.38,0,0,1,4.362,0.29284000000000004,411,0.7639902676399026,0.0,0.0,0.010309278350515464,7.461538461538462,19.4,0.5173333333333333,90.5,6.7700000000000005,0.005319148936170213,0.0,0.7627845209589079,0.28267,85.83333333333333,6.453333333333333,0.004810728094458403,0.0,2.0,622.0,0.003215434083601286,0.0718232044198895,0.19645494830132926,-1.0,,0.0015807172902236536,0.035978349311918734,0.13009708737864084,0.2551652892561983,-0.33161176011896737,0.0,0,0,0,0,3,0,0.0718232044198895,0.13009708737864084,,0.7627845209589079,6.7700000000000005,0.28267
2026-07-11,6,SH020,普陀区第2支行,小微专营支行,普陀区,0,5,13,104,209,128,7.77,21.83,1,0,5,4.534,0.29315,441,0.764172335600907,0.009615384615384616,0.0,0.04807692307692308,8.0,20.8,0.5546666666666666,98.0,7.0,0.004901960784313725,0.0,0.7630074395173101,0.28455,86.42105263157895,6.54,0.004557531878960592,0.0,2.0,624.0,0.003205128205128205,0.061224489795918366,0.10999999999999995,0.9615384615384617,,0.0015267165472644202,0.030223159374450873,0.2034104750304507,0.18807339449541277,-0.2967403651251741,0.0,0,0,0,0,2,0,0.061224489795918366,0.2034104750304507,,0.7630074395173101,7.0,0.28455
2026-07-12,7,SH020,普陀区第2支行,小微专营支行,普陀区,0,5,13,30,61,37,1.8900000000000001,5.44,0,0,1,4.553,0.26897000000000004,128,0.765625,0.0,0.0,0.03333333333333333,2.3076923076923075,6.0,0.16,29.0,2.205,0.0,0.0,0.7632456959829174,0.27609500000000003,87.3,6.6015,0.004810424515781794,0.0,2.0,624.0,0.003205128205128205,0.034482758620689655,-0.14285714285714282,,,0.0031173500611995485,-0.02580633477607342,-0.6563573883161512,-0.7137014314928425,-0.3337119843346497,0.0,0,0,0,0,1,1,0.034482758620689655,-0.6563573883161512,,0.7632456959829174,2.205,0.27609500000000003
2026-07-13,1,SH020,普陀区第2支行,小微专营支行,普陀区,0,5,13,105,210,129,8.85,21.74,0,0,2,4.635,0.27396000000000004,444,0.7635135135135135,0.0,0.0,0.01904761904761905,8.076923076923077,21.0,0.56,98.0,8.42,0.01020408163265306,0.0,0.7627118644067796,0.27798,84.57142857142857,6.377142857142856,0.004581356681696946,0.0,2.0,624.0,0.003205128205128205,0.07142857142857142,0.051068883610451275,-1.0,,0.0010510510510510602,-0.014461472048348687,0.24155405405405408,0.3877688172043012,-0.30039758355138213,0.0,0,0,0,0,1,1,0.07142857142857142,0.24155405405405408,,0.7627118644067796,8.42,0.27798
2026-07-14,2,SH020,普陀区第2支行,小微专营支行,普陀区,0,5,14,97,195,119,6.42,18.1,0,0,1,4.514,0.2873,411,0.7639902676399026,0.0,0.0,0.010309278350515464,6.928571428571429,19.4,0.5173333333333333,92.0,6.38,0.0,0.0,0.7634961439588689,0.29464,85.0952380952381,6.445714285714287,0.004074771068728354,0.0,1.0,622.0,0.001607717041800643,0.05434782608695652,0.006269592476489034,,,0.0006471855620273595,-0.02491175672006521,0.13989927252378279,-0.00398936170212781,-0.6054460447756207,0.0,0,0,0,0,1,1,0.05434782608695652,0.13989927252378279,,0.7634961439588689,6.38,0.29464
2026-07-15,3,SH020,普陀区第2支行,小微专营支行,普陀区,0,5,13,93,186,114,8.2,17.02,1,0,4,4.549,0.29007000000000005,393,0.7633587786259542,0.010752688172043012,0.0,0.043010752688172046,7.153846153846154,18.6,0.49600000000000005,90.0,6.82,0.0,0.0,0.7640449438202247,0.27636000000000005,85.57142857142857,6.4504761904761905,0.004074771068728354,0.0,2.0,620.0,0.0032258064516129032,0.03333333333333333,0.20234604105571832,,,-0.0008980691513245588,0.04960920538428136,0.08681135225375629,0.2712239775579506,-0.2083465801626971,0.0,0,0,0,0,1,1,0.03333333333333333,0.08681135225375629,,0.7640449438202247,6.82,0.27636000000000005
2026-07-16,4,SH020,普陀区第2支行,小微专营支行,普陀区,0,5,13,90,181,111,6.54,13.16,1,0,2,4.551,0.26777,382,0.7643979057591623,0.011111111111111112,0.0,0.022222222222222223,6.923076923076923,18.0,0.48,89.0,6.46,0.0,0.0,0.7632978723404256,0.28597,86.0,6.575714285714285,0.00458680383882564,0.0,3.0,616.0,0.00487012987012987,0.011235955056179775,0.01238390092879258,,,0.0014411587646168107,-0.06364303947966568,0.046511627906976744,-0.00543124049532898,0.061769816469145006,0.0,0,0,0,0,1,1,0.011235955056179775,0.046511627906976744,,0.7632978723404256,6.46,0.28597
2026-07-17,5,SH020,普陀区第2支行,小微专营支行,普陀区,0,5,13,93,186,114,6.45,13.65,0,0,3,4.594,0.29185,393,0.7633587786259542,0.0,0.0,0.03225806451612903,7.153846153846154,18.6,0.49600000000000005,94.0,6.8100000000000005,0.0,0.0,0.7629427792915532,0.29284000000000004,86.33333333333333,6.584761904761905,0.003968457437346709,0.0,3.0,612.0,0.004901960784313725,-0.010638297872340425,-0.05286343612334806,,,0.000545256270447107,-0.0033806856986752024,0.07722007722007727,-0.020465721724038165,0.2352307821628426,0.0,0,0,0,0,1,0,-0.010638297872340425,0.07722007722007727,,0.7629427792915532,6.8100000000000005,0.29284000000000004
2026-07-18,6,SH020,普陀区第2支行,小微专营支行,普陀区,0,5,12,99,198,122,6.7,17.89,0,0,2,4.602,0.27144,419,0.7637231503579952,0.0,0.0,0.020202020202020204,8.25,19.8,0.528,102.0,7.5,0.009615384615384616,0.0,0.7632241813602015,0.29315,86.61904761904762,6.571428571428571,0.003968457437346708,0.0,2.0,607.0,0.0032948929159802307,-0.029411764705882353,-0.10666666666666665,-1.0,,0.000653764660475534,-0.07405764966740579,0.14293567894447498,0.019565217391304415,-0.1697295566351896,0.0,0,0,0,0,1,0,-0.029411764705882353,0.14293567894447498,,0.7632241813602015,7.5,0.29315
2026-07-19,7,SH020,普陀区第2支行,小微专营支行,普陀区,0,5,12,29,58,35,3.08,8.96,0,0,0,4.438,0.29532,122,0.7622950819672131,0.0,0.0,0.0,2.4166666666666665,5.8,0.15466666666666667,30.0,1.8900000000000001,0.0,0.0,0.7637795275590551,0.27236000000000005,86.85714285714286,6.5809523809523816,0.003968457437346708,0.0,2.0,606.0,0.0033003300330033004,-0.03333333333333333,0.6296296296296295,,,-0.0019435524759168726,0.08430019092377727,-0.6661184210526316,-0.5319826338639653,-0.16835947339531368,0.0,0,0,0,0,2,0,-0.03333333333333333,-0.6661184210526316,,0.7637795275590551,1.8900000000000001,0.27236000000000005
2026-07-20,1,SH020,普陀区第2支行,小微专营支行,普陀区,0,5,14,99,199,122,7.94,17.37,1,0,2,4.532,0.29752,420,0.7642857142857142,0.010101010101010102,0.0,0.020202020202020204,7.071428571428571,19.8,0.528,101.5,8.635,0.00510204081632653,0.0,0.7631126889601465,0.277245,86.9047619047619,6.64047619047619,0.003968457437346708,0.0,3.0,600.0,0.005,-0.024630541871921183,-0.08048639258830335,0.9797979797979801,,0.0015371587218214829,0.07313026384605668,0.1391780821917809,0.1956973825743996,0.25993539780609975,0.0,0,0,0,0,1,0,-0.024630541871921183,0.1391780821917809,,0.7631126889601465,8.635,0.277245
2026-07-21,2,SH020,普陀区第2支行,小微专营支行,普陀区,0,5,13,92,185,113,6.8,15.98,1,0,6,4.71,0.27514,390,0.764102564102564,0.010869565217391304,0.0,0.06521739130434782,7.076923076923077,18.4,0.49066666666666664,94.5,6.4,0.0,0.0,0.7637432057993858,0.29097,86.95238095238095,6.617619047619048,0.003963549269173234,0.0,4.0,595.0,0.0067226890756302525,-0.026455026455026454,0.06249999999999992,,,0.0004705224222611678,-0.054404234113482525,0.058050383351588214,0.02755990501547092,0.696128550215437,0.0,0,0,0,0,1,0,-0.026455026455026454,0.058050383351588214,,0.7637432057993858,6.4,0.29097
2026-07-22,3,SH020,普陀区第2支行,小微专营支行,普陀区,0,5,13,164,177,109,6.8100000000000005,15.77,1,0,3,4.535,0.27215,450,0.6355555555555555,0.006097560975609756,0.0,0.018292682926829267,12.615384615384615,32.8,0.8746666666666666,91.5,6.92,0.005376344086021506,0.0,0.7637018612230895,0.279165,86.95238095238095,6.637619047619048,0.004481147612858534,0.0,4.0,666.0,0.006006006006006006,0.7923497267759563,-0.015895953757225353,0.1341463414634146,,-0.16779624638115206,-0.025128508229899857,0.8860898138006572,0.02597029916062844,0.34028300892653723,0.0,0,1,0,0,1,0,0.7923497267759563,0.8860898138006572,,0.7637018612230895,6.92,0.279165
2026-07-23,4,SH020,普陀区第2支行,小微专营支行,普陀区,0,5,13,161,174,107,6.41,14.82,2,0,7,4.6530000000000005,0.27264000000000005,442,0.6357466063348416,0.012422360248447204,0.0,0.043478260869565216,12.384615384615385,32.2,0.8586666666666667,89.5,6.5,0.005555555555555556,0.0,0.7634153179365946,0.278345,90.47619047619048,6.6276190476190475,0.004242407130215613,0.0,5.0,737.0,0.0067842605156037995,0.7988826815642458,-0.013846153846153824,1.2360248447204967,,-0.16723362578946377,-0.020496146868095207,0.7794736842105262,-0.03283517746802698,0.5991535718682902,0.0,0,2,0,0,1,0,0.7988826815642458,0.7794736842105262,,0.7634153179365946,6.5,0.278345
2026-07-24,5,SH020,普陀区第2支行,小微专营支行,普陀区,0,5,14,167,181,111,7.61,15.63,1,0,4,4.532,0.2677,459,0.6361655773420479,0.005988023952095809,0.0,0.023952095808383235,11.928571428571429,33.4,0.8906666666666666,93.5,6.7700000000000005,0.0,0.0,0.7631507789587537,0.292345,93.9047619047619,6.625238095238095,0.0048339480944273846,0.0,6.0,811.0,0.007398273736128237,0.786096256684492,0.12407680945347117,,,-0.16639595361478232,-0.08430108262498084,0.778397565922921,0.1486379644936391,0.5304826596415109,0.0,0,3,0,0,1,0,0.786096256684492,0.778397565922921,,0.7631507789587537,6.7700000000000005,0.292345
2026-07-25,6,SH020,普陀区第2支行,小微专营支行,普陀区,0,5,12,98,195,120,7.6,21.12,1,0,0,4.521,0.27783,413,0.7627118644067796,0.01020408163265306,0.0,0.0,8.166666666666666,19.6,0.5226666666666667,100.5,7.1,0.004807692307692308,0.0,0.7634736658590984,0.28446000000000005,97.38095238095238,6.663333333333332,0.004612506479177642,0.0,7.0,810.0,0.008641975308641974,-0.024875621890547265,0.07042253521126761,1.1224489795918364,,-0.0009978097299027696,-0.023307319130985108,0.006356968215158939,0.14057028514257142,0.873596351063065,0.0,0,3,0,0,1,0,-0.024875621890547265,0.006356968215158939,,0.7634736658590984,7.1,0.28446000000000005
2026-07-26,7,SH020,普陀区第2支行,小微专营支行,普陀区,0,5,13,29,58,35,1.62,5.14,0,0,3,4.552,0.27681,122,0.7622950819672131,0.0,0.0,0.10344827586206896,2.230769230769231,5.8,0.15466666666666667,29.5,2.2350000000000003,0.0,0.0,0.7632456959829174,0.27609500000000003,97.19047619047619,6.668095238095238,0.004631561720321718,0.0,7.0,810.0,0.008641975308641974,-0.01694915254237288,-0.2751677852348994,,,-0.0012454888651289083,0.002589688331914615,-0.7016168544830965,-0.7570520602727987,0.8658879726732184,0.0,0,3,0,0,1,1,-0.01694915254237288,-0.7016168544830965,,0.7632456959829174,2.2350000000000003,0.27609500000000003
2026-07-27,1,SH020,普陀区第2支行,小微专营支行,普陀区,0,5,14,101,201,123,8.41,20.39,0,0,1,4.624,0.29277000000000003,425,0.7623529411764706,0.0,0.0,0.009900990099009901,7.214285714285714,20.2,0.5386666666666666,102.0,8.635,0.005050505050505051,0.0,0.7635135135135135,0.277245,97.14285714285714,6.6223809523809525,0.004631561720321718,0.0,6.0,812.0,0.007389162561576354,-0.00980392156862745,-0.026056745801968692,-1.0,,-0.0015200416449765678,0.055997403018990456,0.03970588235294122,0.26993600345149926,0.595393305276538,0.0,0,2,0,0,1,1,-0.00980392156862745,0.03970588235294122,,0.7635135135135135,8.635,0.277245
2026-07-28,2,SH020,普陀区第2支行,小微专营支行,普陀区,0,5,13,95,190,116,7.77,20.08,0,0,0,4.579,0.2727,401,0.7630922693266833,0.0,0.0,0.0,7.3076923076923075,19.0,0.5066666666666667,94.5,6.609999999999999,0.005050505050505051,0.0,0.7637432057993858,0.28122,96.95238095238095,6.599523809523809,0.004631561720321718,0.0,5.0,815.0,0.006134969325153374,0.005291005291005291,0.17549167927382758,-1.0,,-0.0008522975625311391,-0.030296564966929902,-0.020137524557956744,0.17735767371383213,0.32460057656906843,0.0,0,1,0,0,2,1,0.005291005291005291,-0.020137524557956744,,0.7637432057993858,6.609999999999999,0.28122
2026-07-29,3,SH020,普陀区第2支行,小微专营支行,普陀区,0,5,12,92,185,113,6.8,20.43,2,0,4,4.526,0.29005000000000003,390,0.764102564102564,0.021739130434782608,0.0,0.043478260869565216,7.666666666666667,18.4,0.49066666666666664,94.0,6.92,0.008425124573826385,0.0,0.7632583366813982,0.274255,96.76190476190476,6.602857142857142,0.004150561239321237,0.0,6.0,743.0,0.008075370121130552,-0.02127659574468085,-0.01734104046242776,1.580274065301979,,0.0011060834590245101,0.057592386647463134,-0.049212598425196825,0.02985720467330166,0.9456091972880177,0.0,0,0,0,0,1,1,-0.02127659574468085,-0.049212598425196825,,0.7632583366813982,6.92,0.274255
2026-07-30,4,SH020,普陀区第2支行,小微专营支行,普陀区,0,5,14,92,183,112,7.22,18.17,1,0,3,4.661,0.29245000000000004,387,0.7622739018087855,0.010869565217391304,0.0,0.03260869565217391,6.571428571428571,18.4,0.49066666666666664,92.0,6.5,0.005555555555555556,0.0,0.7632610268503135,0.27168000000000003,96.61904761904762,6.601904761904763,0.005185757926691838,0.0,5.0,674.0,0.00741839762611276,0.0,0.11076923076923073,0.9565217391304347,,-0.0012932994176336615,0.07645023557126034,-0.04780680137999015,0.0936237738026542,0.4305329579557129,0.0,0,0,0,0,1,1,0.0,-0.04780680137999015,,0.7632610268503135,6.5,0.27168000000000003
2026-07-31,5,SH020,普陀区第2支行,小微专营支行,普陀区,0,5,12,96,193,118,6.91,18.78,0,0,0,4.559,0.29042,407,0.7641277641277642,0.0,0.0,0.0,8.0,19.2,0.512,95.5,7.210000000000001,0.0029940119760479044,0.0,0.7629925206261085,0.292345,96.52380952380952,6.618571428571429,0.005703356270377138,0.0,4.0,603.0,0.006633499170812604,0.005235602094240838,-0.041608876560332964,-1.0,,0.0014878828703643765,-0.006584685901930972,-0.00542673902318692,0.04403194474422612,0.16308693624253628,0.0,0,0,0,0,1,0,0.005235602094240838,-0.00542673902318692,,0.7629925206261085,7.210000000000001,0.292345
2026-08-01,6,SH020,普陀区第2支行,小微专营支行,普陀区,0,5,13,104,207,127,7.35,18.07,1,0,3,4.575,0.27476,438,0.7625570776255708,0.009615384615384616,0.0,0.028846153846153848,8.0,20.8,0.5546666666666666,100.5,7.55,0.009709653092006033,0.0,0.7632569240162069,0.28549,96.47619047619048,6.561904761904763,0.005703356270377138,0.0,4.0,609.0,0.006568144499178982,0.03482587064676617,-0.026490066225165587,-0.009708737864077634,,-0.0009169211160949495,-0.037584503835510936,0.07798617966436322,0.12010159651669068,0.15162795164901371,0.0,0,0,0,0,1,0,0.03482587064676617,0.07798617966436322,,0.7632569240162069,7.55,0.28549
2026-08-02,7,SH020,普陀区第2支行,小微专营支行,普陀区,0,5,14,31,62,38,2.58,7.16,0,0,1,4.5440000000000005,0.28947,131,0.7633587786259542,0.0,0.0,0.03225806451612903,2.2142857142857144,6.2,0.16533333333333333,29.5,2.2350000000000003,0.0,0.0,0.763037304763134,0.27832,96.47619047619048,6.541904761904762,0.005703356270377137,0.0,4.0,611.0,0.006546644844517185,0.05084745762711865,0.1543624161073824,,,0.00042130818613123283,0.04006179936763435,-0.6786771964461994,-0.6056194497015577,0.14785830205278153,0.0,0,0,0,0,1,0,0.05084745762711865,-0.6786771964461994,,0.763037304763134,2.2350000000000003,0.27832
2026-08-03,1,SH020,普陀区第2支行,小微专营支行,普陀区,0,5,13,108,216,132,8.61,19.91,0,0,3,4.58,0.28705,456,0.7631578947368421,0.0,0.0,0.027777777777777776,8.307692307692308,21.6,0.5760000000000001,103.0,8.629999999999999,0.0,0.0,0.7635135135135135,0.28464,96.52380952380952,6.574761904761906,0.005703356270377137,0.0,4.0,618.0,0.006472491909385114,0.04854368932038835,-0.002317497103128572,,,-0.00046576618537485284,0.00846683530073083,0.11889491859891471,0.30955312522633416,0.1348566707997565,0.0,0,0,0,0,1,0,0.04854368932038835,0.11889491859891471,,0.7635135135135135,8.629999999999999,0.28464
2026-08-04,2,SH020,普陀区第2支行,小微专营支行,普陀区,0,5,13,102,203,125,8.25,19.23,0,0,4,4.602,0.2888,430,0.7627906976744186,0.0,0.0,0.0392156862745098,7.846153846153846,20.4,0.5439999999999999,96.0,7.25,0.005050505050505051,0.0,0.763541268483293,0.28122,96.66666666666667,6.563333333333333,0.005703356270377137,0.0,4.0,625.0,0.0064,0.0625,0.13793103448275862,-1.0,,-0.000983012758911184,0.026953986202972673,0.0551724137931034,0.2569832402234638,0.12214627608679922,0.0,0,0,0,0,2,0,0.0625,0.0551724137931034,,0.763541268483293,7.25,0.28122
2026-08-05,3,SH020,普陀区第2支行,小微专营支行,普陀区,0,5,14,99,198,121,7.51,22.01,0,0,3,4.733,0.26581000000000005,418,0.7631578947368421,0.0,0.0,0.030303030303030304,7.071428571428571,19.8,0.528,94.0,6.815,0.008425124573826385,0.0,0.7637306713642591,0.2811,96.9047619047619,6.650476190476191,0.005703356270377137,0.0,2.0,632.0,0.0031645569620253164,0.05319148936170213,0.10198092443140122,-1.0,,-0.0007499720109365159,-0.05439345428673059,0.021621621621621692,0.12924244594014028,-0.44514127962480265,0.0,0,0,0,0,2,0,0.05319148936170213,0.021621621621621692,,0.7637306713642591,6.815,0.2811
2026-08-06,4,SH020,普陀区第2支行,小微专营支行,普陀区,0,5,12,98,196,120,6.97,14.02,1,0,3,4.638,0.29149,414,0.7632850241545893,0.01020408163265306,0.0,0.030612244897959183,8.166666666666666,19.6,0.5226666666666667,93.0,6.705,0.010990338164251209,0.0,0.7627490415844935,0.279305,97.19047619047619,6.617619047619048,0.005191323500279851,0.0,2.0,638.0,0.003134796238244514,0.053763440860215055,0.03952274422073075,-0.07154070419376557,,0.0007026984510952294,0.04362614346323911,0.008329250367466935,0.05324890264085768,-0.39614700604277014,0.0,0,0,0,0,2,0,0.053763440860215055,0.008329250367466935,,0.7627490415844935,6.705,0.279305
2026-08-07,5,SH020,普陀区第2支行,小微专营支行,普陀区,0,5,13,102,204,125,8.02,19.12,1,0,2,4.598,0.28595000000000004,431,0.7633410672853829,0.00980392156862745,0.0,0.0196078431372549,7.846153846153846,20.4,0.5439999999999999,96.5,7.26,0.0,0.0,0.7636745231329285,0.29113500000000003,97.57142857142857,6.6380952380952385,0.005148131620353278,0.0,3.0,644.0,0.004658385093167702,0.05699481865284974,0.10468319559228648,,,-0.0004366465522218089,-0.01780960722688785,0.04538799414348465,0.20817790530846472,-0.09513092580021644,0.0,0,0,0,0,1,0,0.05699481865284974,0.04538799414348465,,0.7636745231329285,7.26,0.29113500000000003
2026-08-08,6,SH020,普陀区第2支行,小微专营支行,普陀区,0,5,14,110,220,135,9.79,29.68,1,0,6,4.525,0.27733,465,0.7634408602150538,0.00909090909090909,0.0,0.05454545454545454,7.857142857142857,22.0,0.5866666666666667,101.5,7.475,0.009615384615384616,0.0,0.7632175073823875,0.276295,98.0,6.712857142857143,0.005614985028383156,0.0,3.0,650.0,0.004615384615384616,0.08374384236453201,0.30969899665551837,-0.05454545454545465,,0.00029264636948949724,0.0037459961273277045,0.12244897959183673,0.45839540327729295,-0.17802370049887328,0.0,0,0,0,0,2,0,0.08374384236453201,0.12244897959183673,,0.7632175073823875,7.475,0.276295
2026-08-09,7,SH020,普陀区第2支行,小微专营支行,普陀区,0,5,12,32,65,40,3.0,8.06,0,0,0,4.712,0.28975,137,0.7664233576642335,0.0,0.0,0.0,2.6666666666666665,6.4,0.1706666666666667,29.5,2.2350000000000003,0.0,0.0,0.7628269302965837,0.28314,98.52380952380952,6.86,0.00604788546128359,0.0,3.0,651.0,0.004608294930875576,0.0847457627118644,0.34228187919463066,,,0.0047146046171332645,0.023345341527159724,-0.6752054132431126,-0.5626822157434402,-0.23803204270711803,0.0,0,0,0,0,2,0,0.0847457627118644,-0.6752054132431126,,0.7628269302965837,2.2350000000000003,0.28314
2026-08-10,1,SH020,普陀区第2支行,小微专营支行,普陀区,0,5,12,112,224,137,9.85,28.09,1,0,2,4.646,0.28876,473,0.7632135306553911,0.008928571428571428,0.0,0.017857142857142856,9.333333333333334,22.4,0.5973333333333333,103.0,8.51,0.0,0.0,0.7633357041251778,0.28991,98.66666666666667,6.856190476190477,0.00604788546128359,0.0,4.0,655.0,0.0061068702290076335,0.08737864077669903,0.15746180963572268,,,-0.0001600520834103127,-0.0039667483011968695,0.1351351351351351,0.43665786914849264,0.0097529571453764,0.0,0,0,0,0,3,0,0.08737864077669903,0.1351351351351351,,0.7633357041251778,8.51,0.28991
2026-08-11,2,SH020,普陀区第2支行,小微专营支行,普陀区,0,5,13,104,209,128,8.68,20.87,1,0,0,4.58,0.2651,441,0.764172335600907,0.009615384615384616,0.0,0.0,8.0,20.8,0.5546666666666666,96.0,7.285,0.0,0.0,0.763541268483293,0.28122,99.28571428571429,6.9471428571428575,0.005992055048310319,0.0,5.0,657.0,0.0076103500761035,0.08333333333333333,0.1914893617021276,,,0.0008265003394873851,-0.05732166986700812,0.04748201438848915,0.249434505449311,0.27007345806169114,0.0,0,0,0,1,4,0,0.08333333333333333,0.04748201438848915,,0.763541268483293,7.285,0.28122
2026-08-12,3,SH020,普陀区第2支行,小微专营支行,普陀区,0,5,13,100,200,123,7.66,15.89,1,0,2,4.596,0.29465,423,0.7635933806146572,0.01,0.0,0.02,7.6923076923076925,20.0,0.5333333333333333,96.0,7.16,0.008425124573826385,0.0,0.7632583366813982,0.2811,99.85714285714286,7.036666666666666,0.005932332162500477,0.0,6.0,658.0,0.00911854103343465,0.041666666666666664,0.06983240223463687,0.18692607003891032,,0.0004389653111628705,0.0482034863038065,0.0014306151645207031,0.0885836096636666,0.5370921222305911,0.0,0,0,0,1,4,0,0.041666666666666664,0.0014306151645207031,,0.7632583366813982,7.16,0.2811
2026-08-13,4,SH020,普陀区第2支行,小微专营支行,普陀区,0,5,14,98,195,120,6.8,14.61,0,0,2,4.617,0.27231,413,0.7627118644067796,0.0,0.0,0.02040816326530612,7.0,19.6,0.5226666666666667,95.0,6.755,0.010990338164251209,0.0,0.7627794629816874,0.282065,96.80952380952381,7.077142857142857,0.006118162592233346,0.0,5.0,658.0,0.007598784194528876,0.031578947368421054,0.006661732050333076,-1.0,,-8.862138821036006e-05,-0.034584227039866744,0.012297097884899157,-0.03916027452563591,0.24200429131698684,0.0,0,0,0,0,3,0,0.031578947368421054,0.012297097884899157,,0.7627794629816874,6.755,0.282065
2026-08-14,5,SH020,普陀区第2支行,小微专营支行,普陀区,0,5,13,101,201,123,7.49,22.17,0,0,1,4.58,0.28814,425,0.7623529411764706,0.0,0.0,0.009900990099009901,7.769230769230769,20.2,0.5386666666666666,99.0,7.26,0.0029940119760479044,0.0,0.7633499229556686,0.288185,93.80952380952381,7.095714285714285,0.005526621628021574,0.0,4.0,657.0,0.0060882800608828,0.020202020202020204,0.03168044077134992,-1.0,,-0.001306061282272438,-0.0001561496955081536,0.07664974619289339,0.05556674048721573,0.10162780640046994,0.0,0,0,0,0,2,0,0.020202020202020204,0.07664974619289339,,0.7633499229556686,7.26,0.288185
2026-08-15,6,SH020,普陀区第2支行,小微专营支行,普陀区,0,5,13,107,214,131,8.5,20.87,0,0,0,4.524,0.29582,452,0.7632743362831859,0.0,0.0,0.0,8.23076923076923,21.4,0.5706666666666667,101.5,7.475,0.009353146853146853,0.0,0.7630763623109167,0.276045,90.66666666666667,7.090000000000001,0.005241477630302725,0.0,3.0,654.0,0.0045871559633027525,0.054187192118226604,0.13712374581939804,-1.0,,0.00025944188818747237,0.07163687080005088,0.18014705882352935,0.19887165021156547,-0.12483534475414369,0.0,0,0,0,0,2,0,0.054187192118226604,0.18014705882352935,,0.7630763623109167,7.475,0.276045
2026-08-16,7,SH020,普陀区第2支行,小微专营支行,普陀区,0,5,13,31,62,38,2.55,5.5600000000000005,0,0,0,4.511,0.28198,131,0.7633587786259542,0.0,0.0,0.0,2.3846153846153846,6.2,0.16533333333333333,30.0,2.79,0.0,0.0,0.7628269302965837,0.28961000000000003,91.0952380952381,7.132857142857143,0.00475556898112877,0.0,3.0,653.0,0.004594180704441042,0.03333333333333333,-0.08602150537634416,,,0.0006972070704999987,-0.0263457753530611,-0.6596968112911658,-0.6424994992990186,-0.033936691346115586,0.0,0,0,0,0,1,0,0.03333333333333333,-0.6596968112911658,,0.7628269302965837,2.79,0.28961000000000003
2026-08-17,1,SH020,普陀区第2支行,小微专营支行,普陀区,0,5,14,107,214,131,8.46,20.06,1,0,3,4.561,0.29307,452,0.7632743362831859,0.009345794392523364,0.0,0.028037383177570093,7.642857142857143,21.4,0.5706666666666667,104.5,8.51,0.004464285714285714,0.0,0.7631857126961166,0.29076500000000005,91.19047619047619,7.177142857142857,0.00475556898112877,0.0,3.0,648.0,0.004629629629629629,0.023923444976076555,-0.005875440658049229,1.0934579439252337,,0.00011612322609684373,0.007927364022492204,0.17336814621409924,0.17874203821656065,-0.026482499149712294,0.0,0,0,0,0,1,0,0.023923444976076555,0.17336814621409924,,0.7631857126961166,8.51,0.29076500000000005
2026-08-18,2,SH020,普陀区第2支行,小微专营支行,普陀区,0,5,12,99,198,121,7.95,24.04,0,0,1,4.578,0.27791000000000005,418,0.7631578947368421,0.0,0.0,0.010101010101010102,8.25,19.8,0.528,98.5,8.01,0.004807692307692308,0.0,0.7635974167146237,0.27392,91.47619047619048,7.1795238095238085,0.005200606809344168,0.0,2.0,643.0,0.003110419906687403,0.005076142131979695,-0.007490636704119802,-1.0,,-0.000575593851106206,0.014566296728972142,0.08224882873503377,0.10731577900112772,-0.4019121189668157,0.0,0,0,0,0,1,0,0.005076142131979695,0.08224882873503377,,0.7635974167146237,8.01,0.27392
2026-08-19,3,SH020,普陀区第2支行,小微专营支行,普陀区,0,5,12,95,189,116,7.23,16.76,0,0,2,4.619,0.27546000000000004,400,0.7625,0.0,0.0,0.021052631578947368,7.916666666666667,19.0,0.5066666666666667,99.5,7.16,0.008048780487804878,0.0,0.7633756376757497,0.2811,91.66666666666667,7.188095238095239,0.005200606809344168,0.0,1.0,638.0,0.001567398119122257,-0.04522613065326633,0.009776536312849202,-1.0,,-0.001147060022004073,-0.020064034151547415,0.03636363636363631,0.0058297449486584005,-0.6986124549339048,0.0,0,0,0,0,1,0,-0.04522613065326633,0.03636363636363631,,0.7633756376757497,7.16,0.2811
2026-08-20,4,SH020,普陀区第2支行,小微专营支行,普陀区,0,5,13,92,185,113,7.01,14.68,0,0,2,4.625,0.28624000000000005,390,0.764102564102564,0.0,0.0,0.021739130434782608,7.076923076923077,18.4,0.49066666666666664,98.0,6.885,0.010536823425022181,0.0,0.7624928831077826,0.282065,91.80952380952381,7.208571428571428,0.004165410121973568,0.0,1.0,632.0,0.0015822784810126582,-0.061224489795918366,0.01815541031227306,-1.0,,0.0021110767463437276,0.01480155283356687,0.0020746887966804906,-0.027546571541815276,-0.6201386094815134,0.0,0,0,0,0,0,0,-0.061224489795918366,0.0020746887966804906,,0.7624928831077826,6.885,0.282065
2026-08-21,5,SH020,普陀区第2支行,小微专营支行,普陀区,0,5,12,95,191,117,7.41,20.88,2,1,4,4.446,0.28092,403,0.7642679900744417,0.021052631578947368,105.26315789473684,0.042105263157894736,7.916666666666667,19.0,0.5066666666666667,101.5,7.550000000000001,0.0029940119760479044,0.0,0.7628470042309268,0.287045,91.80952380952381,7.198571428571428,0.003647811778288268,0.0,3.0,626.0,0.004792332268370607,-0.06403940886699508,-0.01854304635761597,6.031578947368421,,0.001862740281647293,-0.02133811771673428,0.034751037344398335,0.029370906925977422,0.3137553579092296,105.26315789473684,0,0,0,0,0,0,-0.06403940886699508,0.034751037344398335,,0.7628470042309268,7.550000000000001,0.287045
2026-08-22,6,SH020,普陀区第2支行,小微专营支行,普陀区,0,5,13,102,204,125,7.41,21.55,1,0,4,4.5760000000000005,0.29174,431,0.7633410672853829,0.00980392156862745,0.0,0.0392156862745098,7.846153846153846,20.4,0.5439999999999999,105.5,8.05,0.009353146853146853,0.0,0.7629931003449828,0.27758000000000005,91.76190476190476,7.222380952380952,0.004650318043952429,5.012531328320802,4.0,621.0,0.00644122383252818,-0.03317535545023697,-0.07950310559006217,0.04819497892614988,,0.0004560551599257415,0.051012320772389756,0.11157239231966791,0.025977451045032032,0.38511468928555537,0.0,0,0,0,0,0,0,-0.03317535545023697,0.11157239231966791,,0.7629931003449828,8.05,0.27758000000000005
2026-08-23,7,SH020,普陀区第2支行,小微专营支行,普陀区,0,5,13,30,60,37,3.07,9.72,0,0,0,4.651,0.26403000000000004,127,0.7637795275590551,0.0,0.0,0.0,2.3076923076923075,6.0,0.16,31.0,2.565,0.0,0.0,0.7633587786259542,0.285725,91.66666666666667,7.225238095238096,0.004659295994106849,5.012531328320802,4.0,620.0,0.0064516129032258064,-0.03225806451612903,0.19688109161793368,,,0.0005511811023621072,-0.07592965263802595,-0.6727272727272727,-0.5751005074803928,0.38467547702183086,0.0,0,0,0,0,1,0,-0.03225806451612903,-0.6727272727272727,,0.7633587786259542,2.565,0.285725
2026-08-24,1,SH020,普陀区第2支行,小微专营支行,普陀区,0,5,14,104,208,128,8.89,28.44,3,0,7,4.558,0.29401000000000005,440,0.7636363636363637,0.028846153846153848,0.0,0.0673076923076923,7.428571428571429,20.8,0.5546666666666666,107.5,8.535,0.004464285714285714,0.0,0.7631857126961166,0.29076500000000005,91.61904761904762,7.248571428571428,0.004659295994106849,5.012531328320802,6.0,617.0,0.009724473257698542,-0.03255813953488372,0.04159343878148804,5.461538461538463,,0.0005904866047021223,0.011160215294137868,0.13513513513513511,0.22644856129286572,1.0871121452679138,0.0,0,0,0,0,1,0,-0.03255813953488372,0.13513513513513511,,0.7631857126961166,8.535,0.29076500000000005
2026-08-25,2,SH020,普陀区第2支行,小微专营支行,普陀区,0,5,12,97,195,119,6.83,18.18,0,0,2,4.661,0.28689000000000003,411,0.7639902676399026,0.0,0.0,0.020618556701030927,8.083333333333334,19.4,0.5173333333333333,100.5,8.1,0.0,0.0,0.7631250820317628,0.275305,91.42857142857143,7.261904761904762,0.006032922367733222,5.012531328320802,6.0,615.0,0.00975609756097561,-0.03482587064676617,-0.15679012345679008,,,0.0011337402327759574,0.042080601514683756,0.06093749999999998,-0.05947540983606556,0.6171428979685866,0.0,0,0,0,0,1,1,-0.03482587064676617,0.06093749999999998,,0.7631250820317628,8.1,0.275305
2026-08-26,3,SH020,普陀区第2支行,小微专营支行,普陀区,0,5,13,94,189,116,6.86,16.74,0,0,2,4.601,0.27961,399,0.7644110275689223,0.0,0.0,0.02127659574468085,7.230769230769231,18.8,0.5013333333333333,97.0,7.37,0.005,0.0,0.7633756376757497,0.28275500000000003,91.19047619047619,7.194285714285715,0.006032922367733222,5.012531328320802,6.0,614.0,0.009771986970684038,-0.030927835051546393,-0.06919945725915873,-1.0,,0.0013563308050085236,-0.011122703400470403,0.030809399477806795,-0.04646544876886421,0.6197766811900337,0.0,0,0,0,0,1,1,-0.030927835051546393,0.030809399477806795,,0.7633756376757497,7.37,0.28275500000000003
2026-08-27,4,SH020,普陀区第2支行,小微专营支行,普陀区,0,5,13,93,187,115,7.57,19.98,0,0,0,4.562,0.28040000000000004,395,0.7645569620253164,0.0,0.0,0.0,7.153846153846154,18.6,0.49600000000000005,95.0,6.99,0.00510204081632653,0.0,0.7629984442806845,0.28886500000000004,90.95238095238095,7.163333333333332,0.006032922367733222,5.012531328320802,6.0,615.0,0.00975609756097561,-0.021052631578947368,0.08297567954220315,-1.0,,0.002042622440863799,-0.02930434632094577,0.022513089005235642,0.056770590972545575,0.6171428979685866,0.0,0,0,0,0,1,1,-0.021052631578947368,0.022513089005235642,,0.7629984442806845,6.99,0.28886500000000004
2026-08-28,5,SH020,普陀区第2支行,小微专营支行,普陀区,0,5,13,98,196,120,7.32,18.23,0,0,3,4.541,0.27639,414,0.7632850241545893,0.0,0.0,0.030612244897959183,7.538461538461538,19.6,0.5226666666666667,98.5,7.45,0.004901960784313725,0.0,0.7637344157065735,0.287045,90.71428571428571,7.191904761904762,0.005547013718559268,5.012531328320802,4.0,618.0,0.006472491909385114,-0.005076142131979695,-0.017449664429530186,-1.0,,-0.0005884133839489798,-0.03711961539131485,0.08031496062992133,0.017811030921009156,0.16684259996137554,0.0,0,0,0,0,0,1,-0.005076142131979695,0.08031496062992133,,0.7637344157065735,7.45,0.287045
2026-08-29,6,SH020,普陀区第2支行,小微专营支行,普陀区,0,5,14,106,213,130,8.87,20.68,1,0,5,4.449,0.29425,449,0.7639198218262806,0.009433962264150943,0.0,0.04716981132075472,7.571428571428571,21.2,0.5653333333333334,105.5,7.955,0.009353146853146853,0.0,0.7633077017842844,0.284535,90.52380952380952,7.158571428571429,0.005080160310529388,5.012531328320802,4.0,622.0,0.006430868167202572,0.004739336492890996,0.11502199874292887,0.00864045141950269,,0.0008019309127437143,0.03414342699492164,0.17096265123619156,0.23907403711833944,0.26587898296706136,0.0,0,0,0,0,0,1,0.004739336492890996,0.17096265123619156,,0.7633077017842844,7.955,0.284535
2026-08-30,7,SH020,普陀区第2支行,小微专营支行,普陀区,0,5,13,32,63,39,2.67,6.49,1,0,1,4.492,0.26892000000000005,134,0.7611940298507462,0.03125,0.0,0.03125,2.4615384615384617,6.4,0.1706666666666667,31.0,2.79,0.0,0.0,0.7635691530925046,0.285725,90.33333333333333,7.114761904761906,0.0050964961759218585,5.012531328320802,5.0,624.0,0.008012820512820512,0.03225806451612903,-0.04301075268817208,,,-0.0031105542073549815,-0.058815294426458865,-0.6457564575645757,-0.6247239140619771,0.5722214313976497,0.0,0,0,0,0,0,0,0.03225806451612903,-0.6457564575645757,,0.7635691530925046,2.79,0.285725
2026-08-31,1,SH020,普陀区第2支行,小微专营支行,普陀区,0,5,12,111,222,136,9.36,24.58,0,0,2,4.517,0.27196000000000004,469,0.7633262260127932,0.0,0.0,0.018018018018018018,9.25,22.2,0.592,107.5,8.75,0.009137182910547395,0.0,0.7632439334692884,0.29091500000000003,90.33333333333333,7.09904761904762,0.0065845914140170965,5.012531328320802,2.0,631.0,0.003169572107765452,0.03255813953488372,0.06971428571428565,-1.0,,0.0001078194531212633,-0.065156489008817,0.2287822878228783,0.31848671854038074,-0.5186379976412577,0.0,0,0,0,0,0,0,0.03255813953488372,0.2287822878228783,,0.7632439334692884,8.75,0.29091500000000003
2026-09-01,2,SH020,普陀区第2支行,小微专营支行,普陀区,0,5,14,103,207,127,7.39,19.53,1,0,3,4.398,0.29195000000000004,437,0.7643020594965675,0.009708737864077669,0.0,0.02912621359223301,7.357142857142857,20.6,0.5493333333333333,100.5,8.1,0.0,0.0,0.7635740811883724,0.28240000000000004,90.28571428571429,7.075714285714286,0.006159421345989886,5.012531328320802,3.0,637.0,0.004709576138147566,0.024875621890547265,-0.08765432098765433,,,0.000953382685622421,0.0338172804532578,0.1408227848101265,0.04441752473248533,-0.23538659338287463,0.0,0,0,0,0,0,0,0.024875621890547265,0.1408227848101265,,0.7635740811883724,8.1,0.28240000000000004
2026-09-02,3,SH020,普陀区第2支行,小微专营支行,普陀区,0,5,13,101,202,124,8.15,16.85,0,0,1,4.632,0.31102,427,0.7634660421545667,0.0,0.0,0.009900990099009901,7.769230769230769,20.2,0.5386666666666666,97.0,7.37,0.0,0.0,0.7633756376757497,0.27753500000000003,90.23809523809524,7.014285714285715,0.006163866738784792,5.012531328320802,3.0,644.0,0.004658385093167702,0.041237113402061855,0.1058344640434193,,,0.00011842725174238536,0.12065144936674647,0.11926121372031659,0.1619144602851323,-0.2442430554418339,0.0,0,0,0,0,0,0,0.041237113402061855,0.11926121372031659,,0.7633756376757497,7.37,0.27753500000000003
2026-09-03,4,SH020,普陀区第2支行,小微专营支行,普陀区,0,5,12,100,200,123,7.68,16.59,0,0,4,4.445,0.29687,423,0.7635933806146572,0.0,0.0,0.04,8.333333333333334,20.0,0.5333333333333333,95.5,6.99,0.0,0.0,0.7636937941285766,0.28332,90.28571428571429,7.037619047619048,0.005687676262594316,5.012531328320802,3.0,651.0,0.004608294930875576,0.04712041884816754,0.09871244635193126,,,-0.0001314839988113386,0.04782578003670763,0.10759493670886068,0.09127816496379994,-0.18977545167565543,0.0,0,0,0,0,0,0,0.04712041884816754,0.10759493670886068,,0.7636937941285766,6.99,0.28332
2026-09-04,5,SH020,普陀区第2支行,小微专营支行,普陀区,0,5,13,105,210,129,8.68,24.29,0,0,2,4.6690000000000005,0.26494,444,0.7635135135135135,0.0,0.0,0.01904761904761905,8.076923076923077,21.0,0.56,99.5,7.45,0.004901960784313725,0.0,0.7633130457199861,0.283435,90.38095238095238,7.079523809523811,0.005687676262594317,5.012531328320802,3.0,658.0,0.004559270516717325,0.05527638190954774,0.16510067114093954,-1.0,,0.0002626285436249134,-0.06525305625628446,0.1617492096944152,0.22607116432366964,-0.19839486176421245,0.0,0,0,0,0,1,0,0.05527638190954774,0.1617492096944152,,0.7633130457199861,7.45,0.283435
2026-09-05,6,SH020,普陀区第2支行,小微专营支行,普陀区,0,5,14,114,228,140,9.42,26.18,0,0,1,4.59,0.28264,482,0.7634854771784232,0.0,0.0,0.008771929824561403,8.142857142857142,22.8,0.608,106.5,8.684999999999999,0.009262435677530018,0.0,0.7633909637502183,0.292995,90.57142857142857,7.136190476190476,0.005687676262594317,5.012531328320802,2.0,666.0,0.003003003003003003,0.07042253521126761,0.08462867012089825,-1.0,,0.00012380737091853179,-0.035341900032423774,0.2586750788643533,0.3200320298945682,-0.4720158348757275,0.0,0,0,0,0,1,0,0.07042253521126761,0.2586750788643533,,0.7633909637502183,8.684999999999999,0.292995
2026-09-06,7,SH020,普陀区第2支行,小微专营支行,普陀区,0,5,13,34,67,41,3.33,9.08,0,0,0,4.401,0.27594,142,0.7605633802816901,0.0,0.0,0.0,2.6153846153846154,6.8,0.18133333333333332,31.5,2.835,0.0,0.0,0.7635691530925046,0.27545000000000003,90.9047619047619,7.18,0.005687676262594317,5.012531328320802,1.0,668.0,0.0014970059880239522,0.07936507936507936,0.17460317460317465,,,-0.003936477526155835,0.001778907242693739,-0.6259821896280775,-0.5362116991643454,-0.7367983128946367,0.0,0,0,0,0,2,0,0.07936507936507936,-0.6259821896280775,,0.7635691530925046,2.835,0.27545000000000003
2026-09-07,1,SH020,普陀区第2支行,小微专营支行,普陀区,0,5,13,117,235,144,10.38,30.82,0,0,4,4.558,0.30026,496,0.7641129032258065,0.0,0.0,0.03418803418803419,9.0,23.4,0.624,109.0,9.125,0.009137182910547395,0.0,0.7633002811479895,0.29091500000000003,91.04761904761905,7.217142857142857,0.005687676262594317,5.012531328320802,1.0,674.0,0.001483679525222552,0.07339449541284404,0.13753424657534255,-1.0,,0.0010646165053087517,0.032122785005929536,0.28504184100418406,0.43824228028503576,-0.7391413546196102,0.0,0,0,0,0,3,0,0.07339449541284404,0.28504184100418406,,0.7633002811479895,9.125,0.29091500000000003
2026-09-08,2,SH020,普陀区第2支行,小微专营支行,普陀区,0,5,11,110,220,135,8.36,20.29,1,0,2,4.64,0.28031,465,0.7634408602150538,0.00909090909090909,0.0,0.01818181818181818,10.0,22.0,0.5866666666666667,101.0,7.67,0.004807692307692308,0.0,0.7640813016204049,0.28240000000000004,91.52380952380952,7.30857142857143,0.005242638434378918,5.012531328320802,1.0,681.0,0.0014684287812041115,0.0891089108910891,0.089960886571056,0.8909090909090908,,-0.000838184894713343,-0.007400849858357068,0.20187304890738822,0.1438623924941358,-0.7199065318762398,0.0,0,0,0,0,3,0,0.0891089108910891,0.20187304890738822,,0.7640813016204049,7.67,0.28240000000000004
2026-09-09,3,SH020,普陀区第2支行,小微专营支行,普陀区,0,5,14,106,212,130,7.95,17.55,0,0,5,4.643,0.29427000000000003,448,0.7633928571428571,0.0,0.0,0.04716981132075472,7.571428571428571,21.2,0.5653333333333334,97.5,7.445,0.0,0.0,0.763529711384612,0.28713,92.04761904761905,7.328095238095237,0.005675538867279352,5.012531328320802,1.0,686.0,0.0014577259475218659,0.08717948717948718,0.06783075889858964,,,-0.00017923892117667183,0.024866785079929076,0.15157785825142261,0.08486581324322585,-0.7431563801058688,0.0,0,0,0,0,2,0,0.08717948717948718,0.15157785825142261,,0.763529711384612,7.445,0.28713
2026-09-10,4,SH020,普陀区第2支行,小微专营支行,普陀区,0,5,13,104,208,127,8.28,16.93,0,0,2,4.586,0.2914,439,0.7630979498861048,0.0,0.0,0.019230769230769232,8.0,20.8,0.5546666666666666,95.5,7.29,0.0,0.0,0.7638479723586107,0.28332,92.57142857142857,7.362380952380953,0.005675538867279352,5.012531328320802,1.0,690.0,0.0014492753623188406,0.08900523560209424,0.13580246913580238,,,-0.0009819001943409816,0.028518989128900097,0.12345679012345681,0.1246361813595497,-0.7446453286269942,0.0,0,0,0,0,3,0,0.08900523560209424,0.12345679012345681,,0.7638479723586107,7.29,0.28332
2026-09-11,5,SH020,普陀区第2支行,小微专营支行,普陀区,0,5,12,108,215,132,7.95,23.28,2,0,4,4.456,0.2924,455,0.7626373626373626,0.018518518518518517,0.0,0.037037037037037035,9.0,21.6,0.5760000000000001,99.5,7.45,0.0,0.0,0.7633992688340514,0.278655,93.14285714285714,7.422857142857143,0.005675538867279352,5.012531328320802,3.0,693.0,0.004329004329004329,0.08542713567839195,0.06711409395973154,,,-0.0009980441792307175,0.04932622777269386,0.15950920245398778,0.07101616628175526,-0.23725228031439816,0.0,0,0,0,0,2,0,0.08542713567839195,0.15950920245398778,,0.7633992688340514,7.45,0.278655
2026-09-12,6,SH020,普陀区第2支行,小微专营支行,普陀区,0,5,13,115,230,141,8.95,27.89,2,0,5,4.522,0.29631,486,0.7633744855967078,0.017391304347826087,0.0,0.043478260869565216,8.846153846153847,23.0,0.6133333333333333,106.5,8.684999999999999,0.0047169811320754715,0.0,0.763413272231903,0.292995,93.76190476190476,7.448571428571429,0.005554866816782739,0.0,5.0,694.0,0.007204610951008645,0.07981220657276995,0.0305123776626368,2.686956521739131,,-5.080686517512475e-05,0.01131418624891214,0.22651091924834946,0.20157268891446087,0.2969907629903183,0.0,0,0,0,0,1,0,0.07981220657276995,0.22651091924834946,,0.763413272231903,8.684999999999999,0.292995
2026-09-13,7,SH020,普陀区第2支行,小微专营支行,普陀区,0,5,14,34,67,41,2.8,7.51,1,0,4,4.531,0.27738,142,0.7605633802816901,0.029411764705882353,0.0,0.11764705882352941,2.4285714285714284,6.8,0.18133333333333332,31.5,2.87,0.0,0.0,0.7622764042383503,0.27243000000000006,94.38095238095238,7.521904761904761,0.0059161707586493405,0.0,6.0,694.0,0.008645533141210375,0.07936507936507936,-0.024390243902439122,,,-0.0022472477793298497,0.018169805087545253,-0.6397578203834511,-0.6277538617371486,0.4613393517370596,0.0,0,0,0,0,1,0,0.07936507936507936,-0.6397578203834511,,0.7622764042383503,2.87,0.27243000000000006
2026-09-14,1,SH020,普陀区第2支行,小微专营支行,普陀区,0,5,13,115,231,142,10.32,27.68,1,0,5,4.442,0.28783000000000003,488,0.764344262295082,0.008695652173913044,0.0,0.043478260869565216,8.846153846153847,23.0,0.6133333333333333,109.0,9.125,0.004672897196261682,0.0,0.7634812948245784,0.29354,94.57142857142857,7.509047619047619,0.007316730982738977,0.0,7.0,692.0,0.010115606936416185,0.05504587155963303,0.13095890410958907,0.8608695652173914,,0.0011303059765228544,-0.01945220412890915,0.21601208459214505,0.3743420635423933,0.38253093632663054,0.0,0,0,0,0,2,0,0.05504587155963303,0.21601208459214505,,0.7634812948245784,9.125,0.29354
2026-09-15,2,SH020,普陀区第2支行,小微专营支行,普陀区,0,5,12,107,214,131,8.25,23.88,1,0,4,4.48,0.29706000000000005,452,0.7632743362831859,0.009345794392523364,0.0,0.037383177570093455,8.916666666666666,21.4,0.5706666666666667,101.0,7.67,0.004545454545454545,0.0,0.7637155639274782,0.2836,95.0952380952381,7.577142857142857,0.006357183284060842,0.0,7.0,689.0,0.010159651669085631,0.0594059405940594,0.07561929595827901,1.0560747663551402,,-0.0005777381856974029,0.04746121297602266,0.12518778167250869,0.08880090497737553,0.598137290544791,0.0,0,0,0,0,1,0,0.0594059405940594,0.12518778167250869,,0.7637155639274782,7.67,0.2836
2026-09-16,3,SH020,普陀区第2支行,小微专营支行,普陀区,0,5,13,102,204,125,8.11,18.22,2,0,4,4.503,0.28176,431,0.7633410672853829,0.0196078431372549,0.0,0.0392156862745098,7.846153846153846,20.4,0.5439999999999999,98.0,7.59,0.0,0.0,0.763429449648712,0.28694000000000003,95.57142857142857,7.644761904761904,0.006802221112276241,0.0,9.0,685.0,0.013138686131386862,0.04081632653061224,0.0685111989459815,,,-0.00011577017806917938,-0.01805255454101909,0.06726457399103142,0.06085710726298739,0.931528821913029,0.0,0,0,0,0,1,0,0.04081632653061224,0.06726457399103142,,0.763429449648712,7.59,0.28694000000000003
2026-09-17,4,SH020,普陀区第2支行,小微专营支行,普陀区,0,5,12,99,199,122,7.06,17.04,3,0,11,4.495,0.28434000000000004,420,0.7642857142857142,0.030303030303030304,0.0,0.1111111111111111,8.25,19.8,0.528,96.5,7.625,0.0,0.0,0.7638479723586107,0.28882,95.95238095238095,7.7042857142857155,0.0077359279283359976,0.0,12.0,680.0,0.01764705882352941,0.025906735751295335,-0.07409836065573776,,,0.0005730746731602783,-0.015511391177896211,0.03176178660049631,-0.08362692379009848,1.2811819069422616,0.0,0,0,0,0,1,0,0.025906735751295335,0.03176178660049631,,0.7638479723586107,7.625,0.28882
2026-09-18,5,SH020,普陀区第2支行,小微专营支行,普陀区,0,5,14,102,204,125,8.33,17.01,0,0,2,4.65,0.30407,431,0.7633410672853829,0.0,0.0,0.0196078431372549,7.285714285714286,20.4,0.5439999999999999,101.5,7.68,0.009259259259259259,0.0,0.7633992688340514,0.278655,96.23809523809524,7.68,0.00917892937133744,0.0,10.0,674.0,0.01483679525222552,0.0049261083743842365,0.08463541666666671,-1.0,,-7.623998482134637e-05,0.09120597154187085,0.05987135081642748,0.08463541666666671,0.6163971474228355,0.0,0,0,0,0,1,0,0.0049261083743842365,0.05987135081642748,,0.7633992688340514,7.68,0.278655
2026-09-19,6,SH020,普陀区第2支行,小微专营支行,普陀区,0,5,13,109,218,134,8.69,23.55,0,0,2,4.703,0.30066000000000004,461,0.7635574837310195,0.0,0.0,0.01834862385321101,8.384615384615385,21.8,0.5813333333333334,110.0,8.91,0.009618941916389196,0.0,0.7634299813875656,0.292995,96.42857142857143,7.7280952380952375,0.00917892937133744,0.0,8.0,668.0,0.011976047904191617,-0.00909090909090909,-0.02469135802469143,-1.0,,0.00016701249173132124,0.02616085598730365,0.13037037037037036,0.124468543964508,0.30473254774010916,0.0,0,0,0,0,0,0,-0.00909090909090909,0.13037037037037036,,0.7634299813875656,8.91,0.292995
